SNP,CHR,POS,effect_allele,other_allele,BETA,SE,P,best_PC,category,nearest_gene
rs910663,1,11103967,G,A,-0.0432544,0.00868638,6.397e-07,JEPA_13,suggestive,
rs6691985,1,17289911,T,C,-0.0811028,0.0157361,2.562e-07,JEPA_3,suggestive,
rs6426749,1,22711473,C,G,-0.062359,0.00951524,5.680e-11,JEPA_12,genome-wide,
rs11207160,1,58520774,C,T,-0.0843452,0.0168236,5.366e-07,JEPA_5,suggestive,
rs12407028,1,68647716,C,T,0.0517816,0.00849068,1.079e-09,JEPA_11,genome-wide,"GNG12, DIRAS3 and WLS antisense RNA 1"
rs6679677,1,114303808,A,C,-0.0687128,0.0138352,6.843e-07,JEPA_11,suggestive,PHTF1
rs75990303,1,119780123,T,C,-0.0979083,0.016957,7.797e-09,JEPA_14,genome-wide,LOC101929147
rs11205303,1,149906413,C,T,0.0328352,0.00662833,7.307e-07,JEPA_15,suggestive,
rs3737240,1,150483355,T,C,0.0384379,0.00745542,2.538e-07,JEPA_12,suggestive,
rs2819348,1,201884952,C,T,-0.135751,0.0276615,9.254e-07,JEPA_0,suggestive,
rs2605100,1,219644224,A,G,0.0914692,0.0154534,3.263e-09,JEPA_3,genome-wide,LYPLAL1 antisense RNA 1
rs1414660,1,240586695,T,C,-0.0522328,0.010665,9.737e-07,JEPA_11,suggestive,FMN2
rs12105038,2,19780684,T,C,0.0788681,0.0157588,5.617e-07,JEPA_5,suggestive,
rs10189068,2,42247361,A,G,-0.0582615,0.00899832,9.603e-11,JEPA_12,genome-wide,
rs3791679,2,56096892,G,A,0.0615594,0.00995154,6.230e-10,JEPA_11,genome-wide,EFEMP1
rs772160,2,97039666,C,A,0.107932,0.0219161,8.475e-07,JEPA_2,suggestive,
rs4850910,2,100272614,C,A,-0.0630528,0.0121992,2.369e-07,JEPA_10,suggestive,
rs77840913,2,162996252,C,T,-0.365865,0.0708633,2.441e-07,JEPA_0,suggestive,
rs1128249,2,165528624,T,G,0.0737768,0.00952499,9.719e-15,JEPA_10,genome-wide,cordon-bleu WH2 repeat protein like 1
rs744158,2,166640575,A,C,0.0357926,0.00730612,9.668e-07,JEPA_12,suggestive,GALNT3
rs268201,2,176112421,A,G,0.0670682,0.0133798,5.390e-07,JEPA_12,suggestive,
rs13417165,2,188184804,A,G,0.0579262,0.0116775,7.058e-07,JEPA_10,suggestive,
rs3116191,2,233049441,G,A,-0.0343948,0.00690605,6.370e-07,JEPA_14,suggestive,
rs1562502,3,35735596,T,C,0.098774,0.0164967,2.148e-09,JEPA_1,genome-wide,ARPP21
rs10490823,3,41123735,C,T,0.0480273,0.00843462,1.249e-08,JEPA_11,genome-wide,
rs7614981,3,52566914,C,A,0.0352133,0.00664784,1.183e-07,JEPA_14,suggestive,
rs1080500,3,53175017,A,G,-0.0377674,0.00695682,5.703e-08,JEPA_14,suggestive,
rs7433808,3,64727086,T,A,0.0584849,0.0110718,1.282e-07,JEPA_10,suggestive,
rs71336078,3,136489602,A,G,0.0413515,0.00838559,8.200e-07,JEPA_17,suggestive,
rs11927894,3,157694984,G,A,0.0936955,0.0190771,9.076e-07,JEPA_6,suggestive,
rs77289163,3,189459586,A,G,0.0738451,0.0141308,1.742e-07,JEPA_18,suggestive,
rs6831280,4,996165,A,G,0.0621281,0.0117621,1.284e-07,JEPA_11,suggestive,IDUA
rs74733606,4,7139620,T,C,-0.144086,0.0282557,3.423e-07,JEPA_14,suggestive,
rs4693186,4,88782841,G,A,0.0526426,0.00873107,1.660e-09,JEPA_11,genome-wide,
rs13107325,4,103188709,T,C,-0.29667,0.0513581,7.680e-09,JEPA_0,genome-wide,SLC39A8
Affx-26452549,5,32786389,G,A,0.0830093,0.0143534,7.378e-09,JEPA_8,genome-wide,
rs9687846,5,55861894,A,G,-0.0778346,0.0116409,2.317e-11,JEPA_10,genome-wide,AC022431.2
rs10043473,5,67799515,G,A,0.0353279,0.00672438,1.498e-07,JEPA_14,suggestive,
rs61749613,5,82815170,G,A,0.164129,0.029356,2.272e-08,JEPA_8,genome-wide,VCAN
rs55740951,5,88153874,T,C,0.067135,0.0131734,3.479e-07,JEPA_6,suggestive,
rs115169643,5,163635872,G,T,0.119651,0.0243139,8.638e-07,JEPA_14,suggestive,
rs57354221,5,177117072,G,A,-0.0540001,0.0107739,5.404e-07,JEPA_15,suggestive,
Affx-27788500,6,13711279,G,A,-0.131207,0.0264445,7.018e-07,JEPA_0,suggestive,
rs45462992,6,31869122,A,G,-0.11053,0.0214369,2.533e-07,JEPA_18,suggestive,
Affx-28507878,6,32823948,A,G,-0.102367,0.0191797,9.483e-08,JEPA_18,suggestive,
rs114344942,6,34207990,T,C,-0.130265,0.0221262,3.953e-09,JEPA_10,genome-wide,HMGA1
rs72894778,6,35457727,T,C,0.22997,0.0469013,9.460e-07,JEPA_0,suggestive,
rs4711750,6,43757082,T,A,0.0917196,0.0119234,1.475e-14,JEPA_8,genome-wide,RNA polymerase I and III subunit C
rs476142,6,44566567,C,T,0.027842,0.00548496,3.869e-07,JEPA_19,suggestive,
rs283552,6,50963997,G,A,-0.133062,0.0263929,4.635e-07,JEPA_0,suggestive,
rs9482094,6,98364895,A,G,-0.034301,0.00684926,5.522e-07,JEPA_14,suggestive,
rs72961013,6,127529780,A,G,-0.179481,0.0190858,5.505e-21,JEPA_10,genome-wide,uncharacterized LOC105377989
rs262129,6,142853144,G,A,0.0366637,0.0071285,2.712e-07,JEPA_15,suggestive,LOC153910
rs4869742,6,151907748,T,C,0.0484996,0.00806026,1.790e-09,JEPA_12,genome-wide,CCDC170
rs62432291,6,159621087,T,C,0.097653,0.0175258,2.534e-08,JEPA_11,genome-wide,FNDC1
rs10246719,7,20051903,G,A,0.0530571,0.0107627,8.266e-07,JEPA_11,suggestive,
rs1534696,7,26397239,C,A,-0.0471358,0.00940493,5.413e-07,JEPA_10,suggestive,
rs1524068,7,38110626,T,C,0.0659982,0.00877102,5.392e-14,JEPA_11,genome-wide,
rs2960436,7,45977282,A,G,-0.0364206,0.00665102,4.376e-08,JEPA_14,genome-wide,
rs2057932,7,77421594,A,C,0.0545261,0.00935197,5.568e-09,JEPA_10,genome-wide,RSBN1L-TMEM60
rs12704872,7,96334616,C,T,0.0429126,0.00843797,3.679e-07,JEPA_11,suggestive,SEM1 26S proteasome subunit
rs917727,7,121018579,T,C,-0.068608,0.00821123,6.714e-17,JEPA_12,genome-wide,FAM3 metabolism regulating signaling molecule C
rs12548347,8,72530375,T,C,0.0980735,0.0155397,2.797e-10,JEPA_13,genome-wide,
rs2062375,8,119977792,G,C,-0.0860202,0.00844638,2.484e-24,JEPA_11,genome-wide,collectin subfamily member 10
rs9410411,9,91536651,T,G,-0.163354,0.0329431,7.125e-07,JEPA_5,suggestive,
rs12356674,10,21889083,T,G,-0.147902,0.0294383,5.077e-07,JEPA_0,suggestive,
rs72815193,10,94963391,G,A,-0.06873,0.0131785,1.844e-07,JEPA_6,suggestive,
rs505404,11,243268,G,T,0.0364057,0.00644712,1.645e-08,JEPA_18,genome-wide,PSMD13
rs12363505,11,16484699,A,G,-0.0471931,0.00800894,3.831e-09,JEPA_12,genome-wide,SOX6
rs925946,11,27667202,T,G,-0.0999829,0.0174673,1.047e-08,JEPA_1,genome-wide,BDNF antisense RNA
rs7949030,11,62394881,G,A,-0.0658471,0.00960399,7.166e-12,JEPA_10,genome-wide,GANAB
rs35169799,11,64031241,T,C,-0.119153,0.0242117,8.629e-07,JEPA_8,suggestive,
rs599083,11,68192346,G,T,0.0480831,0.00892114,7.091e-08,JEPA_11,suggestive,LDL receptor related protein 5
rs572421,11,72326210,A,G,0.0445003,0.00845057,1.401e-07,JEPA_13,suggestive,
rs11822234,11,74385146,T,C,0.0333946,0.00672153,6.780e-07,JEPA_14,suggestive,
rs611523,11,86854857,T,G,0.0392445,0.00787902,6.354e-07,JEPA_12,suggestive,TMEM135
rs7977125,12,1637130,G,T,0.0722988,0.0137073,1.338e-07,JEPA_12,suggestive,WNT5B
rs2335819,12,3389921,A,G,0.03713,0.00748835,7.136e-07,JEPA_12,suggestive,
rs718314,12,26453283,G,A,-0.0685302,0.0109382,3.758e-10,JEPA_10,genome-wide,RP11-283G6.4
rs7979524,12,28703833,C,A,-0.100795,0.0152769,4.220e-11,JEPA_6,genome-wide,CCDC91
rs28707600,12,122604658,G,A,-0.062322,0.0118839,1.577e-07,JEPA_10,suggestive,
rs11057396,12,124419062,C,A,0.0698469,0.00997084,2.504e-12,JEPA_10,genome-wide,CCDC92
rs9594738,13,42952145,T,C,0.103213,0.00831298,2.463e-35,JEPA_11,genome-wide,
rs8005489,14,91473271,A,G,-0.067107,0.0119482,1.960e-08,JEPA_11,genome-wide,RPS6KA5
rs11627441,14,93099234,A,T,-0.0601999,0.0107458,2.129e-08,JEPA_11,genome-wide,RIN3
rs896994,15,36723698,C,T,0.0294395,0.00579975,3.871e-07,JEPA_19,suggestive,
rs67226117,15,39671752,T,G,0.0610524,0.0119771,3.458e-07,JEPA_7,suggestive,
rs35874463,15,67457698,G,A,0.168218,0.0307901,4.697e-08,JEPA_3,genome-wide,SMAD family member 3
rs117253949,15,73890614,C,T,-0.106703,0.0217459,9.290e-07,JEPA_12,suggestive,
rs62027818,15,84661145,C,T,0.0507403,0.0079899,2.167e-10,JEPA_14,genome-wide,AC027807.1
rs11073663,15,85260268,G,A,-0.033111,0.00665105,6.439e-07,JEPA_14,suggestive,
rs13336428,16,1532463,A,G,0.0460916,0.00746149,6.581e-10,JEPA_12,genome-wide,CLCN7-PTX4
rs35656142,16,24713220,A,G,-0.132252,0.027016,9.850e-07,JEPA_0,suggestive,
rs62036614,16,28824685,C,T,0.0782681,0.0146478,9.172e-08,JEPA_3,suggestive,
rs1421085,16,53800954,C,T,-0.194282,0.0269873,6.163e-13,JEPA_0,genome-wide,FTO
rs17764993,16,84822854,C,A,-0.0324139,0.00651967,6.662e-07,JEPA_15,suggestive,
rs67493690,16,86733566,A,C,0.113459,0.0219323,2.312e-07,JEPA_11,suggestive,
rs216195,17,2203167,G,T,0.0578518,0.00912163,2.286e-10,JEPA_11,genome-wide,SMG6
rs9911277,17,41780484,A,G,-0.048089,0.00861965,2.434e-08,JEPA_11,genome-wide,uncharacterized LINC02594
rs12939187,17,43508223,T,G,0.0612961,0.0108948,1.854e-08,JEPA_11,genome-wide,ARHGAP27
rs10445337,17,44067400,C,T,0.0629324,0.0100983,4.648e-10,JEPA_11,genome-wide,MAPT
rs183211,17,44788310,A,G,0.0652498,0.00985313,3.579e-11,JEPA_11,genome-wide,"N-ethylmaleimide sensitive factor, vesicle fusing ATPase"
rs3810068,18,2846499,C,T,0.0494494,0.00953379,2.150e-07,JEPA_10,suggestive,
rs78410486,18,34021468,G,A,0.0613376,0.0123706,7.136e-07,JEPA_11,suggestive,
rs12970134,18,57884750,A,G,-0.0635702,0.010579,1.880e-09,JEPA_10,genome-wide,
rs3018362,18,60082093,A,G,0.0514856,0.00873853,3.849e-09,JEPA_11,genome-wide,
rs12986413,19,2170954,T,A,-0.0432815,0.00734125,3.760e-09,JEPA_12,genome-wide,DOT1 like histone lysine methyltransferase
rs4420638,19,45422946,G,A,0.210045,0.0339459,6.162e-10,JEPA_0,genome-wide,APOC1
rs75809680,20,10636324,T,C,0.0803307,0.0137247,4.863e-09,JEPA_12,genome-wide,JAG1
rs78110303,20,34025983,G,A,-0.0673147,0.00762828,1.141e-18,JEPA_12,genome-wide,
rs2207132,20,39142516,A,G,-0.131859,0.0258727,3.475e-07,JEPA_10,suggestive,
rs6063048,20,45598564,A,G,0.0532526,0.0104352,3.354e-07,JEPA_10,suggestive,
rs4820408,22,40604945,T,G,-0.0283061,0.00557023,3.757e-07,JEPA_19,suggestive,
rs12170295,22,46420465,C,T,0.0358876,0.00726148,7.754e-07,JEPA_13,suggestive,
