drug,drug_label,sex,phenotype,N_paired,cohens_d,p_value,adjusted_p_value
A11C,A11C (Vitamin A/D),Female,femur_neck_mean_bmd,76,-0.8493499703948633,3.1632971702873626e-09,8.224572642747142e-08
A11C,A11C (Vitamin A/D),Female,bt__hemoglobin,90,0.5303968538574155,9.328577752486189e-06,0.00012127151078232045
A11C,A11C (Vitamin A/D),Female,bt__mcv,91,0.4415857649287192,2.4169113000275324e-05,0.00020946564600238612
A11C,A11C (Vitamin A/D),Female,height,102,-0.3430081335050266,0.0007067821324394098,0.004594083860856164
A11C,A11C (Vitamin A/D),Female,total_scan_vat_volume,80,0.1989847816039083,0.005444794922909846,0.02707539042864819
A11C,A11C (Vitamin A/D),Female,body_comp_total_lean_mass,82,-0.333808501004395,0.006248167021995737,0.02707539042864819
A11C,A11C (Vitamin A/D),Female,bt__eosinophils_abs,87,-0.30262988259747653,0.013337850349014104,0.047607421875
A11C,A11C (Vitamin A/D),Female,bt__creatinine,11,0.9695842965755977,0.0146484375,0.047607421875
A11C,A11C (Vitamin A/D),Female,spine_l1_l4_bmd,25,-0.38166753241830975,0.023649930953979492,0.06832202275594075
A11C,A11C (Vitamin A/D),Female,hips,102,0.17640858905124293,0.04027208408318437,0.10470741861627936
A11C,A11C (Vitamin A/D),Female,bmi,114,0.07889560813148995,0.07087392431783172,0.15625346278962107
A11C,A11C (Vitamin A/D),Female,body_total_bmd,82,-0.1797284784549067,0.07211698282597896,0.15625346278962107
A11C,A11C (Vitamin A/D),Female,bt__mchc,91,0.21709208574834535,0.09756735278315347,0.19513470556630694
A11C,A11C (Vitamin A/D),Female,bt__alt_gpt,19,0.2727723627949905,0.25683925795785656,0.46316769273694175
A11C,A11C (Vitamin A/D),Female,body_comp_total_tissue_mass,82,-0.004131398711244498,0.2672121304251587,0.46316769273694175
A11C,A11C (Vitamin A/D),Female,total_scan_sat_volume,82,-0.0022278298312889853,0.33048731974544476,0.5087615846175825
A11C,A11C (Vitamin A/D),Female,bt__rbc,84,0.1342795831636591,0.33870873369798704,0.5087615846175825
A11C,A11C (Vitamin A/D),Female,hand_grip_left,102,-0.05818393778893151,0.3745559020226752,0.5087615846175825
A11C,A11C (Vitamin A/D),Female,liver_attenuation,86,-0.0795923170125924,0.3760934373551498,0.5087615846175825
A11C,A11C (Vitamin A/D),Female,bt__monocytes_abs,91,0.10683874674132035,0.39135506509044804,0.5087615846175825
A11C,A11C (Vitamin A/D),Female,waist,102,0.06129695255508623,0.4863010146637292,0.5788224725807914
A11C,A11C (Vitamin A/D),Female,bt__lymphocytes_abs,91,-0.04284696644586537,0.4897728614145158,0.5788224725807914
A11C,A11C (Vitamin A/D),Female,body_spine_bmd,82,-0.05623703452729084,0.5617897538064738,0.6350666782160138
A11C,A11C (Vitamin A/D),Female,bt__wbc,85,0.026456508369689363,0.701418683373229,0.759870240320998
A11C,A11C (Vitamin A/D),Female,bt__neutrophils_abs,88,0.030195335899137858,0.9123755732518823,0.9380514495287519
A11C,A11C (Vitamin A/D),Female,bt__glucose,16,0.09247868949821919,0.9380514495287519,0.9380514495287519
A11C,A11C (Vitamin A/D),Male,bt__mcv,62,0.931334138281662,7.679573570264877e-08,1.996689128268868e-06
A11C,A11C (Vitamin A/D),Male,waist,65,-0.3861637897658348,0.007189218831488838,0.09345984480935489
A11C,A11C (Vitamin A/D),Male,body_total_bmd,59,0.2935065762208138,0.026986944392833247,0.23388685140455479
A11C,A11C (Vitamin A/D),Male,femur_neck_mean_bmd,48,-0.29886021046756317,0.05524915449814927,0.311789316650442
A11C,A11C (Vitamin A/D),Male,body_spine_bmd,59,0.22673479293712562,0.06097505543322522,0.311789316650442
A11C,A11C (Vitamin A/D),Male,bt__neutrophils_abs,61,0.2474826465804729,0.0797611903795925,0.311789316650442
A11C,A11C (Vitamin A/D),Male,bt__hemoglobin,62,0.10288912603013492,0.08394327755973438,0.311789316650442
A11C,A11C (Vitamin A/D),Male,hips,65,-0.22317550744906725,0.10224031805270811,0.33228103367130135
A11C,A11C (Vitamin A/D),Male,bt__mchc,62,-0.10884115974014102,0.17783771364007595,0.49867780236071363
A11C,A11C (Vitamin A/D),Male,bt__creatinine,9,0.47975724550420146,0.2109375,0.49867780236071363
A11C,A11C (Vitamin A/D),Male,total_scan_vat_volume,59,-0.17597484356173407,0.22283831617396532,0.49867780236071363
A11C,A11C (Vitamin A/D),Male,bt__wbc,60,0.1927825080524374,0.23015898570494475,0.49867780236071363
A11C,A11C (Vitamin A/D),Male,height,65,-0.13783533994975505,0.2718340913032876,0.5436681826065752
A11C,A11C (Vitamin A/D),Male,body_comp_total_tissue_mass,59,-0.15590588258846858,0.39790244193576596,0.7389616778807082
A11C,A11C (Vitamin A/D),Male,spine_l1_l4_bmd,18,0.3302463315144656,0.468292236328125,0.7843923879227027
A11C,A11C (Vitamin A/D),Male,total_scan_sat_volume,59,-0.11917052187388961,0.4827030079524325,0.7843923879227027
A11C,A11C (Vitamin A/D),Male,hand_grip_left,64,-0.026626097636035302,0.5265596360186192,0.8053265021461234
A11C,A11C (Vitamin A/D),Male,bt__rbc,58,-0.10181235904474159,0.5719176590151094,0.8261032852440469
A11C,A11C (Vitamin A/D),Male,bt__glucose,9,-0.13557374834630148,0.7890625,0.9524765781171635
A11C,A11C (Vitamin A/D),Male,liver_attenuation,63,-0.04958183188418731,0.8159419204058498,0.9524765781171635
A11C,A11C (Vitamin A/D),Male,bt__monocytes_abs,61,0.1406700717824558,0.816594388122327,0.9524765781171635
A11C,A11C (Vitamin A/D),Male,bmi,73,-0.07324626247103162,0.8445725041030676,0.9524765781171635
A11C,A11C (Vitamin A/D),Male,bt__lymphocytes_abs,61,-0.04165398941852816,0.8574856349600245,0.9524765781171635
A11C,A11C (Vitamin A/D),Male,bt__eosinophils_abs,61,-0.06735175150793737,0.882966961320589,0.9524765781171635
A11C,A11C (Vitamin A/D),Male,body_comp_total_lean_mass,59,0.07124736854338531,0.9158428635741956,0.9524765781171635
A11C,A11C (Vitamin A/D),Male,bt__alt_gpt,9,0.3535533905932738,1.0,1.0
B03B,B03B (Vitamin B12/Folic),Female,femur_neck_mean_bmd,31,-0.5929532226015705,0.005086471326649189,0.06660852761696201
B03B,B03B (Vitamin B12/Folic),Female,bt__mcv,42,0.35753689620315665,0.005550710634746834,0.06660852761696201
B03B,B03B (Vitamin B12/Folic),Female,height,44,-0.2775369829126292,0.07315889205406056,0.41462314220873875
B03B,B03B (Vitamin B12/Folic),Female,bmi,52,0.19096154628286,0.08521322116311447,0.41462314220873875
B03B,B03B (Vitamin B12/Folic),Female,bt__monocytes_abs,42,0.3083588109072894,0.08637982129348724,0.41462314220873875
B03B,B03B (Vitamin B12/Folic),Female,total_scan_vat_volume,33,0.2630027196227267,0.14044785260519926,0.5427565582401241
B03B,B03B (Vitamin B12/Folic),Female,body_comp_total_tissue_mass,35,0.10695713632244938,0.16330995067255571,0.5427565582401241
B03B,B03B (Vitamin B12/Folic),Female,bt__hemoglobin,42,0.14745475638299102,0.18091885274670805,0.5427565582401241
B03B,B03B (Vitamin B12/Folic),Female,liver_attenuation,42,-0.2490693854632262,0.30271802977631523,0.773737876853928
B03B,B03B (Vitamin B12/Folic),Female,bt__lymphocytes_abs,42,-0.04783804400662365,0.329375990546802,0.773737876853928
B03B,B03B (Vitamin B12/Folic),Female,waist,44,0.06358083412511553,0.45287053314453996,0.773737876853928
B03B,B03B (Vitamin B12/Folic),Female,spine_l1_l4_bmd,10,-0.09249170916130509,0.4921875,0.773737876853928
B03B,B03B (Vitamin B12/Folic),Female,bt__alt_gpt,5,0.6859943405700353,0.5,0.773737876853928
B03B,B03B (Vitamin B12/Folic),Female,body_comp_total_lean_mass,35,0.11422725764141502,0.5070959111273294,0.773737876853928
B03B,B03B (Vitamin B12/Folic),Female,total_scan_sat_volume,35,-0.022119150385430834,0.5117668841849081,0.773737876853928
B03B,B03B (Vitamin B12/Folic),Female,bt__mchc,42,-0.08936190439566645,0.5274937539336167,0.773737876853928
B03B,B03B (Vitamin B12/Folic),Female,hips,44,0.08645243865883136,0.548064329438199,0.773737876853928
B03B,B03B (Vitamin B12/Folic),Female,body_total_bmd,35,0.05355227852897726,0.6406109816079467,0.8425635814279694
B03B,B03B (Vitamin B12/Folic),Female,bt__eosinophils_abs,41,-0.15909410503991195,0.6670295019638091,0.8425635814279694
B03B,B03B (Vitamin B12/Folic),Female,bt__rbc,41,0.035879548150167855,0.8055065878533876,0.966607905424065
B03B,B03B (Vitamin B12/Folic),Female,hand_grip_left,44,-0.06905465205950305,0.8518765119924147,0.9672540934011854
B03B,B03B (Vitamin B12/Folic),Female,bt__wbc,41,0.06912032009136221,0.8866495856177532,0.9672540934011854
B03B,B03B (Vitamin B12/Folic),Female,body_spine_bmd,35,0.07801278465634462,0.94124322695366,0.9821668455168626
B03B,B03B (Vitamin B12/Folic),Female,bt__neutrophils_abs,41,0.06908355252832055,0.9844917394163256,0.9844917394163256
B03B,B03B (Vitamin B12/Folic),Male,bt__mcv,43,0.9569118423175723,4.861880796459436e-06,0.00012154701991148589
B03B,B03B (Vitamin B12/Folic),Male,waist,49,-0.7131503908147265,4.49398696754551e-05,0.0005617483709431888
B03B,B03B (Vitamin B12/Folic),Male,hips,49,-0.5059329915241219,0.002137741649938109,0.017814513749484243
B03B,B03B (Vitamin B12/Folic),Male,body_comp_total_tissue_mass,39,-0.32860640092094673,0.018213297516922466,0.11383310948076542
B03B,B03B (Vitamin B12/Folic),Male,bt__rbc,42,-0.27063644070003745,0.024129429797893138,0.12064714898946569
B03B,B03B (Vitamin B12/Folic),Male,total_scan_sat_volume,39,-0.40123142274819984,0.029966583890200127,0.1248607662091672
B03B,B03B (Vitamin B12/Folic),Male,total_scan_vat_volume,39,-0.42414923266522125,0.03695167557248297,0.13102888267548146
B03B,B03B (Vitamin B12/Folic),Male,bmi,50,-0.3047539116633584,0.041929242456154064,0.13102888267548146
B03B,B03B (Vitamin B12/Folic),Male,femur_neck_mean_bmd,31,-0.3335887600374963,0.09026811271905899,0.2507447575529417
B03B,B03B (Vitamin B12/Folic),Male,body_total_bmd,39,0.2792518491703307,0.1069750834059673,0.2674377085149182
B03B,B03B (Vitamin B12/Folic),Male,liver_attenuation,43,-0.21090835301737826,0.22743896295583,0.5169067339905227
B03B,B03B (Vitamin B12/Folic),Male,bt__glucose,9,-0.46670401597407124,0.26171875,0.5452473958333334
B03B,B03B (Vitamin B12/Folic),Male,height,48,-0.1802789493515361,0.3706144690379921,0.6501125952808485
B03B,B03B (Vitamin B12/Folic),Male,body_spine_bmd,39,0.11836717492944093,0.3830830059916853,0.6501125952808485
B03B,B03B (Vitamin B12/Folic),Male,bt__mchc,43,-0.028967849229885417,0.41488526695675043,0.6501125952808485
B03B,B03B (Vitamin B12/Folic),Male,spine_l1_l4_bmd,12,-0.16957500933484487,0.423828125,0.6501125952808485
B03B,B03B (Vitamin B12/Folic),Male,bt__eosinophils_abs,42,0.1603694733885468,0.442076564790977,0.6501125952808485
B03B,B03B (Vitamin B12/Folic),Male,bt__monocytes_abs,43,0.1360234825236644,0.5254026122689102,0.7209183992065511
B03B,B03B (Vitamin B12/Folic),Male,body_comp_total_lean_mass,39,0.15052503624978578,0.5478979833969788,0.7209183992065511
B03B,B03B (Vitamin B12/Folic),Male,bt__creatinine,9,0.28214084675634665,0.65234375,0.8154296875
B03B,B03B (Vitamin B12/Folic),Male,hand_grip_left,49,0.06965285265497384,0.7767925060362543,0.8930241279845289
B03B,B03B (Vitamin B12/Folic),Male,bt__hemoglobin,43,0.010139605701948664,0.7858612326263854,0.8930241279845289
B03B,B03B (Vitamin B12/Folic),Male,bt__lymphocytes_abs,43,-0.05318321246027307,0.8326380687327706,0.9050413790573593
B03B,B03B (Vitamin B12/Folic),Male,bt__neutrophils_abs,43,0.022703418667005728,0.9518558442648768,0.99151650444258
B03B,B03B (Vitamin B12/Folic),Male,bt__wbc,43,0.028351517272676006,1.0,1.0
B03B,B03B (Vitamin B12/Folic),Male,bt__alt_gpt,9,0.0,,
C09C,C09C (ARBs Plain),Female,femur_neck_mean_bmd,8,-1.7982855771152173,0.0078125,0.107421875
C09C,C09C (ARBs Plain),Female,total_scan_vat_volume,10,-0.8819302568621799,0.009765625,0.107421875
C09C,C09C (ARBs Plain),Female,liver_attenuation,10,0.7072579047227382,0.048828125,0.28466796875
C09C,C09C (ARBs Plain),Female,bt__mcv,11,0.7322516674391768,0.0517578125,0.28466796875
C09C,C09C (ARBs Plain),Female,bt__eosinophils_abs,11,0.5238339814277875,0.115234375,0.50703125
C09C,C09C (ARBs Plain),Female,height,11,-0.6123724356957945,0.15625,0.5729166666666667
C09C,C09C (ARBs Plain),Female,bt__mchc,11,-0.5226038213583629,0.2060546875,0.6476004464285714
C09C,C09C (ARBs Plain),Female,body_total_bmd,10,-0.15222147894037114,0.375,0.9657738095238095
C09C,C09C (ARBs Plain),Female,bt__monocytes_abs,11,0.15265485530152298,0.556640625,0.9657738095238095
C09C,C09C (ARBs Plain),Female,bt__hemoglobin,11,-0.2364436380228861,0.5771484375,0.9657738095238095
C09C,C09C (ARBs Plain),Female,waist,11,0.30967748904780285,0.578125,0.9657738095238095
C09C,C09C (ARBs Plain),Female,body_spine_bmd,10,-0.31191963702053105,0.625,0.9657738095238095
C09C,C09C (ARBs Plain),Female,hand_grip_left,11,0.23918366245249495,0.6376953125,0.9657738095238095
C09C,C09C (ARBs Plain),Female,hips,11,-0.052827054379537414,0.75390625,0.9657738095238095
C09C,C09C (ARBs Plain),Female,bt__lymphocytes_abs,11,-0.09611883272578002,0.7646484375,0.9657738095238095
C09C,C09C (ARBs Plain),Female,bmi,12,-0.09802971668470542,0.791015625,0.9657738095238095
C09C,C09C (ARBs Plain),Female,bt__neutrophils_abs,11,0.05242621660867837,0.8310546875,0.9657738095238095
C09C,C09C (ARBs Plain),Female,body_comp_total_lean_mass,10,-0.023358028453350454,0.845703125,0.9657738095238095
C09C,C09C (ARBs Plain),Female,bt__rbc,11,-0.061369784172465525,0.8984375,0.9657738095238095
C09C,C09C (ARBs Plain),Female,body_comp_total_tissue_mass,10,-0.22290657201005715,0.921875,0.9657738095238095
C09C,C09C (ARBs Plain),Female,total_scan_sat_volume,10,-0.07076539111162365,0.921875,0.9657738095238095
C09C,C09C (ARBs Plain),Female,bt__wbc,11,0.05234430023059541,0.9658203125,0.9658203125
C09C,C09C (ARBs Plain),Male,body_total_bmd,11,0.8510738876449825,0.013671875,0.30078125
C09C,C09C (ARBs Plain),Male,total_scan_sat_volume,11,0.6434852682577329,0.0537109375,0.49951171875000006
C09C,C09C (ARBs Plain),Male,bmi,13,0.6089151898234023,0.068115234375,0.49951171875000006
C09C,C09C (ARBs Plain),Male,body_comp_total_lean_mass,11,0.4482533615831091,0.2060546875,0.5336565290178572
C09C,C09C (ARBs Plain),Male,bt__mcv,13,0.47548586487396244,0.2255859375,0.5336565290178572
C09C,C09C (ARBs Plain),Male,body_comp_total_tissue_mass,11,0.527948318305499,0.240234375,0.5336565290178572
C09C,C09C (ARBs Plain),Male,waist,13,0.4344299306596601,0.25048828125,0.5336565290178572
C09C,C09C (ARBs Plain),Male,body_spine_bmd,11,0.2882818685016264,0.2783203125,0.5336565290178572
C09C,C09C (ARBs Plain),Male,hips,13,0.29604192563934106,0.296630859375,0.5336565290178572
C09C,C09C (ARBs Plain),Male,femur_neck_mean_bmd,9,-0.36946385823763045,0.30078125,0.5336565290178572
C09C,C09C (ARBs Plain),Male,hand_grip_left,13,0.3033685522346637,0.305419921875,0.5336565290178572
C09C,C09C (ARBs Plain),Male,bt__wbc,13,0.2704263863843864,0.305419921875,0.5336565290178572
C09C,C09C (ARBs Plain),Male,bt__eosinophils_abs,13,0.3879999454375116,0.3359375,0.5336565290178572
C09C,C09C (ARBs Plain),Male,bt__neutrophils_abs,13,0.2607426844564059,0.339599609375,0.5336565290178572
C09C,C09C (ARBs Plain),Male,bt__lymphocytes_abs,13,0.26202044712419137,0.375732421875,0.5510742187500001
C09C,C09C (ARBs Plain),Male,total_scan_vat_volume,11,0.19721156075495913,0.4130859375,0.5679931640625
C09C,C09C (ARBs Plain),Male,bt__monocytes_abs,13,0.24285128357798594,0.485595703125,0.6154142680921053
C09C,C09C (ARBs Plain),Male,liver_attenuation,12,0.1765908132763613,0.5185546875,0.6154142680921053
C09C,C09C (ARBs Plain),Male,bt__rbc,13,-0.16441642813324694,0.531494140625,0.6154142680921053
C09C,C09C (ARBs Plain),Male,bt__mchc,13,0.2026281711021552,0.57568359375,0.633251953125
C09C,C09C (ARBs Plain),Male,bt__hemoglobin,13,0.2627422303793742,0.786865234375,0.8243350074404762
C09C,C09C (ARBs Plain),Male,height,13,0.0,1.0,1.0
G03F,G03F (Progest+Estrogen (HRT)),Female,spine_l1_l4_bmd,5,-1.699643740715031,0.0625,0.601953125
G03F,G03F (Progest+Estrogen (HRT)),Female,liver_attenuation,8,0.6912368878996935,0.078125,0.601953125
G03F,G03F (Progest+Estrogen (HRT)),Female,hips,9,0.5935028755936961,0.1015625,0.601953125
G03F,G03F (Progest+Estrogen (HRT)),Female,bt__mchc,9,0.6675703028312061,0.1640625,0.601953125
G03F,G03F (Progest+Estrogen (HRT)),Female,waist,9,-0.5287705633524582,0.18359375,0.601953125
G03F,G03F (Progest+Estrogen (HRT)),Female,height,9,-0.588347254451829,0.1875,0.601953125
G03F,G03F (Progest+Estrogen (HRT)),Female,total_scan_vat_volume,8,-0.5697352815280895,0.1953125,0.601953125
G03F,G03F (Progest+Estrogen (HRT)),Female,femur_neck_mean_bmd,8,-0.18594519961009032,0.25,0.601953125
G03F,G03F (Progest+Estrogen (HRT)),Female,total_scan_sat_volume,8,-0.4843526594183837,0.25,0.601953125
G03F,G03F (Progest+Estrogen (HRT)),Female,bt__eosinophils_abs,9,-0.4480440764297546,0.26171875,0.601953125
G03F,G03F (Progest+Estrogen (HRT)),Female,bt__lymphocytes_abs,9,0.3474643345487617,0.359375,0.6994977678571428
G03F,G03F (Progest+Estrogen (HRT)),Female,body_comp_total_tissue_mass,8,-0.3577719051313962,0.3828125,0.6994977678571428
G03F,G03F (Progest+Estrogen (HRT)),Female,bt__hemoglobin,9,0.28163252173216025,0.42578125,0.6994977678571428
G03F,G03F (Progest+Estrogen (HRT)),Female,bt__rbc,9,-0.3705965631760909,0.42578125,0.6994977678571428
G03F,G03F (Progest+Estrogen (HRT)),Female,bt__monocytes_abs,9,-0.287226423667952,0.4609375,0.7067708333333333
G03F,G03F (Progest+Estrogen (HRT)),Female,bt__mcv,9,0.1839989781242135,0.5703125,0.8128720238095238
G03F,G03F (Progest+Estrogen (HRT)),Female,bmi,10,-0.1969377785020532,0.6953125,0.8128720238095238
G03F,G03F (Progest+Estrogen (HRT)),Female,hand_grip_left,9,-0.16251638470396415,0.734375,0.8128720238095238
G03F,G03F (Progest+Estrogen (HRT)),Female,bt__neutrophils_abs,9,0.11490395074390414,0.734375,0.8128720238095238
G03F,G03F (Progest+Estrogen (HRT)),Female,body_comp_total_lean_mass,8,-0.25027636872982056,0.7421875,0.8128720238095238
G03F,G03F (Progest+Estrogen (HRT)),Female,body_spine_bmd,8,-0.25693657349524535,0.7421875,0.8128720238095238
G03F,G03F (Progest+Estrogen (HRT)),Female,bt__wbc,9,0.03488516003500411,0.9375,0.9453125
G03F,G03F (Progest+Estrogen (HRT)),Female,body_total_bmd,8,0.013771893829229153,0.9453125,0.9453125
N06A,N06A (Antidepressants),Female,bmi,21,0.6801683570299046,0.0037527084350585938,0.08631229400634766
N06A,N06A (Antidepressants),Female,body_comp_total_tissue_mass,16,0.532048643338444,0.0506591796875,0.2889312806106194
N06A,N06A (Antidepressants),Female,total_scan_vat_volume,16,0.5789910815570128,0.0506591796875,0.2889312806106194
N06A,N06A (Antidepressants),Female,bt__monocytes_abs,17,0.4111018162236279,0.055719324352751155,0.2889312806106194
N06A,N06A (Antidepressants),Female,femur_neck_mean_bmd,16,-0.5380829437618022,0.065399169921875,0.2889312806106194
N06A,N06A (Antidepressants),Female,bt__eosinophils_abs,17,-0.5082395950679488,0.08686008151624075,0.2889312806106194
N06A,N06A (Antidepressants),Female,bt__mcv,17,0.44714636424421694,0.08793560714236243,0.2889312806106194
N06A,N06A (Antidepressants),Female,body_comp_total_lean_mass,16,0.38630338258881736,0.104583740234375,0.3006782531738281
N06A,N06A (Antidepressants),Female,body_spine_bmd,16,0.435997893261033,0.14385986328125,0.3676418728298611
N06A,N06A (Antidepressants),Female,height,20,-0.3144854510165755,0.17797470576650132,0.36976931289590065
N06A,N06A (Antidepressants),Female,bt__hemoglobin,17,0.4040491488996419,0.18723798581492834,0.36976931289590065
N06A,N06A (Antidepressants),Female,bt__lymphocytes_abs,17,-0.32415833242366415,0.19292311977177423,0.36976931289590065
N06A,N06A (Antidepressants),Female,bt__neutrophils_abs,17,0.3526236378085574,0.2246856689453125,0.3975207989032452
N06A,N06A (Antidepressants),Female,liver_attenuation,17,0.3053973196554025,0.2633209228515625,0.4325986589704241
N06A,N06A (Antidepressants),Female,spine_l1_l4_bmd,6,-0.5466591902733292,0.3125,0.4791666666666667
N06A,N06A (Antidepressants),Female,total_scan_sat_volume,16,0.27072677741901807,0.4637451171875,0.6666336059570312
N06A,N06A (Antidepressants),Female,bt__mchc,17,0.14410675559532857,0.5225479448330964,0.699798583984375
N06A,N06A (Antidepressants),Female,bt__wbc,17,0.13428779168658334,0.54766845703125,0.699798583984375
N06A,N06A (Antidepressants),Female,bt__rbc,17,0.024298169148960994,0.6024607516783109,0.7292945941369027
N06A,N06A (Antidepressants),Female,hand_grip_left,20,-0.0407898819485686,0.7841262817382812,0.8878549177295102
N06A,N06A (Antidepressants),Female,waist,19,0.08574034792306233,0.8275621487850113,0.8878549177295102
N06A,N06A (Antidepressants),Female,body_total_bmd,16,-0.10987459837755828,0.860260009765625,0.8878549177295102
N06A,N06A (Antidepressants),Female,hips,19,0.04124425045830547,0.8878549177295102,0.8878549177295102
N06A,N06A (Antidepressants),Male,body_total_bmd,13,0.9544144073263449,0.006103515625,0.03678687679951106
N06A,N06A (Antidepressants),Male,total_scan_vat_volume,13,0.7273326520546882,0.006103515625,0.03678687679951106
N06A,N06A (Antidepressants),Male,waist,15,0.9708411003182362,0.007541141054248096,0.03678687679951106
N06A,N06A (Antidepressants),Male,body_comp_total_tissue_mass,13,0.8578136690958723,0.008056640625,0.03678687679951106
N06A,N06A (Antidepressants),Male,bmi,17,0.824511619528971,0.008360653818070695,0.03678687679951106
N06A,N06A (Antidepressants),Male,body_spine_bmd,13,0.9510055277626024,0.01220703125,0.042201450892857144
N06A,N06A (Antidepressants),Male,body_comp_total_lean_mass,13,0.6766755117478955,0.013427734375,0.042201450892857144
N06A,N06A (Antidepressants),Male,bt__mcv,14,0.7718489421831435,0.01914989810041527,0.052517361111111105
N06A,N06A (Antidepressants),Male,total_scan_sat_volume,13,0.7731034569522859,0.021484375,0.052517361111111105
N06A,N06A (Antidepressants),Male,bt__rbc,14,-0.5855665432244498,0.0412768389481978,0.09080904568603516
N06A,N06A (Antidepressants),Male,bt__lymphocytes_abs,14,0.46755096482921404,0.09611509249765772,0.17903645833333334
N06A,N06A (Antidepressants),Male,femur_neck_mean_bmd,9,-0.6135716458582545,0.09765625,0.17903645833333334
N06A,N06A (Antidepressants),Male,hips,15,0.2629516701475886,0.3089692200478711,0.5228709877733203
N06A,N06A (Antidepressants),Male,bt__hemoglobin,14,-0.22003271355560058,0.38235208985751545,0.6008389983475243
N06A,N06A (Antidepressants),Male,height,15,0.15075567228888184,0.5164122683960384,0.7574046603141896
N06A,N06A (Antidepressants),Male,bt__monocytes_abs,14,0.13278605421147224,0.6001794871405539,0.8252467948182616
N06A,N06A (Antidepressants),Male,hand_grip_left,15,-0.2955585859533944,0.67877197265625,0.8784107881433824
N06A,N06A (Antidepressants),Male,bt__neutrophils_abs,14,0.07161245895386487,0.9031982421875,1.0
N06A,N06A (Antidepressants),Male,bt__mchc,14,-0.09652880151608646,0.9248860186136062,1.0
N06A,N06A (Antidepressants),Male,bt__eosinophils_abs,14,-0.14625180276770752,0.9498828159352102,1.0
N06A,N06A (Antidepressants),Male,bt__wbc,14,0.13235075772086363,1.0,1.0
N06A,N06A (Antidepressants),Male,liver_attenuation,14,-0.14021252131118564,1.0,1.0
