Feature ID,Feature,System,Feature type,Cohen's d (B − A),95% CI lower,95% CI upper,Cluster A mean,Cluster B mean,Prevalence difference (B − A),P,Adj. P,Cluster A (n),Cluster B (n),Significant (adj. P < 0.05),Unit
body_comp_legs_fat_mass,Legs fat mass,Body composition,continuous,-0.942,-1.034,-0.85,8.56084,6.96569,,4.6e-92,5.4e-90,1002,1001,Yes,kg
body_comp_leg_left_fat_mass,Leg left fat mass,Body composition,continuous,-0.936,-1.028,-0.844,4.24711,3.45664,,5.7e-91,3.4e-89,1002,1001,Yes,kg
body_comp_leg_right_fat_mass,Leg right fat mass,Body composition,continuous,-0.933,-1.025,-0.84,4.31373,3.50903,,2.3e-90,9.1e-89,1002,1001,Yes,kg
body_comp_gynoid_fat_mass,Gynoid fat mass,Body composition,continuous,-0.75,-0.84,-0.659,4.2743,3.63605,,3.3e-60,9.8e-59,1002,1001,Yes,kg
body_comp_total_right_fat_mass,Total right fat mass,Body composition,continuous,-0.6,-0.69,-0.511,11.1976,9.66943,,6.8e-44,1.6e-42,1002,1001,Yes,kg
body_comp_total_fat_mass,Total fat mass,Body composition,continuous,-0.6,-0.689,-0.51,22.3938,19.3189,,9.4e-44,1.8e-42,1002,1001,Yes,kg
body_comp_total_left_fat_mass,Total left fat mass,Body composition,continuous,-0.596,-0.685,-0.506,11.1962,9.64942,,4e-43,6.6e-42,1002,1001,Yes,kg
body_comp_arms_fat_mass,Arms fat mass,Body composition,continuous,-0.579,-0.669,-0.49,2.43307,2.08656,,1e-41,1.5e-40,1002,1001,Yes,kg
body_comp_arm_left_fat_mass,Arm left fat mass,Body composition,continuous,-0.582,-0.672,-0.493,1.21578,1.03867,,2.9e-41,3.8e-40,1002,1001,Yes,kg
body_comp_arm_right_fat_mass,Arm right fat mass,Body composition,continuous,-0.554,-0.643,-0.465,1.21728,1.0479,,2e-39,2.3e-38,1002,1001,Yes,kg
body_comp_arm_right_lean_mass,Arm right lean mass,Body composition,continuous,0.56,0.471,0.65,1.89025,2.07046,,2.7e-33,2.9e-32,1002,1001,Yes,kg
body_comp_arms_lean_mass,Arms lean mass,Body composition,continuous,0.555,0.466,0.645,3.68724,4.03311,,3.2e-33,3.1e-32,1002,1001,Yes,kg
body_comp_arm_right_fat_free_mass,Arm right fat free mass,Body composition,continuous,0.551,0.462,0.64,2.0201,2.2047,,2.7e-32,2.5e-31,1002,1001,Yes,
body_comp_arms_fat_free_mass,Arms fat free mass,Body composition,continuous,0.545,0.456,0.634,3.94346,4.29765,,3.7e-32,3.1e-31,1002,1001,Yes,
body_comp_total_lean_mass,Total lean mass,Body composition,continuous,0.526,0.437,0.615,37.0212,39.3959,,7.2e-30,5.6e-29,1002,1001,Yes,kg
body_comp_total_left_lean_mass,Total left lean mass,Body composition,continuous,0.522,0.433,0.611,18.5377,19.7291,,7.8e-30,5.7e-29,1002,1001,Yes,kg
body_comp_trunk_lean_mass,Trunk lean mass,Body composition,continuous,0.518,0.429,0.607,18.3563,19.5418,,1.5e-29,1e-28,1002,1001,Yes,kg
body_comp_arm_left_lean_mass,Arm left lean mass,Body composition,continuous,0.517,0.428,0.606,1.79698,1.96264,,1.6e-29,1e-28,1002,1001,Yes,kg
body_comp_trunk_fat_free_mass,Trunk fat free mass,Body composition,continuous,0.512,0.423,0.601,18.9646,20.1698,,4.9e-29,3e-28,1002,1001,Yes,
body_comp_total_left_fat_free_mass,Total left fat free mass,Body composition,continuous,0.511,0.422,0.6,19.5685,20.7875,,9.6e-29,5.6e-28,1002,1001,Yes,
body_comp_arm_left_fat_free_mass,Arm left fat free mass,Body composition,continuous,0.508,0.419,0.597,1.92336,2.09295,,1.1e-28,6e-28,1002,1001,Yes,
total_scan_sat_area,Total scan SAT area,Body composition,continuous,-0.492,-0.581,-0.403,150.968,122.638,,1.2e-28,6.3e-28,1001,1000,Yes,cm²
body_comp_total_fat_free_mass,Total fat free mass,Body composition,continuous,0.514,0.425,0.603,39.1401,41.5691,,1.5e-28,7.4e-28,1002,1001,Yes,
total_scan_sat_volume,Total scan SAT volume,Body composition,continuous,-0.488,-0.577,-0.399,1344.86,1090.1,,1.6e-28,7.8e-28,1001,1000,Yes,
body_comp_total_right_lean_mass,Total right lean mass,Body composition,continuous,0.516,0.427,0.605,18.4834,19.6668,,2e-28,9.2e-28,1002,1001,Yes,kg
body_comp_trunk_left_lean_mass,Trunk left lean mass,Body composition,continuous,0.506,0.417,0.595,9.39694,10.0018,,2.1e-28,9.3e-28,1002,1001,Yes,kg
body_comp_trunk_left_fat_free_mass,Trunk left fat free mass,Body composition,continuous,0.5,0.411,0.589,9.69659,10.311,,6.6e-28,2.8e-27,1002,1001,Yes,
body_comp_trunk_right_lean_mass,Trunk right lean mass,Body composition,continuous,0.5,0.411,0.589,8.95933,9.54003,,1.9e-27,7.9e-27,1002,1001,Yes,kg
body_comp_total_right_fat_free_mass,Total right fat free mass,Body composition,continuous,0.503,0.414,0.592,19.5717,20.7816,,4.5e-27,1.8e-26,1002,1001,Yes,
body_comp_trunk_right_fat_free_mass,Trunk right fat free mass,Body composition,continuous,0.495,0.406,0.583,9.26801,9.85882,,7e-27,2.7e-26,1002,1001,Yes,
total_scan_sat_mass,Total scan SAT mass,Body composition,continuous,0.075,-0.013,0.162,1.33306,1.75102,,1.4e-25,5.1e-25,1001,1000,Yes,
body_comp_leg_right_lean_mass,Leg right lean mass,Body composition,continuous,0.436,0.347,0.525,6.10254,6.50069,,2.3e-21,8.5e-21,1002,1001,Yes,kg
body_comp_legs_lean_mass,Legs lean mass,Body composition,continuous,0.436,0.348,0.525,12.1322,12.9156,,3e-21,1.1e-20,1002,1001,Yes,kg
body_comp_leg_right_fat_free_mass,Leg right fat free mass,Body composition,continuous,0.428,0.339,0.516,6.48045,6.88885,,1.2e-20,4.2e-20,1002,1001,Yes,
body_comp_legs_fat_free_mass,Legs fat free mass,Body composition,continuous,0.428,0.339,0.516,12.8839,13.6878,,1.7e-20,5.7e-20,1002,1001,Yes,
body_comp_gynoid_lean_mass,Gynoid lean mass,Body composition,continuous,0.428,0.339,0.516,5.66105,5.98848,,1.8e-20,6e-20,1002,1001,Yes,kg
body_comp_leg_left_lean_mass,Leg left lean mass,Body composition,continuous,0.427,0.338,0.515,6.02962,6.41488,,2.1e-20,6.7e-20,1002,1001,Yes,kg
body_comp_gynoid_fat_free_mass,Gynoid fat free mass,Body composition,continuous,0.425,0.337,0.514,5.85225,6.18773,,2.8e-20,8.6e-20,1002,1001,Yes,
body_comp_leg_left_fat_free_mass,Leg left fat free mass,Body composition,continuous,0.419,0.33,0.507,6.40346,6.79892,,8.5e-20,2.6e-19,1002,1001,Yes,
body_comp_android_fat_free_mass,Android fat free mass,Body composition,continuous,0.398,0.31,0.487,2.71314,2.86495,,7.5e-18,2.1e-17,1002,1001,Yes,
body_comp_android_lean_mass,Android lean mass,Body composition,continuous,0.399,0.31,0.487,2.67175,2.82204,,7.3e-18,2.1e-17,1002,1001,Yes,kg
body_comp_trunk_left_fat_mass,Trunk left fat mass,Body composition,continuous,-0.332,-0.42,-0.244,5.35656,4.77343,,1.9e-17,5.2e-17,1002,1001,Yes,kg
body_comp_trunk_fat_mass,Trunk fat mass,Body composition,continuous,-0.332,-0.42,-0.244,10.5982,9.45933,,2e-17,5.5e-17,1002,1001,Yes,kg
body_comp_trunk_right_fat_mass,Trunk right fat mass,Body composition,continuous,-0.329,-0.417,-0.241,5.24169,4.6859,,7.1e-17,1.9e-16,1002,1001,Yes,kg
body_comp_android_fat_mass,Android fat mass,Body composition,continuous,-0.311,-0.4,-0.223,1.60485,1.39892,,5.3e-16,1.4e-15,1002,1001,Yes,kg
hips,Hips,Body composition,continuous,-0.336,-0.423,-0.249,98.7163,96.5604,,1.4e-14,3.6e-14,1032,1033,Yes,
body_comp_legs_tissue_mass,Legs tissue mass,Body composition,continuous,-0.267,-0.355,-0.179,20.693,19.8813,,1.7e-09,4.3e-09,1002,1001,Yes,kg
body_comp_leg_left_tissue_mass,Leg left tissue mass,Body composition,continuous,-0.266,-0.354,-0.178,10.2767,9.87155,,2e-09,4.8e-09,1002,1001,Yes,kg
body_comp_leg_right_tissue_mass,Leg right tissue mass,Body composition,continuous,-0.262,-0.35,-0.174,10.4163,10.0097,,3e-09,7.2e-09,1002,1001,Yes,kg
body_comp_legs_total_mass,Legs total mass,Body composition,continuous,-0.254,-0.342,-0.166,21.4444,20.6527,,9.5e-09,2.2e-08,1002,1001,Yes,kg
body_comp_leg_left_total_mass,Leg left total mass,Body composition,continuous,-0.254,-0.342,-0.166,10.6505,10.2553,,1.2e-08,2.8e-08,1002,1001,Yes,kg
body_comp_leg_right_total_mass,Leg right total mass,Body composition,continuous,-0.249,-0.337,-0.161,10.7942,10.3993,,2e-08,4.4e-08,1002,1001,Yes,kg
body_comp_gynoid_bone_mass,Gynoid bone mass,Body composition,continuous,-0.041,-0.129,0.047,0.286205,0.199245,,6.7e-08,1.5e-07,1002,1001,Yes,kg
body_comp_gynoid_tissue_mass,Gynoid tissue mass,Body composition,continuous,-0.229,-0.317,-0.141,9.93534,9.62452,,2.9e-07,6.2e-07,1002,1001,Yes,kg
body_comp_gynoid_total_mass,Gynoid total mass,Body composition,continuous,-0.219,-0.307,-0.131,10.126,9.82367,,9.4e-07,2e-06,1002,1001,Yes,kg
body_comp_arm_right_bone_mass,Arm right bone mass,Body composition,continuous,-0.007,-0.095,0.081,4.18714,4.05329,,2.4e-06,5e-06,1002,1001,Yes,kg
body_comp_arms_bone_mass,Arms bone mass,Body composition,continuous,0.216,0.128,0.304,0.256217,0.264553,,3e-06,6.1e-06,1002,1001,Yes,kg
body_comp_legs_bone_mass,Legs bone mass,Body composition,continuous,0.18,0.092,0.268,0.751759,0.772199,,5.8e-05,0.00012,1002,1001,Yes,kg
body_comp_leg_right_bone_mass,Leg right bone mass,Body composition,continuous,0.18,0.092,0.267,0.377905,0.388172,,6.1e-05,0.00012,1002,1001,Yes,kg
body_comp_leg_left_bone_mass,Leg left bone mass,Body composition,continuous,0.178,0.091,0.266,0.373853,0.38403,,6e-05,0.00012,1002,1001,Yes,kg
body_comp_total_bone_mass,Total bone mass,Body composition,continuous,0.184,0.096,0.272,2.11895,2.17326,,6.6e-05,0.00013,1002,1001,Yes,kg
body_comp_arm_left_bone_mass,Arm left bone mass,Body composition,continuous,-0.024,-0.112,0.064,6.03027,5.495,,6.9e-05,0.00013,1002,1001,Yes,kg
body_comp_total_left_bone_mass,Total left bone mass,Body composition,continuous,0.183,0.096,0.271,1.03072,1.05842,,7.5e-05,0.00014,1002,1001,Yes,kg
body_comp_legs_diff_fat_mass,Legs diff fat mass,Body composition,continuous,-0.047,-0.134,0.041,0.428962,0.373964,,7.7e-05,0.00014,1002,1001,Yes,kg
body_comp_trunk_bone_mass,Trunk bone mass,Body composition,continuous,0.173,0.085,0.261,0.608328,0.627921,,0.00011,0.00019,1002,1001,Yes,kg
body_comp_trunk_right_bone_mass,Trunk right bone mass,Body composition,continuous,0.172,0.084,0.26,0.308679,0.318796,,0.00012,0.00022,1002,1001,Yes,kg
body_comp_total_right_bone_mass,Total right bone mass,Body composition,continuous,0.166,0.079,0.254,1.08824,1.11485,,0.0002,0.00035,1002,1001,Yes,kg
body_comp_trunk_left_bone_mass,Trunk left bone mass,Body composition,continuous,0.166,0.078,0.254,0.299641,0.309143,,0.00024,0.00042,1002,1001,Yes,kg
body_comp_android_bone_mass,Android bone mass,Body composition,continuous,0.19,0.102,0.277,41.2785,42.9116,,0.00041,0.00069,1002,1001,Yes,kg
total_scan_vat_volume,Total scan VAT volume,Body composition,continuous,-0.056,-0.144,0.032,485.314,463.971,,0.002,0.003,995,984,Yes,
total_scan_vat_area,Total scan VAT area,Body composition,continuous,-0.056,-0.144,0.032,54.5431,52.1694,,0.002,0.004,995,984,Yes,cm²
body_comp_trunk_diff_fat_mass,Trunk diff fat mass,Body composition,continuous,-0.041,-0.128,0.047,0.429664,0.391753,,0.003,0.004,1002,1001,Yes,kg
body_comp_total_right_tissue_mass,Total right tissue mass,Body composition,continuous,-0.085,-0.173,0.002,29.681,29.3363,,0.014,0.022,1002,1001,Yes,kg
body_comp_total_tissue_mass,Total tissue mass,Body composition,continuous,-0.087,-0.175,0.0,59.4149,58.7147,,0.014,0.022,1002,1001,Yes,kg
body_comp_total_left_tissue_mass,Total left tissue mass,Body composition,continuous,-0.088,-0.175,-0.0,29.7339,29.3785,,0.016,0.026,1002,1001,Yes,kg
body_comp_android_tissue_mass,Android tissue mass,Body composition,continuous,-0.066,-0.153,0.022,4.27659,4.22096,,0.017,0.026,1002,1001,Yes,kg
body_comp_android_total_mass,Android total mass,Body composition,continuous,-0.064,-0.152,0.023,4.3181,4.26319,,0.017,0.026,1002,1001,Yes,kg
body_comp_total_right_total_mass,Total right total mass,Body composition,continuous,-0.077,-0.165,0.01,30.7697,30.4513,,0.023,0.034,1002,1001,Yes,kg
body_comp_total_total_mass,Total total mass,Body composition,continuous,-0.079,-0.166,0.009,61.5336,60.8879,,0.024,0.036,1002,1001,Yes,kg
body_comp_total_left_total_mass,Total left total mass,Body composition,continuous,-0.079,-0.167,0.008,30.7643,30.4365,,0.029,0.043,1002,1001,Yes,kg
weight,Weight,Body composition,continuous,-0.069,-0.155,0.017,61.753,61.1853,,0.031,0.044,1034,1034,Yes,
body_pelvis_area,Body pelvis area,Bone density,continuous,0.36,0.271,0.448,264.762,274.893,,3.8e-14,7e-12,1002,1001,Yes,cm²
body_pelvis_bmc,Body pelvis BMC,Bone density,continuous,0.335,0.246,0.423,250.767,266.848,,6.6e-12,6e-10,1002,1001,Yes,g
femur_right_troch_bmc,Femur right troch BMC,Bone density,continuous,0.282,0.193,0.372,7.91629,8.48859,,1.5e-11,8.9e-10,975,966,Yes,g
femur_troch_mean_bmc,Femur troch mean BMC,Bone density,continuous,0.296,0.206,0.385,7.89508,8.45922,,2e-11,8.9e-10,974,964,Yes,g
femur_left_troch_bmc,Femur left troch BMC,Bone density,continuous,0.286,0.196,0.375,7.87405,8.43031,,2.1e-10,7.7e-09,974,965,Yes,g
femur_right_total_area,Femur right total area,Bone density,continuous,0.247,0.158,0.336,29.7288,30.2937,,2.7e-08,7e-07,975,966,Yes,cm²
femur_right_troch_bmd,Femur right troch BMD,Bone density,continuous,0.231,0.141,0.32,0.693122,0.720614,,2.3e-08,7e-07,975,966,Yes,g/cm²
femur_total_mean_area,Femur total mean area,Bone density,continuous,0.241,0.152,0.33,29.7238,30.2647,,3.3e-08,7.5e-07,974,964,Yes,cm²
femur_right_total_bmc,Femur right total BMC,Bone density,continuous,0.245,0.155,0.334,26.6737,27.7555,,5.8e-08,1.2e-06,975,966,Yes,g
femur_left_total_area,Femur left total area,Bone density,continuous,0.226,0.137,0.316,29.7196,30.2379,,9.1e-08,1.3e-06,974,965,Yes,cm²
femur_total_mean_bmc,Femur total mean BMC,Bone density,continuous,0.251,0.161,0.34,26.6146,27.6932,,8.8e-08,1.3e-06,974,964,Yes,g
femur_troch_mean_bmd,Femur troch mean BMD,Bone density,continuous,0.243,0.153,0.332,0.691466,0.718874,,7.2e-08,1.3e-06,974,964,Yes,g/cm²
spine_l1_l4_average_width,Spine L1 L4 average width,Bone density,continuous,0.25,0.161,0.34,3.85619,3.92023,,7.7e-08,1.3e-06,974,964,Yes,cm
spine_l1_average_width,Spine L1 average width,Bone density,continuous,0.262,0.172,0.351,3.52729,3.59038,,1.1e-07,1.4e-06,982,972,Yes,cm
body_total_area,Body total area,Bone density,continuous,0.24,0.152,0.327,1911.19,1945.12,,1.4e-07,1.7e-06,1002,1001,Yes,cm²
spine_l2_l4_average_width,Spine L2 L4 average width,Bone density,continuous,0.238,0.148,0.327,3.96545,4.03064,,1.6e-07,1.9e-06,976,966,Yes,cm
body_total_right_area,Body total right area,Bone density,continuous,0.23,0.142,0.318,966.12,983.516,,2.1e-07,2.1e-06,1002,1001,Yes,cm²
femur_left_total_bmc,Femur left total BMC,Bone density,continuous,0.249,0.16,0.338,26.5542,27.6322,,2.1e-07,2.1e-06,974,965,Yes,g
spine_l1_l3_average_width,Spine L1 L3 average width,Bone density,continuous,0.249,0.16,0.339,3.68505,3.74483,,2.2e-07,2.1e-06,975,965,Yes,cm
spine_l1_l2_average_width,Spine L1 L2 average width,Bone density,continuous,0.251,0.162,0.34,3.59031,3.64974,,2.6e-07,2.3e-06,979,971,Yes,cm
femur_left_troch_bmd,Femur left troch BMD,Bone density,continuous,0.241,0.151,0.33,0.689765,0.717142,,2.9e-07,2.5e-06,974,965,Yes,g/cm²
spine_l3_l4_average_width,Spine L3 L4 average width,Bone density,continuous,0.223,0.134,0.312,4.12267,4.19108,,3.5e-07,2.9e-06,978,966,Yes,cm
femur_right_troch_area,Femur right troch area,Bone density,continuous,0.215,0.125,0.304,11.3671,11.7336,,6e-07,4.8e-06,975,966,Yes,cm²
spine_l2_l3_average_width,Spine L2 L3 average width,Bone density,continuous,0.233,0.144,0.322,3.76396,3.82271,,7.4e-07,5.6e-06,977,967,Yes,cm
spine_l4_bmc,Spine L4 BMC,Bone density,continuous,0.224,0.135,0.313,16.7377,17.5936,,8.5e-07,6.2e-06,984,974,Yes,g
femur_troch_mean_area,Femur troch mean area,Bone density,continuous,0.212,0.123,0.301,11.372,11.7191,,9e-07,6.3e-06,974,964,Yes,cm²
body_arm_right_bmc,Body arm right BMC,Bone density,continuous,0.221,0.133,0.309,129.857,134.24,,1.1e-06,7.6e-06,1002,1001,Yes,g
spine_l3_average_width,Spine L3 average width,Bone density,continuous,0.222,0.133,0.311,3.87531,3.93621,,1.2e-06,7.6e-06,984,974,Yes,cm
spine_l4_average_width,Spine L4 average width,Bone density,continuous,0.214,0.125,0.303,4.36996,4.44837,,1.2e-06,7.6e-06,984,974,Yes,cm
body_trunk_right_area,Body trunk right area,Bone density,continuous,0.199,0.111,0.287,344.408,351.004,,1.4e-06,8.8e-06,1002,1001,Yes,cm²
body_total_left_area,Body total left area,Bone density,continuous,0.223,0.135,0.311,945.079,961.598,,1.9e-06,1.1e-05,1002,1001,Yes,cm²
spine_l2_average_width,Spine L2 average width,Bone density,continuous,0.225,0.136,0.314,3.65402,3.70986,,2.1e-06,1.2e-05,984,974,Yes,cm
body_arms_bmc,Body arms BMC,Bone density,continuous,0.216,0.128,0.304,256.217,264.553,,3e-06,1.6e-05,1002,1001,Yes,g
body_trunk_area,Body trunk area,Bone density,continuous,0.196,0.108,0.284,689.504,701.45,,4.2e-06,2.2e-05,1002,1001,Yes,cm²
femur_shaft_mean_area,Femur shaft mean area,Bone density,continuous,0.211,0.122,0.3,13.6863,13.8548,,4.4e-06,2.3e-05,974,964,Yes,cm²
femur_left_troch_area,Femur left troch area,Bone density,continuous,0.193,0.104,0.282,11.3777,11.7055,,5.3e-06,2.7e-05,974,965,Yes,cm²
femur_right_shaft_area,Femur right shaft area,Bone density,continuous,0.22,0.131,0.309,13.6685,13.8488,,6.6e-06,3.3e-05,975,966,Yes,cm²
body_arm_left_bmc,Body arm left BMC,Bone density,continuous,0.201,0.113,0.289,126.366,130.311,,9e-06,4.3e-05,1002,1001,Yes,g
femur_left_shaft_area,Femur left shaft area,Bone density,continuous,0.188,0.099,0.277,13.704,13.862,,9.8e-06,4.6e-05,974,965,Yes,cm²
body_leg_right_area,Body leg right area,Bone density,continuous,0.215,0.127,0.303,345.931,352.821,,1.2e-05,5.5e-05,1002,1001,Yes,cm²
spine_l3_l4_bmc,Spine L3 L4 BMC,Bone density,continuous,0.206,0.117,0.295,31.7847,33.1923,,1.4e-05,6.4e-05,978,966,Yes,g
body_legs_area,Body legs area,Bone density,continuous,0.206,0.118,0.293,690.951,703.984,,1.8e-05,7.6e-05,1002,1001,Yes,cm²
spine_l4_bmd,Spine L4 BMD,Bone density,continuous,0.202,0.114,0.291,1.10184,1.13836,,2.5e-05,0.00011,984,974,Yes,g/cm²
body_leg_left_area,Body leg left area,Bone density,continuous,0.191,0.103,0.278,345.031,351.169,,3.9e-05,0.00016,1002,1001,Yes,cm²
femur_left_shaft_bmc,Femur left shaft BMC,Bone density,continuous,0.196,0.107,0.285,14.6379,15.0533,,4.5e-05,0.00018,974,965,Yes,g
femur_right_shaft_bmc,Femur right shaft BMC,Bone density,continuous,0.188,0.099,0.277,14.6902,15.096,,4.8e-05,0.00019,975,966,Yes,g
femur_right_upper_neck_bmc,Femur right upper neck BMC,Bone density,continuous,0.204,0.115,0.293,1.67449,1.74291,,5.2e-05,0.0002,975,966,Yes,g
femur_shaft_mean_bmc,Femur shaft mean BMC,Bone density,continuous,0.194,0.105,0.283,14.6646,15.0742,,5.3e-05,0.0002,974,964,Yes,g
body_legs_bmc,Body legs BMC,Bone density,continuous,0.18,0.092,0.268,751.759,772.199,,5.8e-05,0.00022,1002,1001,Yes,g
body_leg_left_bmc,Body leg left BMC,Bone density,continuous,0.178,0.091,0.266,373.853,384.03,,6e-05,0.00022,1002,1001,Yes,g
body_leg_right_bmc,Body leg right BMC,Bone density,continuous,0.18,0.092,0.267,377.905,388.172,,6.1e-05,0.00022,1002,1001,Yes,g
body_total_bmc,Body total BMC,Bone density,continuous,0.184,0.096,0.272,2118.95,2173.26,,6.6e-05,0.00023,1002,1001,Yes,g
body_total_left_bmc,Body total left BMC,Bone density,continuous,0.183,0.096,0.271,1030.72,1058.42,,7.5e-05,0.00026,1002,1001,Yes,g
femur_upper_neck_mean_bmc,Femur upper neck mean BMC,Bone density,continuous,0.202,0.113,0.292,1.67048,1.73706,,7.9e-05,0.00027,974,964,Yes,g
body_trunk_bmc,Body trunk BMC,Bone density,continuous,0.173,0.085,0.261,608.328,627.921,,0.00011,0.00036,1002,1001,Yes,g
spine_l2_l3_area,Spine L2 L3 area,Bone density,continuous,0.175,0.086,0.264,24.7468,25.2084,,0.00012,0.00039,977,967,Yes,cm²
body_trunk_right_bmc,Body trunk right BMC,Bone density,continuous,0.172,0.084,0.26,308.679,318.796,,0.00012,0.00039,1002,1001,Yes,g
spine_l2_area,Spine L2 area,Bone density,continuous,0.167,0.079,0.256,11.7316,11.9484,,0.00013,0.00042,984,974,Yes,cm²
body_total_right_bmc,Body total right BMC,Bone density,continuous,0.166,0.079,0.254,1088.24,1114.85,,0.0002,0.00062,1002,1001,Yes,g
femur_left_upper_neck_bmc,Femur left upper neck BMC,Bone density,continuous,0.188,0.099,0.278,1.66649,1.7314,,0.00024,0.00071,974,965,Yes,g
body_trunk_left_bmc,Body trunk left BMC,Bone density,continuous,0.166,0.078,0.254,299.641,309.143,,0.00024,0.00073,1002,1001,Yes,g
body_pelvis_bmd,Body pelvis BMD,Bone density,continuous,0.177,0.09,0.265,0.945071,0.967994,,0.00025,0.00073,1002,1001,Yes,g/cm²
spine_l1_l2_area,Spine L1 L2 area,Bone density,continuous,0.176,0.087,0.265,22.5991,23.0179,,0.00025,0.00073,979,971,Yes,cm²
body_trunk_left_area,Body trunk left area,Bone density,continuous,0.163,0.076,0.251,345.102,350.433,,0.00031,0.00088,1002,1001,Yes,cm²
spine_l3_bmc,Spine L3 BMC,Bone density,continuous,0.173,0.085,0.262,15.0545,15.6255,,0.00038,0.001,984,974,Yes,g
spine_l3_area,Spine L3 area,Bone density,continuous,0.165,0.076,0.254,13.0149,13.2603,,0.0004,0.001,984,974,Yes,cm²
spine_l3_l4_bmd,Spine L3 L4 BMD,Bone density,continuous,0.166,0.077,0.255,1.12459,1.15334,,0.00048,0.001,978,966,Yes,g/cm²
femur_right_upper_neck_bmd,Femur right upper neck BMD,Bone density,continuous,0.17,0.081,0.259,0.727945,0.752613,,0.00054,0.001,975,966,Yes,g/cm²
body_head_area,Body head area,Bone density,continuous,0.134,0.047,0.222,214.635,217.188,,0.00069,0.002,1002,1001,Yes,cm²
spine_l3_l4_area,Spine L3 L4 area,Bone density,continuous,0.161,0.072,0.25,28.1474,28.6367,,0.00081,0.002,978,966,Yes,cm²
spine_l2_l4_bmc,Spine L2 L4 BMC,Bone density,continuous,0.177,0.08,0.274,41.882,43.7874,,0.00085,0.002,837,810,Yes,g
body_arm_right_bmd,Body arm right BMD,Bone density,continuous,0.124,0.036,0.211,0.818182,0.830781,,0.00099,0.003,1002,1001,Yes,g/cm²
femur_upper_neck_mean_bmd,Femur upper neck mean BMD,Bone density,continuous,0.164,0.074,0.253,0.729636,0.752991,,0.001,0.003,974,964,Yes,g/cm²
spine_l2_l3_bmc,Spine L2 L3 BMC,Bone density,continuous,0.158,0.069,0.247,27.9606,28.8992,,0.001,0.003,977,967,Yes,g
femur_right_neck_bmc,Femur right neck BMC,Bone density,continuous,0.159,0.07,0.248,4.06728,4.17101,,0.001,0.003,975,966,Yes,g
femur_right_total_bmd,Femur right total BMD,Bone density,continuous,0.145,0.056,0.234,0.89756,0.916329,,0.001,0.003,975,966,Yes,g/cm²
spine_l1_l3_area,Spine L1 L3 area,Bone density,continuous,0.156,0.059,0.254,33.3852,34.2885,,0.001,0.003,834,804,Yes,cm²
femur_left_total_bmd,Femur left total BMD,Bone density,continuous,0.157,0.068,0.246,0.893998,0.914064,,0.001,0.003,974,965,Yes,g/cm²
femur_neck_mean_bmc,Femur neck mean BMC,Bone density,continuous,0.163,0.074,0.252,4.05491,4.15978,,0.001,0.003,974,964,Yes,g
femur_total_mean_bmd,Femur total mean BMD,Bone density,continuous,0.153,0.064,0.242,0.895812,0.915191,,0.001,0.003,974,964,Yes,g/cm²
spine_l1_area,Spine L1 area,Bone density,continuous,0.169,0.08,0.258,10.8677,11.074,,0.002,0.004,982,972,Yes,cm²
spine_l1_l4_bmc,Spine L1 L4 BMC,Bone density,continuous,0.161,0.064,0.258,53.149,55.1917,,0.002,0.005,838,809,Yes,g
femur_left_neck_bmc,Femur left neck BMC,Bone density,continuous,0.16,0.071,0.249,4.04223,4.14873,,0.002,0.005,974,965,Yes,g
femur_left_upper_neck_bmd,Femur left upper neck BMD,Bone density,continuous,0.152,0.063,0.241,0.731271,0.753445,,0.002,0.005,974,965,Yes,g/cm²
body_arm_left_area,Body arm left area,Bone density,continuous,0.155,0.067,0.242,156.728,160.008,,0.003,0.006,1002,1001,Yes,cm²
spine_l1_l4_area,Spine L1 L4 area,Bone density,continuous,0.158,0.061,0.255,48.2121,49.3411,,0.003,0.006,838,809,Yes,cm²
spine_l2_l4_area,Spine L2 L4 area,Bone density,continuous,0.142,0.045,0.239,37.3808,38.2963,,0.003,0.006,837,810,Yes,cm²
body_arms_bmd,Body arms BMD,Bone density,continuous,0.112,0.024,0.199,0.813582,0.82461,,0.003,0.006,1002,1001,Yes,g/cm²
body_arms_area,Body arms area,Bone density,continuous,0.157,0.069,0.244,316.086,322.504,,0.003,0.007,1002,1001,Yes,cm²
spine_l4_area,Spine L4 area,Bone density,continuous,0.135,0.046,0.223,15.1331,15.3853,,0.004,0.007,984,974,Yes,cm²
spine_l2_bmc,Spine L2 BMC,Bone density,continuous,0.133,0.045,0.222,12.9222,13.2969,,0.005,0.01,984,974,Yes,g
femur_right_neck_bmd,Femur right neck BMD,Bone density,continuous,0.139,0.05,0.228,0.868227,0.886446,,0.006,0.011,975,966,Yes,g/cm²
body_arm_right_area,Body arm right area,Bone density,continuous,0.149,0.061,0.236,159.358,162.494,,0.006,0.012,1002,1001,Yes,cm²
body_spine_bmd,Body spine BMD,Bone density,continuous,0.125,0.037,0.212,1.01069,1.02744,,0.007,0.013,1002,1001,Yes,g/cm²
body_trunk_left_bmd,Body trunk left BMD,Bone density,continuous,0.125,0.037,0.213,0.86408,0.877798,,0.007,0.014,1002,1001,Yes,g/cm²
femur_neck_mean_bmd,Femur neck mean BMD,Bone density,continuous,0.132,0.043,0.221,0.870642,0.887666,,0.007,0.014,974,964,Yes,g/cm²
spine_l2_l4_bmd,Spine L2 L4 BMD,Bone density,continuous,0.134,0.037,0.231,1.1136,1.13598,,0.009,0.017,837,810,Yes,g/cm²
body_trunk_bmd,Body trunk BMD,Bone density,continuous,0.115,0.028,0.203,0.878041,0.890616,,0.01,0.018,1002,1001,Yes,g/cm²
femur_left_neck_bmd,Femur left neck BMD,Bone density,continuous,0.121,0.032,0.21,0.873006,0.888898,,0.011,0.02,974,965,Yes,g/cm²
spine_l1_l3_bmc,Spine L1 L3 BMC,Bone density,continuous,0.135,0.038,0.232,36.8722,38.1288,,0.013,0.024,834,804,Yes,g
spine_l3_bmd,Spine L3 BMD,Bone density,continuous,0.118,0.029,0.206,1.15159,1.17238,,0.013,0.024,984,974,Yes,g/cm²
body_arm_left_bmd,Body arm left BMD,Bone density,continuous,0.096,0.009,0.184,0.809397,0.818912,,0.014,0.025,1002,1001,Yes,g/cm²
femur_right_wards_bmc,Femur right wards BMC,Bone density,continuous,0.119,0.03,0.208,1.75006,1.8005,,0.016,0.027,975,966,Yes,g
femur_left_shaft_bmd,Femur left shaft BMD,Bone density,continuous,0.113,0.024,0.202,1.07055,1.08811,,0.019,0.033,974,965,Yes,g/cm²
femur_wards_mean_bmc,Femur wards mean BMC,Bone density,continuous,0.13,0.04,0.219,1.72488,1.7782,,0.019,0.033,974,964,Yes,g
body_total_left_bmd,Body total left BMD,Bone density,continuous,0.089,0.001,0.177,1.08846,1.09846,,0.02,0.034,1002,1001,Yes,g/cm²
body_trunk_right_bmd,Body trunk right BMD,Bone density,continuous,0.103,0.015,0.19,0.891961,0.903355,,0.02,0.034,1002,1001,Yes,g/cm²
spine_l1_l2_bmc,Spine L1 L2 BMC,Bone density,continuous,0.113,0.024,0.201,24.1758,24.7506,,0.027,0.045,979,971,Yes,g
femur_left_wards_bmc,Femur left wards BMC,Bone density,continuous,0.133,0.043,0.222,1.69942,1.7561,,0.028,0.047,974,965,Yes,g
femur_shaft_mean_bmd,Femur shaft mean BMD,Bone density,continuous,0.105,0.016,0.195,1.07388,1.09018,,0.028,0.047,974,964,Yes,g/cm²
body_leg_left_bmd,Body leg left BMD,Bone density,continuous,0.086,-0.002,0.174,1.08214,1.0919,,0.029,0.047,1002,1001,Yes,g/cm²
hr_bpm,Resting heart rate (bpm),Cardiovascular,continuous,-0.322,-0.409,-0.234,61.1621,58.4843,,2.8e-13,2.3e-11,1018,1018,Yes,bpm
r_r_ms,RR interval (ms),Cardiovascular,continuous,0.336,0.248,0.423,998.986,1046.88,,2.7e-13,2.3e-11,1018,1018,Yes,ms
qt_ms,QT interval (ms),Cardiovascular,continuous,0.334,0.246,0.421,420.968,430.981,,5.2e-13,2.9e-11,1017,1017,Yes,ms
sitting_blood_pressure_pulse_rate,Sitting blood pressure pulse rate,Cardiovascular,continuous,-0.271,-0.358,-0.184,65.3725,62.8401,,4.5e-10,1.9e-08,1031,1032,Yes,
l_ankle_index,L ankle index,Cardiovascular,continuous,0.171,0.084,0.258,1.07573,1.09575,,1.5e-05,0.0004,1008,1011,Yes,
l_abi,"Ankle-brachial index, left",Cardiovascular,continuous,0.171,0.084,0.258,1.0754,1.0954,,1.4e-05,0.0004,1008,1011,Yes,
standing_three_min_blood_pressure_pulse_rate,Standing three min blood pressure pulse rate,Cardiovascular,continuous,-0.38,-0.548,-0.212,74.1308,70.1385,,1.9e-05,0.00044,260,296,Yes,
standing_one_min_blood_pressure_pulse_rate,Standing one min blood pressure pulse rate,Cardiovascular,continuous,-0.385,-0.553,-0.217,74.6207,70.3345,,2.2e-05,0.00046,261,296,Yes,
r_ankle_index,R ankle index,Cardiovascular,continuous,0.182,0.095,0.27,1.08203,1.10518,,3.6e-05,0.0006,1008,1011,Yes,
r_abi,"Ankle-brachial index, right",Cardiovascular,continuous,0.182,0.095,0.27,1.08165,1.10481,,3.6e-05,0.0006,1008,1011,Yes,
lying_blood_pressure_pulse_rate,Lying blood pressure pulse rate,Cardiovascular,continuous,-0.299,-0.466,-0.132,62.0494,59.468,,0.00028,0.004,263,297,Yes,
p_mv_aVF,P mV aVF,Cardiovascular,continuous,-0.182,-0.274,-0.089,0.103117,0.0920982,,0.00096,0.013,911,896,Yes,
l_ankle_pressure,L ankle pressure,Cardiovascular,continuous,0.138,0.05,0.225,120.014,123.056,,0.003,0.033,1008,1011,Yes,
r_ankle_pressure,R ankle pressure,Cardiovascular,continuous,0.139,0.052,0.226,120.856,124.062,,0.003,0.033,1008,1011,Yes,
p_mv_II,P mV II,Cardiovascular,continuous,-0.154,-0.243,-0.066,0.132261,0.1207,,0.004,0.04,982,986,Yes,
p_mv_aVR,P mV aVR,Cardiovascular,continuous,0.104,0.016,0.193,-0.100808,-0.0945875,,0.004,0.042,978,994,Yes,
st_mv_V2,ST mV V2,Cardiovascular,continuous,0.111,0.024,0.198,0.137878,0.153497,,0.004,0.042,1018,1018,Yes,
water_glasses_day,Water glasses day,Diet (questionnaire),continuous,0.262,0.139,0.385,6.42913,7.47554,,2.2e-05,0.00015,508,511,Yes,glasses/day
raw_veg_tablespoons_day,Raw veg tablespoons day,Diet (questionnaire),continuous,0.156,0.03,0.282,8.42917,9.64008,,0.003,0.012,480,489,Yes,tablespoons/day
cooked_veg_tablespoons_day,Cooked veg tablespoons day,Diet (questionnaire),continuous,0.191,0.044,0.339,4.08011,4.94524,,0.006,0.013,362,347,Yes,tablespoons/day
age_10_average_weight,Recalled body weight at age 10,Family history,continuous,0.18,0.064,0.296,2.01053,2.17962,,0.002,0.019,570,579,Yes,ordinal (questionnaire)
frailty_body_comp_arm_right_lean_mass,Arm right lean mass,Frailty,continuous,0.56,0.471,0.65,1.89025,2.07046,,2.7e-33,1.9e-32,1002,1001,Yes,kg
frailty_body_comp_arm_left_lean_mass,Arm left lean mass,Frailty,continuous,0.517,0.428,0.606,1.79698,1.96264,,1.6e-29,5.4e-29,1002,1001,Yes,kg
hand_grip_left,Hand grip left,Frailty,continuous,0.453,0.366,0.541,51.5304,56.6458,,2.7e-23,6.2e-23,1031,1032,Yes,lb
hand_grip_right,Hand grip right,Frailty,continuous,0.413,0.326,0.501,53.7566,59.2355,,8.3e-23,1.5e-22,1031,1033,Yes,lb
frailty_body_comp_leg_right_lean_mass,Leg right lean mass,Frailty,continuous,0.436,0.347,0.525,6.10254,6.50069,,2.3e-21,3.3e-21,1002,1001,Yes,kg
frailty_body_comp_leg_left_lean_mass,Leg left lean mass,Frailty,continuous,0.427,0.338,0.515,6.02962,6.41488,,2.1e-20,2.5e-20,1002,1001,Yes,kg
bt__mch,Mean corpuscular haemoglobin (MCH),Hematopoietic,continuous,0.222,0.134,0.31,30.4038,30.7724,,2.4e-07,1.9e-06,997,987,Yes,pg
bt__mcv,Mean corpuscular volume (MCV),Hematopoietic,continuous,0.162,0.074,0.25,89.5323,90.2214,,0.00014,0.00038,995,988,Yes,fL
bt__rdw,Red cell distribution width (RDW),Hematopoietic,continuous,-0.166,-0.254,-0.077,13.3675,13.2423,,0.00014,0.00038,997,984,Yes,%
bt__mchc,Mean corpuscular haemoglobin concentration (MCHC),Hematopoietic,continuous,0.149,0.06,0.237,33.9741,34.101,,0.00034,0.00068,998,989,Yes,
bt__hemoglobin,Hemoglobin,Hematopoietic,continuous,0.153,0.065,0.241,13.2239,13.3547,,0.00062,0.001,998,987,Yes,
Energy / BMR,Energy / BMR,Diet (nutrient intake),continuous,0.202,0.111,0.294,1.11842,1.17074,,1.5e-05,0.002,924,924,Yes,ratio
IMEDAS_score_per_day,Mediterranean diet score (IMEDAS),Diet (nutrient intake),continuous,0.192,0.1,0.283,9.99354,10.2707,,4.5e-05,0.003,924,924,Yes,ordinal (questionnaire)
Vitamin B-6,Vitamin B-6,Diet (nutrient intake),continuous,0.178,0.087,0.27,0.00100681,0.00105309,,0.00013,0.005,924,924,Yes,
"Potassium, K","Potassium, K",Diet (nutrient intake),continuous,0.122,0.031,0.214,1.62894,1.67405,,0.00056,0.018,924,924,Yes,
"Manganese, Mn","Manganese, Mn",Diet (nutrient intake),continuous,0.117,0.026,0.208,0.00245587,0.00272889,,0.00087,0.022,924,924,Yes,
NOVA_pct,Nova (%),Diet (nutrient intake),continuous,-0.14,-0.231,-0.049,0.18737,0.174517,,0.001,0.025,924,924,Yes,
Phytosterols,Phytosterols,Diet (nutrient intake),continuous,0.109,0.017,0.2,0.275509,0.290981,,0.002,0.029,924,924,Yes,
"Phosphorus, P","Phosphorus, P",Diet (nutrient intake),continuous,0.149,0.057,0.24,0.726553,0.745159,,0.002,0.035,924,924,Yes,
physical_activity_maderate_days_a_week,Physical activity maderate days a week,Lifestyle,continuous,0.288,0.182,0.394,2.34745,2.95108,,6.4e-08,1.2e-06,685,695,Yes,days/week
vigorous_activity_minutes,Vigorous activity minutes,Lifestyle,continuous,0.236,0.123,0.348,17.7028,24.9269,,1.8e-06,1.8e-05,599,616,Yes,min/day
walking_minutes_day,Walking minutes day,Lifestyle,continuous,0.215,0.108,0.321,34.9234,42.3831,,0.0005,0.003,679,676,Yes,min/day
walking_10min_days_a_week,Walking 10min days a week,Lifestyle,continuous,0.151,0.048,0.255,4.36,4.69535,,0.002,0.007,725,709,Yes,days/week
hours_watching_tv,Hours watching tv,Lifestyle,continuous,-0.056,-0.162,0.05,1.92518,1.84047,,0.004,0.013,695,677,Yes,ordinal (questionnaire)
liver_sound_speed,Liver sound speed,Liver,continuous,0.235,0.147,0.323,1559.03,1565.58,,1.8e-07,2e-06,1002,1000,Yes,m/s
health_satisfaction,Health satisfaction,Mental health,continuous,0.256,0.161,0.352,4.34229,4.54877,,4.7e-07,6.1e-06,856,851,Yes,ordinal (questionnaire)
tired_or_little_energy_fortnight,Tired or little energy fortnight,Mental health,continuous,-0.2,-0.296,-0.105,1.14539,0.986967,,0.00017,0.001,846,844,Yes,ordinal (questionnaire)
happiness_level,Happiness level,Mental health,continuous,0.169,0.073,0.265,4.26159,4.37634,,0.002,0.007,841,837,Yes,ordinal (questionnaire)
bt__creatinine,Creatinine,Renal function,continuous,0.294,0.138,0.451,0.727456,0.758177,,7.9e-05,0.00032,338,299,Yes,mg/dL
heart_rate_mean_during_wake,Heart rate mean during wake,Sleep,continuous,-0.333,-0.433,-0.232,66.0198,63.5441,,2.1e-09,8.8e-08,781,773,Yes,bpm
heart_rate_mean_during_rem,Heart rate mean during REM,Sleep,continuous,-0.319,-0.42,-0.218,64.1926,61.8203,,1.4e-09,8.8e-08,767,763,Yes,bpm
heart_rate_mean_during_sleep,Heart rate mean during sleep,Sleep,continuous,-0.321,-0.422,-0.221,62.2693,59.8994,,1.9e-09,8.8e-08,776,770,Yes,bpm
heart_rate_mean_during_nrem,Heart rate mean during NREM,Sleep,continuous,-0.322,-0.423,-0.221,62.1999,59.8402,,3.6e-09,1.1e-07,767,764,Yes,bpm
heart_rate_min_during_rem,Heart rate min during REM,Sleep,continuous,-0.301,-0.402,-0.2,50.2065,48.1808,,1.5e-08,3e-07,767,763,Yes,bpm
heart_rate_max_during_nrem,Heart rate max during NREM,Sleep,continuous,-0.282,-0.382,-0.181,94.2996,91.5245,,1.3e-08,3e-07,767,764,Yes,bpm
heart_rate_min_during_sleep,Heart rate min during sleep,Sleep,continuous,-0.272,-0.372,-0.171,48.6044,46.8857,,5.2e-08,9.3e-07,776,770,Yes,bpm
heart_rate_max_during_sleep,Heart rate max during sleep,Sleep,continuous,-0.233,-0.333,-0.133,96.3022,93.9968,,1e-06,1.6e-05,776,770,Yes,bpm
heart_rate_min_during_wake,Heart rate min during wake,Sleep,continuous,-0.247,-0.347,-0.148,46.6513,44.5096,,2.5e-06,3.1e-05,781,773,Yes,bpm
heart_rate_max_during_wake,Heart rate max during wake,Sleep,continuous,-0.257,-0.357,-0.157,98.6909,95.984,,2.5e-06,3.1e-05,781,773,Yes,bpm
heart_rate_max_during_rem,Heart rate max during REM,Sleep,continuous,-0.238,-0.338,-0.137,93.385,91.0879,,5.1e-06,5.8e-05,767,763,Yes,bpm
heart_rate_min_during_nrem,Heart rate min during NREM,Sleep,continuous,-0.226,-0.327,-0.126,47.5763,46.1145,,1e-05,0.00011,767,764,Yes,bpm
quality_score_pat,Quality score pat,Sleep,continuous,-0.066,-0.166,0.033,98.5625,98.2759,,0.003,0.032,781,773,Yes,
