Event,N,Total Events,Median Follow-up (yr),Emb Penalizer,PPV Horizon (yr),Covariates C-Index,Covariates C-Index SE,Covariates Uno C-Index,Covariates Uno C-Index SE,Covariates Capture@Q4,Covariates Capture@Q4 SE,Covariates FoldEnrich,Covariates FoldEnrich SE,Covariates PPV@Q4,Covariates PPV@Q4 SE,Covariates Inc@Q1,Covariates Inc@Q1 SE,DXA Tabular C-Index,DXA Tabular C-Index SE,DXA Tabular Uno C-Index,DXA Tabular Uno C-Index SE,DXA Tabular Capture@Q4,DXA Tabular Capture@Q4 SE,DXA Tabular FoldEnrich,DXA Tabular FoldEnrich SE,DXA Tabular PPV@Q4,DXA Tabular PPV@Q4 SE,DXA Tabular Inc@Q1,DXA Tabular Inc@Q1 SE,DXA SSL (LeJEPA) C-Index,DXA SSL (LeJEPA) C-Index SE,DXA SSL (LeJEPA) Uno C-Index,DXA SSL (LeJEPA) Uno C-Index SE,DXA SSL (LeJEPA) Capture@Q4,DXA SSL (LeJEPA) Capture@Q4 SE,DXA SSL (LeJEPA) FoldEnrich,DXA SSL (LeJEPA) FoldEnrich SE,DXA SSL (LeJEPA) PPV@Q4,DXA SSL (LeJEPA) PPV@Q4 SE,DXA SSL (LeJEPA) Inc@Q1,DXA SSL (LeJEPA) Inc@Q1 SE,DXA SSL (DINO) C-Index,DXA SSL (DINO) C-Index SE,DXA SSL (DINO) Uno C-Index,DXA SSL (DINO) Uno C-Index SE,DXA SSL (DINO) Capture@Q4,DXA SSL (DINO) Capture@Q4 SE,DXA SSL (DINO) FoldEnrich,DXA SSL (DINO) FoldEnrich SE,DXA SSL (DINO) PPV@Q4,DXA SSL (DINO) PPV@Q4 SE,DXA SSL (DINO) Inc@Q1,DXA SSL (DINO) Inc@Q1 SE,DXA Tabular + Covariates C-Index,DXA Tabular + Covariates C-Index SE,DXA Tabular + Covariates Uno C-Index,DXA Tabular + Covariates Uno C-Index SE,DXA Tabular + Covariates Capture@Q4,DXA Tabular + Covariates Capture@Q4 SE,DXA Tabular + Covariates FoldEnrich,DXA Tabular + Covariates FoldEnrich SE,DXA Tabular + Covariates PPV@Q4,DXA Tabular + Covariates PPV@Q4 SE,DXA Tabular + Covariates Inc@Q1,DXA Tabular + Covariates Inc@Q1 SE,DXA SSL (LeJEPA) + Covariates C-Index,DXA SSL (LeJEPA) + Covariates C-Index SE,DXA SSL (LeJEPA) + Covariates Uno C-Index,DXA SSL (LeJEPA) + Covariates Uno C-Index SE,DXA SSL (LeJEPA) + Covariates Capture@Q4,DXA SSL (LeJEPA) + Covariates Capture@Q4 SE,DXA SSL (LeJEPA) + Covariates FoldEnrich,DXA SSL (LeJEPA) + Covariates FoldEnrich SE,DXA SSL (LeJEPA) + Covariates PPV@Q4,DXA SSL (LeJEPA) + Covariates PPV@Q4 SE,DXA SSL (LeJEPA) + Covariates Inc@Q1,DXA SSL (LeJEPA) + Covariates Inc@Q1 SE,DXA SSL (LeJEPA) + DXA Tabular + Covariates C-Index,DXA SSL (LeJEPA) + DXA Tabular + Covariates C-Index SE,DXA SSL (LeJEPA) + DXA Tabular + Covariates Uno C-Index,DXA SSL (LeJEPA) + DXA Tabular + Covariates Uno C-Index SE,DXA SSL (LeJEPA) + DXA Tabular + Covariates Capture@Q4,DXA SSL (LeJEPA) + DXA Tabular + Covariates Capture@Q4 SE,DXA SSL (LeJEPA) + DXA Tabular + Covariates FoldEnrich,DXA SSL (LeJEPA) + DXA Tabular + Covariates FoldEnrich SE,DXA SSL (LeJEPA) + DXA Tabular + Covariates PPV@Q4,DXA SSL (LeJEPA) + DXA Tabular + Covariates PPV@Q4 SE,DXA SSL (LeJEPA) + DXA Tabular + Covariates Inc@Q1,DXA SSL (LeJEPA) + DXA Tabular + Covariates Inc@Q1 SE,DXA SSL (DINO) + Covariates C-Index,DXA SSL (DINO) + Covariates C-Index SE,DXA SSL (DINO) + Covariates Uno C-Index,DXA SSL (DINO) + Covariates Uno C-Index SE,DXA SSL (DINO) + Covariates Capture@Q4,DXA SSL (DINO) + Covariates Capture@Q4 SE,DXA SSL (DINO) + Covariates FoldEnrich,DXA SSL (DINO) + Covariates FoldEnrich SE,DXA SSL (DINO) + Covariates PPV@Q4,DXA SSL (DINO) + Covariates PPV@Q4 SE,DXA SSL (DINO) + Covariates Inc@Q1,DXA SSL (DINO) + Covariates Inc@Q1 SE,DXA SSL (DINO) + DXA Tabular + Covariates C-Index,DXA SSL (DINO) + DXA Tabular + Covariates C-Index SE,DXA SSL (DINO) + DXA Tabular + Covariates Uno C-Index,DXA SSL (DINO) + DXA Tabular + Covariates Uno C-Index SE,DXA SSL (DINO) + DXA Tabular + Covariates Capture@Q4,DXA SSL (DINO) + DXA Tabular + Covariates Capture@Q4 SE,DXA SSL (DINO) + DXA Tabular + Covariates FoldEnrich,DXA SSL (DINO) + DXA Tabular + Covariates FoldEnrich SE,DXA SSL (DINO) + DXA Tabular + Covariates PPV@Q4,DXA SSL (DINO) + DXA Tabular + Covariates PPV@Q4 SE,DXA SSL (DINO) + DXA Tabular + Covariates Inc@Q1,DXA SSL (DINO) + DXA Tabular + Covariates Inc@Q1 SE,DXA SSL (LeJEPA) + DXA SSL (DINO) + Covariates C-Index,DXA SSL (LeJEPA) + DXA SSL (DINO) + Covariates C-Index SE,DXA SSL (LeJEPA) + DXA SSL (DINO) + Covariates Uno C-Index,DXA SSL (LeJEPA) + DXA SSL (DINO) + Covariates Uno C-Index SE,DXA SSL (LeJEPA) + DXA SSL (DINO) + Covariates Capture@Q4,DXA SSL (LeJEPA) + DXA SSL (DINO) + Covariates Capture@Q4 SE,DXA SSL (LeJEPA) + DXA SSL (DINO) + Covariates FoldEnrich,DXA SSL (LeJEPA) + DXA SSL (DINO) + Covariates FoldEnrich SE,DXA SSL (LeJEPA) + DXA SSL (DINO) + Covariates PPV@Q4,DXA SSL (LeJEPA) + DXA SSL (DINO) + Covariates PPV@Q4 SE,DXA SSL (LeJEPA) + DXA SSL (DINO) + Covariates Inc@Q1,DXA SSL (LeJEPA) + DXA SSL (DINO) + Covariates Inc@Q1 SE,P-Value (DXA Tabular vs Covariates),P-Value Capture (DXA Tabular vs Covariates),P-Value (DXA SSL (LeJEPA) vs Covariates),P-Value Capture (DXA SSL (LeJEPA) vs Covariates),P-Value (DXA SSL (DINO) vs Covariates),P-Value Capture (DXA SSL (DINO) vs Covariates),P-Value (DXA Tabular + Covariates vs Covariates),P-Value Capture (DXA Tabular + Covariates vs Covariates),P-Value (DXA SSL (LeJEPA) + Covariates vs Covariates),P-Value Capture (DXA SSL (LeJEPA) + Covariates vs Covariates),P-Value (DXA SSL (LeJEPA) + DXA Tabular + Covariates vs Covariates),P-Value Capture (DXA SSL (LeJEPA) + DXA Tabular + Covariates vs Covariates),P-Value (DXA SSL (DINO) + Covariates vs Covariates),P-Value Capture (DXA SSL (DINO) + Covariates vs Covariates),P-Value (DXA SSL (DINO) + DXA Tabular + Covariates vs Covariates),P-Value Capture (DXA SSL (DINO) + DXA Tabular + Covariates vs Covariates),P-Value (DXA SSL (LeJEPA) + DXA SSL (DINO) + Covariates vs Covariates),P-Value Capture (DXA SSL (LeJEPA) + DXA SSL (DINO) + Covariates vs Covariates),P-Value (DXA SSL (LeJEPA) vs DXA Tabular),P-Value (DXA SSL (DINO) vs DXA Tabular),P-Value (DXA SSL (LeJEPA) vs DXA SSL (DINO)),P-Value (DXA SSL (LeJEPA) + Covariates vs DXA Tabular + Covariates),P-Value Capture (DXA SSL (LeJEPA) + Covariates vs DXA Tabular + Covariates),P-Value (DXA SSL (LeJEPA) vs DXA Tabular + Covariates),P-Value (DXA SSL (DINO) + Covariates vs DXA Tabular + Covariates),P-Value Capture (DXA SSL (DINO) + Covariates vs DXA Tabular + Covariates),P-Value (DXA SSL (DINO) vs DXA Tabular + Covariates),P-Value (DXA SSL (LeJEPA) + Covariates vs DXA SSL (DINO) + Covariates),P-Value-adj (DXA Tabular vs Covariates),P-Value-adj Capture (DXA Tabular vs Covariates),P-Value-adj (DXA SSL (LeJEPA) vs Covariates),P-Value-adj Capture (DXA SSL (LeJEPA) vs Covariates),P-Value-adj (DXA SSL (DINO) vs Covariates),P-Value-adj Capture (DXA SSL (DINO) vs Covariates),P-Value-adj (DXA Tabular + Covariates vs Covariates),P-Value-adj Capture (DXA Tabular + Covariates vs Covariates),P-Value-adj (DXA SSL (LeJEPA) + Covariates vs Covariates),P-Value-adj Capture (DXA SSL (LeJEPA) + Covariates vs Covariates),P-Value-adj (DXA SSL (LeJEPA) + DXA Tabular + Covariates vs Covariates),P-Value-adj Capture (DXA SSL (LeJEPA) + DXA Tabular + Covariates vs Covariates),P-Value-adj (DXA SSL (DINO) + Covariates vs Covariates),P-Value-adj Capture (DXA SSL (DINO) + Covariates vs Covariates),P-Value-adj (DXA SSL (DINO) + DXA Tabular + Covariates vs Covariates),P-Value-adj Capture (DXA SSL (DINO) + DXA Tabular + Covariates vs Covariates),P-Value-adj (DXA SSL (LeJEPA) + DXA SSL (DINO) + Covariates vs Covariates),P-Value-adj Capture (DXA SSL (LeJEPA) + DXA SSL (DINO) + Covariates vs Covariates),P-Value-adj (DXA SSL (LeJEPA) vs DXA Tabular),P-Value-adj (DXA SSL (DINO) vs DXA Tabular),P-Value-adj (DXA SSL (LeJEPA) vs DXA SSL (DINO)),P-Value-adj (DXA SSL (LeJEPA) + Covariates vs DXA Tabular + Covariates),P-Value-adj Capture (DXA SSL (LeJEPA) + Covariates vs DXA Tabular + Covariates),P-Value-adj (DXA SSL (LeJEPA) vs DXA Tabular + Covariates),P-Value-adj (DXA SSL (DINO) + Covariates vs DXA Tabular + Covariates),P-Value-adj Capture (DXA SSL (DINO) + Covariates vs DXA Tabular + Covariates),P-Value-adj (DXA SSL (DINO) vs DXA Tabular + Covariates),P-Value-adj (DXA SSL (LeJEPA) + Covariates vs DXA SSL (DINO) + Covariates)
Date I20 first reported (angina pectoris) - visit 0,24880,209,4.31,0.3,4.0,0.6936374556675571,0.000786320571285259,0.6965036703151244,0.0008202994115646328,0.4880382775119617,0.003420671545379139,7.704279595379505,0.1772286604540206,0.017839508741641908,0.0001331010120074441,0.002324199880588451,4.364971608607272e-05,0.6222776360218301,0.0025440169106305415,0.6176025445618354,0.0024064504799532712,0.41818181818181815,0.005670299468781873,2.92410754604876,0.07236294013631824,0.015408438140484737,0.00021030470018571507,0.005292802020956245,0.00012191031507776178,0.6236351032778169,0.0035534897122718764,0.6202921365272933,0.0036765973818190033,0.37464114832535883,0.008410715708730594,3.3418893729784585,0.17763126877186203,0.01372880162853476,0.00030800657437040046,0.004176700798630339,0.00014988717249689884,0.5971985476244708,0.0035884852588556337,0.6041616276037448,0.003605422413207179,0.35741626794258374,0.007345185926423891,2.83287895059521,0.2197303797528816,0.012368868486473695,0.0002577889165013193,0.00453522739932023,0.000249710104832133,0.6937487274362224,0.0008045871644670594,0.6965517612831414,0.000836570552644602,0.4913875598086125,0.0033492822966507125,7.7615145098145035,0.18982793588612246,0.017950079242330996,0.00012154896535977059,0.0023236040829625717,5.08186254647052e-05,0.6936803082575029,0.0015455909127386415,0.6944575548561026,0.0015432230002527618,0.4794258373205741,0.002743963402565433,8.536323962760845,0.2361174605927532,0.01750748547601134,0.00010135760470330815,0.0020650773269238255,5.8047788229941646e-05,0.6937221944128218,0.0015473363514735344,0.6944531275612758,0.0015467013822536015,0.4799043062200957,0.002576633879011725,8.487812051666863,0.22515775367801202,0.01754802858027569,9.722394341873773e-05,0.002080523575753823,5.574627891285915e-05,0.6842721550196285,0.0017824817904447605,0.6889001164957022,0.0017826610881760555,0.46650717703349287,0.005443715523405422,7.51366253044755,0.42181106903896726,0.01693127120191945,0.00020691413298546952,0.002302151261085339,0.00010247603902828013,0.6843566741206598,0.0017863228658366974,0.6889237764681329,0.0017828104519712722,0.4679425837320574,0.005652327000532485,7.426455195437461,0.4297720625974682,0.0169700461702185,0.00021546476282376735,0.00233602156858006,0.00010403885544550489,0.6841529540941356,0.0022029469292633324,0.6870132234952857,0.002062841754828229,0.44784688995215305,0.0059333573326118905,7.457920552112805,0.27213290086276953,0.016207850312026484,0.0002145217654875803,0.002200519893874964,8.796401892290624e-05,1.0,1.0,1.0,1.0,1.0,1.0,0.0068359375,0.09375,0.4609375,0.998046875,0.4609375,0.99609375,1.0,0.9931640625,1.0,0.990234375,1.0,1.0,0.34765625,1.0,0.0009765625,0.5,1.0,1.0,1.0,0.998046875,1.0,0.0009765625,1.0,1.0,1.0,1.0,1.0,1.0,0.007975260416666668,0.2916666666666667,0.5094572368421053,0.998046875,0.5094572368421053,0.99609375,1.0,0.9931640625,1.0,0.990234375,1.0,1.0,0.5615985576923077,1.0,0.0025634765625,0.5833333333333334,1.0,1.0,1.0,0.998046875,1.0,0.0025634765625
Date I21 first reported (acute myocardial infarction) - visit 0,25314,167,4.32,0.3,4.0,0.6794483977310093,0.0007401102219283126,0.6577479629916412,0.0006584515903077399,0.4502994011976048,0.003434061982851351,6.999124850147327,0.29324188439082177,0.012964717993116636,0.00010038447203053432,0.001882450918662748,8.212709488939294e-05,0.6495055352196697,0.0021012263527553374,0.6234185656443115,0.0015539279853446484,0.42095808383233535,0.005131720611649678,4.357439458367181,0.17748924106994954,0.012214815556523517,0.00014765288343091207,0.002833584058080196,8.652383067136528e-05,0.6380347017313396,0.003958779904612325,0.628393643731308,0.004157242680663383,0.43113772455089816,0.008132354805374598,3.556366800854532,0.23719989154448576,0.012421059113073774,0.00024335149221517953,0.00359997927846929,0.00019232500383935144,0.6305608857872025,0.0034644026427825708,0.6155624302973297,0.003134695028618973,0.3904191616766467,0.007240861136613593,3.4831523066967875,0.22027728994281828,0.011417087887056176,0.0002156777694984445,0.003381212023933233,0.00019437170344664657,0.6802316453658029,0.0007643108682179493,0.6582450036718942,0.0006754221317661938,0.4538922155688622,0.0037660603321583268,7.145477727722289,0.2672638286127106,0.013073254645355203,0.0001094858373299341,0.0018501306451557565,6.300329397814354e-05,0.6842375418525384,0.0017409732865486245,0.6660971529215938,0.0016187546751403625,0.4736526946107785,0.004322636292955625,5.806008449377683,0.1293847242426715,0.013668666829960485,0.0001395895741148411,0.0023617589656314887,4.351754345704731e-05,0.6846449414057674,0.001727097356566252,0.6662672813396262,0.001598411137016767,0.47185628742514985,0.004354775295263754,5.823847395208457,0.1389780925887886,0.013615173773214284,0.00013896536634017644,0.0023469280958436254,4.798621892646529e-05,0.686769941168181,0.0016308757069283298,0.6650491844842862,0.0014505597186315665,0.481437125748503,0.005220238255737333,6.987603598715252,0.1807665945725487,0.014304216552515703,0.00015758823498596697,0.0020583015731095444,5.202341435101797e-05,0.6872018596361371,0.001612485869873,0.6652462307833095,0.001439698193948844,0.48083832335329346,0.00585684660723401,6.9825630770143645,0.19132710578385756,0.014288385359882905,0.00017781226080619908,0.0020579501682765787,5.1903827302841604e-05,0.6892327751908769,0.0018309078344437406,0.6703850843575434,0.0016365181128818712,0.48982035928143713,0.00365874306982502,6.485940438894791,0.3186024162839153,0.01435581920833745,0.00010635327834837853,0.002257410477124344,0.0001024857399776673,1.0,1.0,1.0,0.98046875,1.0,1.0,0.0009765625,0.1875,0.009765625,0.0009765625,0.0009765625,0.0009765625,0.0009765625,0.001953125,0.0009765625,0.001953125,0.0009765625,0.0009765625,0.9755859375,0.9990234375,0.080078125,0.013671875,0.0078125,1.0,0.0009765625,0.0009765625,1.0,0.919921875,1.0,1.0,1.0,1.0,1.0,1.0,0.001206341911764706,0.39375000000000004,0.015775240384615384,0.00205078125,0.00205078125,0.00205078125,0.0018643465909090908,0.0037286931818181815,0.0018643465909090908,0.0037286931818181815,0.00205078125,0.0022786458333333335,1.0,1.0,0.09342447916666667,0.0205078125,0.012620192307692308,1.0,0.00205078125,0.0022786458333333335,1.0,1.0
Date M81 first reported (osteoporosis without pathological fracture) - visit 0,25068,159,4.32,0.3,4.0,0.7586471868427203,0.000479653836574309,0.7591726387322242,0.00047528162744980623,0.6094339622641509,0.003308120301479978,11.809864582138418,0.4289035721456849,0.01676908890453299,7.678657847865748e-05,0.0014378245259569322,5.517641448141628e-05,0.7870205655526993,0.0016551214400397484,0.7921116261471547,0.0014300208809158654,0.7056603773584905,0.005203217461631385,14.668146491168491,0.9891263010744141,0.018707721346647433,0.00014958843914275605,0.0013160049902478988,6.891024755984861e-05,0.7729693269455481,0.0028689759385223564,0.7738060921438125,0.003021811243536605,0.6534591194968554,0.005257834886366646,18.258143953008187,1.4021126047666954,0.01752406117692078,0.00015109105377026846,0.0010104639215055666,7.645166601902266e-05,0.7608842019163355,0.002751751796320322,0.7591631826594772,0.002259177317947838,0.640251572327044,0.005118052669070733,11.872451187945227,0.8283237339271852,0.01711302719838671,0.00018555856123208625,0.0015130771135708598,0.00011773938149616528,0.761905059593363,0.0004887082065258242,0.7626046567281977,0.00048306543710952454,0.6157232704402514,0.0028821230785885782,12.366856790567475,0.4297355772137394,0.016851504652667514,6.282600500192625e-05,0.001376468607742798,4.4550782385808835e-05,0.7894284587520448,0.0010476662952335824,0.790466085555115,0.0011415771446177648,0.6484276729559748,0.003308120301479978,26.621381471154745,2.2939562611891224,0.017452564717535722,8.19503115655943e-05,0.0007129972017989039,7.654123023913785e-05,0.7905279562982004,0.001049465868752028,0.7916294145073566,0.0011305536946098612,0.6534591194968554,0.003030782451740242,32.427795698856734,3.8743620971296595,0.017597986697716794,9.272413304835321e-05,0.000625596115515048,8.488302119948666e-05,0.7823376372984342,0.0012112526953199092,0.7824082789257925,0.0009972087122666086,0.6509433962264151,0.0010482180293501047,32.56684101675056,3.558228507219953,0.01768055792681932,3.9573285223569876e-05,0.00059564458286816,5.573413342584322e-05,0.783795074783828,0.0012073207782844065,0.7839299535717816,0.0009996186661095218,0.6547169811320754,0.0014675052410901464,33.63404209212571,3.4607075431101006,0.017783356353855397,5.421518504566923e-05,0.0005774327060638629,5.4826502537584984e-05,0.7972200572563685,0.001203170979173052,0.797081083735003,0.0011734361201768784,0.6861635220125787,0.004540127427192392,49.34117402470012,7.23304159824133,0.018509676435967615,0.00013185555346858203,0.00047589309148323713,8.84660468653365e-05,0.0009765625,0.0009765625,0.0029296875,0.0009765625,0.2783203125,0.001953125,0.0009765625,0.0390625,0.0009765625,0.0009765625,0.0009765625,0.0009765625,0.0009765625,0.0009765625,0.0009765625,0.0009765625,0.0009765625,0.0009765625,1.0,1.0,0.0068359375,0.0009765625,0.0009765625,0.0048828125,0.0009765625,0.0009765625,0.65234375,0.0009765625,0.0068359375,0.0041015625,0.0205078125,0.0041015625,1.0,0.013671875,0.001206341911764706,0.1640625,0.0022786458333333335,0.00205078125,0.00205078125,0.00205078125,0.0018643465909090908,0.0022786458333333335,0.0018643465909090908,0.0022786458333333335,0.00205078125,0.0022786458333333335,1.0,1.0,0.011042668269230768,0.0022786458333333335,0.0025634765625,0.0341796875,0.00205078125,0.0022786458333333335,1.0,0.0025634765625
Date K76 first reported (other diseases of liver) - visit 0,25608,206,4.31,0.3,4.0,0.6638356330585472,0.0007849600360679887,0.6559509105001171,0.0006425983903249561,0.45194174757281563,0.0022245513082309893,4.106170681627967,0.0855642264285003,0.01647373314971784,6.000333340654514e-05,0.004028117800928976,8.79262241819458e-05,0.6461144093629406,0.0020663776237360263,0.6419993689104011,0.0023649446984001284,0.40388349514563104,0.004016075613589272,4.61263826655407,0.2110637076073032,0.014534135495591082,0.0001753996898107015,0.0032095867536065968,0.0001470739386546675,0.6287299823267146,0.0034308602385945157,0.6277616964626829,0.0038698138911606194,0.4131067961165048,0.006995458356381,3.349188479676345,0.16506456041835343,0.014476412375520165,0.00025305788533645524,0.004407106708812503,0.00020938894967757057,0.617502974460691,0.002371509748262245,0.6269043110782503,0.0019483273297040919,0.40048543689320387,0.00631897222969794,2.811484395495683,0.09991022078165594,0.01456682346567938,0.00023236425318816476,0.0052232931274788785,0.00015029773106781094,0.6644793470819037,0.0007799409904440122,0.6566415825595626,0.0006452805017571806,0.4509708737864077,0.002448664393272095,4.145590981650005,0.07424908042224289,0.01643627265465526,5.610339526034534e-05,0.00397655468989091,7.43483321405985e-05,0.6677432695082276,0.001350873842560416,0.6620770190411529,0.0016429201132100676,0.46844660194174753,0.002731705989665716,4.607069170292925,0.1480210361343025,0.01679431707069644,0.00010928704879481698,0.0036764069311618465,0.00011040798971393605,0.6681196214843879,0.0013525104490552937,0.662508581030796,0.001641774111155487,0.46650485436893196,0.002750809061488672,4.654236477584952,0.14973683188137296,0.01672181951251992,0.00011187215283909095,0.003623157323666304,0.00010765347440239354,0.6655517476424665,0.0015963918025379714,0.6649203432464906,0.0010760505000005144,0.45970873786407773,0.0034742573711300773,4.657046826147178,0.16632139134785143,0.01690674304078298,0.0001342917766930077,0.0036674307908457493,0.00011669591755438691,0.6658225684901764,0.0015730748964156755,0.6651608737834825,0.001072043745836715,0.4558252427184466,0.0035042731112795637,4.615445094706916,0.160870614220356,0.016758290440792058,0.00013351769993753397,0.0036669060797988482,0.00011679738767422105,0.6654827655836204,0.001787333586205458,0.6651468813505648,0.0017066024836223943,0.4650485436893204,0.003378739970521212,4.6812966901483,0.13733496860877545,0.016805679463246737,0.00010514636598271532,0.003617993730108371,0.00010910373058436421,1.0,1.0,1.0,1.0,1.0,1.0,0.0009765625,0.8203125,0.0244140625,0.0029296875,0.0185546875,0.0048828125,0.080078125,0.0537109375,0.080078125,0.228515625,0.2158203125,0.009765625,1.0,1.0,0.009765625,0.0654296875,0.001953125,1.0,0.2158203125,0.02734375,1.0,0.1162109375,1.0,1.0,1.0,1.0,1.0,1.0,0.001206341911764706,0.861328125,0.03204345703125,0.004732572115384615,0.02435302734375,0.007887620192307692,0.1201171875,0.07049560546875,0.1201171875,0.2895220588235294,0.32373046875,0.015775240384615384,1.0,1.0,0.0146484375,0.08587646484375,0.0037286931818181815,1.0,0.32373046875,0.04417067307692307,1.0,0.2218572443181818
Date J44 first reported (other chronic obstructive pulmonary disease) - visit 0,25450,101,4.32,0.3,4.0,0.687125232317172,0.0016753581315643634,0.7059145248383499,0.0015531633543096673,0.49504950495049493,0.006433527620335952,6.319560136429904,0.30182386896599495,0.008960679270623629,0.00010419856157141182,0.0014463508591731511,6.890436785558116e-05,0.6654734873953926,0.0042936862858406885,0.6757863977321952,0.004481897347704461,0.44257425742574263,0.011812231134107773,5.220039062023395,0.48100338983610974,0.007433436862564402,0.00021567989718023799,0.0014914449401658536,8.872374238008716e-05,0.6956590739035836,0.004219965587812921,0.6876871207042875,0.004389553731482305,0.4861386138613861,0.0074458839423620325,5.78721879084176,0.2696590059701341,0.008162801905537764,0.0001293570513294877,0.0014361142405077243,6.667282094947927e-05,0.6443606407298984,0.00512250288699521,0.652408084347846,0.004853725607652938,0.45247524752475254,0.008861862430427426,3.9205320859023636,0.22530556907663207,0.007741049841998982,0.0001502259426508569,0.0020177176599528333,9.017197307124266e-05,0.6889492884801716,0.0016998975706425635,0.7077124722209008,0.0015661240376681684,0.498019801980198,0.006930693069306933,6.379096965404952,0.3304523148661656,0.00901102227334668,0.00011416589221980366,0.001444184494714318,6.969674896006045e-05,0.7218576408643751,0.002433751783394555,0.7306191378873614,0.0024417196988689833,0.5534653465346535,0.005986256484230045,9.61882396796239,0.529299046178539,0.009729634863280202,0.0001277978956236133,0.001041785255395633,6.381627274643138e-05,0.7227788064672963,0.002461927332768228,0.7316507654953337,0.0024591197173874616,0.5534653465346535,0.005986256484230043,10.747336017339288,0.7509324490823847,0.009737358302535037,0.0001240779553447615,0.0009418239154693308,6.138930671508493e-05,0.7017460424187882,0.002601033183427697,0.7179709724616457,0.002401210325382995,0.5277227722772277,0.009684092905030499,7.069397410271414,0.44689577006581055,0.00939897832739266,0.00018739825707194096,0.001373458970199859,8.095921417733798e-05,0.70285474271843,0.002628646748078344,0.7190691758099674,0.0024366040574330156,0.5316831683168317,0.008612533564818408,7.111326184046395,0.4389826391228537,0.009472597893598611,0.0001670153670712195,0.0013732776145548465,7.714825938019241e-05,0.7204715823083794,0.0029671394934524843,0.7298249631784921,0.0029225274496816867,0.5346534653465348,0.008349247947639282,9.560150201994025,1.1291094027403872,0.009304707956482316,0.00014894473314528504,0.0010573025735639897,8.464541221039532e-05,1.0,0.998046875,0.0419921875,0.765625,1.0,0.9990234375,0.0009765625,0.28125,0.0009765625,0.0009765625,0.0009765625,0.0009765625,0.0009765625,0.0009765625,0.0009765625,0.0009765625,0.0009765625,0.001953125,0.0009765625,0.998046875,0.0009765625,0.0009765625,0.0009765625,0.1162109375,0.0009765625,0.00390625,1.0,0.0009765625,1.0,1.0,0.220458984375,1.0,1.0,1.0,0.001206341911764706,0.4921875,0.0022786458333333335,0.00205078125,0.00205078125,0.00205078125,0.0018643465909090908,0.0022786458333333335,0.0018643465909090908,0.0022786458333333335,0.00205078125,0.0041015625,0.0025634765625,1.0,0.0025634765625,0.0022786458333333335,0.0025634765625,0.610107421875,0.00205078125,0.0068359375,1.0,0.0025634765625
Date N17 first reported (acute renal failure) - visit 0,25777,219,4.32,0.3,4.0,0.7117764066710723,0.0008102275860722656,0.7050897460996242,0.0006912374420361052,0.5493150684931506,0.005141353349788293,7.710355735796874,0.07968579890720337,0.020629444679394326,0.0001884587288341075,0.002677443785350342,3.097838078184878e-05,0.6600466711546736,0.0019251521407662921,0.663226941250746,0.0017386239180221098,0.47351598173515985,0.004669059863067873,4.70877744993651,0.13129338954055447,0.017659746092601215,0.0001836005081984483,0.0037809273959511945,0.0001281673002515545,0.6648203664931167,0.001892040146748543,0.6742415928043953,0.0019527183214678493,0.4730593607305935,0.0051481079224620285,4.514361914359251,0.13761605331880267,0.017817586346232227,0.0001790865959924129,0.003981529394899963,0.00013392398847757192,0.6550869911619204,0.004114427967736671,0.6643665001568333,0.00404062532840206,0.4493150684931506,0.008088481129732981,4.206480864040575,0.2575553137330987,0.016855398286920887,0.0003014797659738218,0.004112921845236905,0.00019946401320741053,0.7121502905881554,0.0008139476256555464,0.7058870365819805,0.0006754513072853663,0.5515981735159817,0.0046566388251988895,7.584854686012446,0.08931748997258135,0.0206773025802496,0.0001682313562887226,0.002728029600668358,2.480122828737111e-05,0.7142518513028603,0.0008759259423988743,0.7126859630352435,0.000865715985398219,0.563013698630137,0.0043077539415783605,7.972875707947123,0.19866584667309498,0.021534536051836185,0.00014911804350737842,0.002714334561459364,6.171432993430336e-05,0.7144937713463403,0.0008841747809519011,0.7131651973818351,0.0008658086732847675,0.5652968036529681,0.0041850006346628695,8.102093683395468,0.19475379557942218,0.021612220233835078,0.00013850569484683578,0.002679062177390301,5.4644342990119136e-05,0.7127440456706173,0.001627915148347346,0.7109081547069132,0.0015274435906186992,0.5538812785388127,0.003540244550871535,7.608610054659438,0.19124850547117156,0.02097582897648518,0.00011357551298548732,0.0027722509595548227,6.98749384032296e-05,0.7129688371738732,0.0016319715104615624,0.711368146603504,0.0015282066466011622,0.5538812785388127,0.004517754057733893,7.46009693620839,0.1955337647831883,0.02095077969439847,0.00013994883428850423,0.0028241400898629697,6.899356917197262e-05,0.7126023234700117,0.00150318102476384,0.7136823936903111,0.0014276296391534428,0.5598173515981736,0.004525439496900605,7.50525251813257,0.24865138144187646,0.021214962488640254,0.0001679761477598115,0.0028566393452115315,0.00010324833953704943,1.0,1.0,1.0,1.0,1.0,1.0,0.0009765625,0.109375,0.0048828125,0.0234375,0.0029296875,0.017578125,0.3125,0.21875,0.2783203125,0.234375,0.3125,0.048828125,0.0419921875,0.919921875,0.0322265625,0.0068359375,0.0390625,1.0,0.4228515625,0.337890625,1.0,0.2158203125,1.0,1.0,1.0,1.0,1.0,1.0,0.001206341911764706,0.2916666666666667,0.008544921875,0.03076171875,0.004732572115384615,0.0230712890625,0.41015625,0.2702205882352941,0.36529541015625,0.2895220588235294,0.4375,0.068359375,0.08818359375000001,1.0,0.045117187499999996,0.013050426136363636,0.05126953125,1.0,0.55499267578125,0.4173943014705882,1.0,0.3486328125
Date M48 first reported (other spondylopathies) - visit 0,25355,113,4.32,0.3,4.0,0.6857032982650577,0.002048877557408388,0.6624277622066391,0.0020172314759817588,0.43805309734513276,0.00701171936519452,7.328940735585677,0.3431233333531736,0.008950938419916876,0.0001381716921936577,0.0012398969405870818,4.632843181570772e-05,0.6310639075430033,0.00527043593411678,0.6121844840341781,0.006682602656813769,0.42920353982300885,0.01260177543557158,3.2851171846138465,0.2177936129480408,0.008593954597177178,0.00026482947738836615,0.002682280994660524,0.00012126030533849635,0.5981012015731162,0.004820964843747357,0.6009788106063421,0.00519839460196238,0.3601769911504425,0.011041278626674273,2.5505496729349963,0.09982702683897181,0.0068465115244718214,0.00021600903258545302,0.0027147318512373174,0.00011606675006556678,0.6238418093940302,0.006694882938476852,0.6208786475645405,0.005720834241656928,0.39557522123893807,0.012022232373047096,3.5823098824946937,0.2699585540884927,0.007803518696799361,0.000243664450781793,0.002247542195295671,0.00011036306531767457,0.6873883589567814,0.0020892005662348965,0.6637226424955497,0.0019733469063920083,0.44159292035398223,0.006388320893129117,7.7202697206763755,0.49693029239084585,0.009024999376043064,0.00012659772918731542,0.0012011024532572524,5.762877185121174e-05,0.6762752706356041,0.0028557160935370916,0.6670228239219829,0.0031228050211963725,0.44690265486725667,0.0066289690425499195,6.520248934992802,0.3038251302833791,0.008898916612947848,0.00012126442213943065,0.0013855054305925262,5.269280750574833e-05,0.6775061038067132,0.002825816417444504,0.6678807526121308,0.0030641032781593826,0.447787610619469,0.006489675516224187,6.604797503655507,0.27787443458086397,0.008928593530896678,0.00012091232240011058,0.0013693694317154059,5.074242044491942e-05,0.691532418747614,0.0034483814129393107,0.6818124881030613,0.0032767451141988693,0.48141592920353987,0.008869201403169859,9.096376696053394,0.554295918279328,0.009694686116352325,0.00017572164852854965,0.00109466398936946,5.633216460922743e-05,0.692472482610172,0.0034190388767113603,0.6824364790816813,0.0032692263033265957,0.48407079646017703,0.008952207023889982,9.067405547161616,0.5819372943283362,0.009762782994812669,0.0001782378941500435,0.0011123123367061337,6.599844215569034e-05,0.6824669371330799,0.0035167821901711197,0.6752756079538557,0.0031502471752342925,0.46902654867256643,0.014146995643990318,7.261112445654632,0.43621907974185836,0.009440264817667455,0.0002923398406805098,0.0013298131462058382,6.995631361715473e-05,1.0,0.66015625,1.0,1.0,1.0,0.99609375,0.0009765625,0.125,1.0,0.0625,1.0,0.078125,0.0419921875,0.0009765625,0.0322265625,0.0009765625,0.7841796875,0.009765625,0.9990234375,0.7841796875,0.9951171875,1.0,0.3125,1.0,0.080078125,0.0009765625,1.0,0.9990234375,1.0,1.0,1.0,1.0,1.0,1.0,0.001206341911764706,0.2916666666666667,1.0,0.07720588235294118,1.0,0.09114583333333334,0.06783353365384615,0.0022786458333333335,0.05205829326923077,0.0022786458333333335,1.0,0.015775240384615384,1.0,1.0,0.9951171875,1.0,0.36458333333333337,1.0,0.12935697115384615,0.0022786458333333335,1.0,1.0
Date I25 first reported (chronic ischaemic heart disease) - visit 0,24694,437,4.31,0.3,4.0,0.6975083606144866,0.0003448082444651042,0.6835198464365867,0.0003505839031182653,0.4933638443935927,0.000976830547281902,7.843508541890825,0.1118354332442201,0.038516117259228266,7.872900958358806e-05,0.004919238804664316,6.839991711805089e-05,0.6856613614428431,0.0010347659305955498,0.6726067784426049,0.0011753034979225395,0.4860411899313501,0.002711882354634814,5.8424032143735545,0.09523582562951521,0.03754322847728188,0.00022372307495181345,0.0064427429606808695,0.00012020778791354189,0.6730252336243417,0.000901519430467774,0.66058662889575,0.0010356352121294729,0.4723112128146454,0.0051868802440884825,4.70239121957492,0.12124102832763133,0.03614889549252531,0.0004008223470262061,0.007725448720164651,0.00018247665225510859,0.6706192216659503,0.0014676069637121864,0.6575018082380718,0.0015965630582595507,0.4697940503432495,0.0027932621546301363,5.158999455513543,0.2013817525424011,0.03570374250519204,0.00020386401293631808,0.007021644600320687,0.00029535446413869786,0.6986678325014587,0.00035230653095256646,0.6845832017949031,0.0003553110027379935,0.4931350114416476,0.0014572824694540718,7.821130612250315,0.10182373169267125,0.03843015897315656,0.0001141597206105985,0.004920738870198016,6.255643581458521e-05,0.703024281563457,0.0004888912550682076,0.6886156702985304,0.0005140671194552774,0.4981693363844394,0.0016728994812708867,7.8457030108903165,0.1478151826259584,0.0387989198598257,0.0001401700571904193,0.004960704663759685,9.282441194903985e-05,0.7036763482744266,0.0004926821899431227,0.6892025013593245,0.0005178043219965728,0.4983981693363845,0.002012342632841026,7.860260325163142,0.15156917527874486,0.03885193158971073,0.00015977011792530537,0.004959413511232147,9.736379057302706e-05,0.7070183775193726,0.0006445473862074357,0.6923740808738947,0.0007357241880394577,0.49908466819221975,0.0015044304289333408,8.644171234464665,0.2230624219025114,0.03850671938274965,0.00011220192376192578,0.004479459593001567,0.00010755902882763774,0.7076361615944973,0.0006427320504402585,0.6929379878270968,0.0007311835741582565,0.499771167048055,0.0012854538174182123,8.715709064076453,0.20118776701199764,0.038570533268289055,0.00011231120830701671,0.004445796507851774,9.905004627907718e-05,0.7071916483783721,0.0006937483535886998,0.69260309913705,0.0008190825266630472,0.49954233409610993,0.0018385920355749785,8.143530833166963,0.2324988266960954,0.0387178542956246,0.00015119719020815928,0.004791893569885475,0.00014767478736855697,1.0,0.994140625,1.0,1.0,1.0,1.0,0.0009765625,0.8125,0.0009765625,0.01171875,0.0009765625,0.009765625,0.0009765625,0.0126953125,0.0009765625,0.00390625,0.0009765625,0.0234375,1.0,1.0,0.0654296875,0.0009765625,0.015625,1.0,0.0009765625,0.037109375,1.0,1.0,1.0,1.0,1.0,1.0,1.0,1.0,0.001206341911764706,0.861328125,0.0022786458333333335,0.017578125,0.00205078125,0.013671875,0.0018643465909090908,0.0205078125,0.0018643465909090908,0.006310096153846154,0.00205078125,0.03515625,1.0,1.0,0.0808249080882353,0.0022786458333333335,0.0234375,1.0,0.00205078125,0.0556640625,1.0,1.0
Date I63 first reported (cerebral infarction) - visit 0,25785,119,4.32,0.3,4.0,0.6538280310613824,0.0019140365054600922,0.6456368212964612,0.002289924396420647,0.4344537815126051,0.006751804365934988,4.132575740716106,0.22305697053743767,0.008906985040835836,0.00013903829817952918,0.002197001385994768,8.76637483717564e-05,0.5778683208254604,0.00498974623270645,0.5573803963204946,0.004898448982933057,0.35882352941176476,0.009209681917520224,1.7897180263901948,0.10283047119477812,0.007286586325097521,0.00019010892061175475,0.004159012236058734,0.0001817755855073049,0.6103578293164008,0.0033800180190563674,0.5938155156892666,0.0034592544400797675,0.37815126050420167,0.004851682934366602,2.5525849880428604,0.1117695369687881,0.007565690848875539,9.440514941266181e-05,0.0030209392785036314,0.00015060342122669824,0.566831542051923,0.004630590196335835,0.575990791826329,0.005340152926441369,0.33865546218487397,0.009378526074388346,1.9513112108002115,0.14817672052763062,0.006483841153519321,0.00018530423874140486,0.0034662610269923675,0.00022607233262250906,0.6539405352816787,0.001958088630758827,0.645288319410158,0.0023584182998548997,0.4319327731092438,0.006997196636860949,4.068787142863846,0.2380495850500751,0.008821847423067863,0.0001388062117336671,0.002214575199889879,9.022625827708879e-05,0.6577399867912124,0.0022397470038730996,0.6443911793498384,0.0024965243444632222,0.42521008403361343,0.008328329830430534,3.7648385055362596,0.14294142869027537,0.008604116965842479,0.00015513850940038857,0.0023066317794013915,6.918295191160262e-05,0.6578171737932913,0.002262231606198038,0.6441598349548466,0.002534631045944246,0.4260504201680672,0.00730979739535008,3.813016000325421,0.12128603480079292,0.008605466584567133,0.00013799545991732918,0.0022704353673979384,5.333319496410026e-05,0.6394131640673588,0.002656187728708504,0.6367306212104917,0.003199943875930653,0.4310924369747899,0.007201658337357112,3.7865106498762047,0.1896251821392168,0.008662714139522132,0.00014124554539676523,0.0023246138708981068,8.43171087975112e-05,0.639510415987964,0.0026961289116731336,0.6364142133529193,0.0032455625497398582,0.4294117647058823,0.006563235021770296,3.7764743129615708,0.14384537093678487,0.008630500526763308,0.0001300338532593793,0.0023049283190546997,5.930012338571118e-05,0.6469264765114586,0.002229060284707499,0.6390042944174158,0.0026750645291898573,0.44453781512605045,0.007767744887317673,3.4427684971800887,0.15679728895726858,0.008807715491562696,0.00016107127245268229,0.0025927088052326132,9.19859251607063e-05,1.0,1.0,1.0,1.0,1.0,1.0,0.16796875,0.6953125,0.013671875,0.857421875,0.013671875,0.841796875,1.0,0.6474609375,1.0,0.6953125,0.9990234375,0.08203125,0.0009765625,0.9677734375,0.0009765625,0.013671875,0.830078125,1.0,1.0,0.58203125,1.0,0.0009765625,1.0,1.0,1.0,1.0,1.0,1.0,0.16796875,0.8385416666666667,0.0205078125,0.9002929687500001,0.019140624999999998,0.88388671875,1.0,0.75537109375,1.0,0.8111979166666667,1.0,0.1013327205882353,0.0025634765625,1.0,0.0025634765625,0.0205078125,0.87158203125,1.0,1.0,0.6790364583333334,1.0,0.0025634765625
Date of death - visit 0,25945,275,3.71,0.3,4.0,0.7225122405668938,0.00026085675776105384,0.6282405384455274,0.0005333485969740578,0.530909090909091,0.002424242424242421,8.44140755463764,0.07317280414994035,0.030443021005959213,0.00013519607350486357,0.0036091026016297654,3.7972928096493045e-05,0.635663750169086,0.001964339860348281,0.5992353601024628,0.003595791929795676,0.392,0.004156709866541148,3.4262659094001835,0.0797941346745932,0.021189360638465094,0.00027477155764101294,0.0062025230170785536,0.000103378258049576,0.6786817373143914,0.002622962020445736,0.6065823171120932,0.002033127188081429,0.4956363636363636,0.004094386849467765,4.02166347630887,0.1255561560445854,0.027183412961803433,0.0002271604423615395,0.006813406723034288,0.00020126890618021222,0.68965440704655,0.0018966193807161886,0.5991707528033361,0.0034636547163284397,0.4876363636363636,0.007480860181434891,4.762354888069399,0.09869091133917113,0.026164203612841618,0.00045505558447434967,0.00550849339072812,0.00011788813642862246,0.7228026803098577,0.00026700393993563256,0.628810812001355,0.0005370758031038364,0.5316363636363637,0.0022870257289834156,8.635212452400589,0.1365115589836569,0.030479127042464825,0.00014176963318001268,0.0035367586036578525,5.2922139910823194e-05,0.7305632475793828,0.0010963621001536807,0.6376965236035844,0.0008950976997166068,0.5483636363636363,0.0036282738295989763,8.996749863151798,0.21429389028812915,0.03181085627821464,0.0002624729814497939,0.003549926486476862,7.10048615777363e-05,0.7306030155382193,0.0011073724678658363,0.637884100114861,0.00086954324653842,0.5487272727272726,0.0034476273098976717,8.963046737417766,0.21018215228071865,0.031824964629821005,0.0002447127300849653,0.0035651263255177647,7.34622649212212e-05,0.7401127228391794,0.0007251729388306444,0.6382905758371427,0.0012242973308102599,0.5730909090909091,0.0033503696875358136,8.77550612951183,0.14561537813332887,0.03246471481261,0.00022582228403034564,0.0037067982169134094,5.399433331449855e-05,0.7401915002399262,0.0007154031440295118,0.6385646573908905,0.0012016449242365323,0.5723636363636364,0.0031701083225750323,8.867006021907804,0.15787287603232475,0.032441454074123424,0.00021621166628803766,0.00366630967816457,5.095752795816052e-05,0.7394343378084025,0.0010602163574494326,0.6417548333653195,0.0013341476365417225,0.5658181818181819,0.0035628941713209852,9.269422725094817,0.28008504498035997,0.032421191432571196,0.00026703919762242613,0.003526370196744677,0.00010884773343697014,1.0,1.0,1.0,1.0,1.0,1.0,0.0009765625,0.4140625,0.0009765625,0.0009765625,0.0009765625,0.0009765625,0.0009765625,0.0009765625,0.0009765625,0.0009765625,0.0009765625,0.0009765625,0.0009765625,0.0009765625,0.9931640625,0.0009765625,0.001953125,1.0,0.0009765625,0.0009765625,1.0,1.0,1.0,1.0,1.0,1.0,1.0,1.0,0.001206341911764706,0.5796875,0.0022786458333333335,0.00205078125,0.00205078125,0.00205078125,0.0018643465909090908,0.0022786458333333335,0.0018643465909090908,0.0022786458333333335,0.00205078125,0.0022786458333333335,0.0025634765625,0.0068359375,0.9951171875,0.0022786458333333335,0.0037286931818181815,1.0,0.00205078125,0.0022786458333333335,1.0,1.0
Date M19 first reported (other arthrosis) - visit 0,22481,422,4.3,0.3,4.0,0.6432305648454348,0.0003839122159438962,0.631580537162554,0.0013516266519203392,0.37156398104265403,0.0017233352471778367,4.989019074507208,0.06830636852720802,0.03101252620782855,0.000161492376426235,0.0062256800057209575,8.39147183318421e-05,0.6300451987301001,0.0015482106587011994,0.6306532620607903,0.0025385720343369194,0.41445497630331757,0.003265407047171306,3.069439279195867,0.06401682770918814,0.03286534710696919,0.0002579178657414025,0.010745249055935324,0.00021780016959137028,0.6367225965667832,0.0010944210149508712,0.6286985702097277,0.0034276696383366938,0.4033175355450237,0.0023110171940486234,3.5991749837867815,0.07724850073984868,0.032156994340518184,0.00023393969836946196,0.008971789820448972,0.00020483132082460616,0.6030371703925772,0.0018390461651641616,0.5705960727212422,0.0026726497764841023,0.38199052132701417,0.003898566407346944,2.541607934339642,0.057131263970493354,0.03041780399290713,0.00026168086965861506,0.012008453363218864,0.00021595688591265127,0.6450576314663028,0.00039571073869551255,0.6337544219119687,0.0013503423607231205,0.3770142180094787,0.0016737456635400579,5.082895175170124,0.10094143035283891,0.0315927947246762,0.00012635888583623677,0.006235717659180939,0.00011528744303716499,0.6609789510458493,0.0005181106084101766,0.6503342962909253,0.001934198948284093,0.4127962085308057,0.0026387508828578303,5.185836608715848,0.13853015980512157,0.03384160600314584,0.00019296735434932787,0.00656061415500957,0.0001461463503811923,0.6619284066485353,0.0005127256469825553,0.6515110222149356,0.001943721101781654,0.4125592417061611,0.003027451484476589,5.1412425458325455,0.1324443767459403,0.03381152576245746,0.0002297854787651045,0.006608334976950891,0.00013979083373314032,0.6499778277066786,0.0008015486606258274,0.6269762073094747,0.002095279130781968,0.40710900473933653,0.0025910299315729407,4.133311445720445,0.06162285755370522,0.033762925807873725,0.00024694609595423707,0.008185769030962964,0.00014218645691578885,0.6511942917311704,0.0008076346437567879,0.6286032278630486,0.0021251804763296645,0.40995260663507105,0.0030795558751371146,4.212915868062917,0.0797490597436907,0.034018735570145585,0.00026699257214290084,0.008100163587542508,0.0001615704391202051,0.6608726291256565,0.0007193523264578243,0.6404448381015528,0.0024054886460739148,0.42511848341232233,0.002065828883194633,4.686724541583762,0.14235032516093804,0.035020640325811356,0.0001683479234394393,0.0075306936476838724,0.0002178841432336992,1.0,0.0009765625,1.0,0.0009765625,1.0,0.013671875,0.0009765625,0.001953125,0.0009765625,0.0009765625,0.0009765625,0.0009765625,0.0009765625,0.0009765625,0.0009765625,0.0009765625,0.0009765625,0.0009765625,0.0048828125,1.0,0.0009765625,0.0009765625,0.0009765625,1.0,0.0009765625,0.0009765625,1.0,0.0009765625,1.0,0.0041015625,1.0,0.0041015625,1.0,0.07177734375,0.001206341911764706,0.0205078125,0.0022786458333333335,0.00205078125,0.00205078125,0.00205078125,0.0018643465909090908,0.0022786458333333335,0.0018643465909090908,0.0022786458333333335,0.00205078125,0.0022786458333333335,0.011393229166666668,1.0,0.0025634765625,0.0022786458333333335,0.0025634765625,1.0,0.00205078125,0.0022786458333333335,1.0,0.0025634765625
Date E03 first reported (other hypothyroidism) - visit 0,24263,117,4.32,0.3,4.0,0.6256753180554154,0.0033723339696419773,0.6175258731361467,0.0034354157200124245,0.3803418803418803,0.007007620442307033,4.292475770801052,0.30516433250103486,0.008242670282292919,0.00016271322909434371,0.002008141835242383,0.00014704629963272644,0.5761299146822652,0.005056736230136741,0.5645775068532748,0.004907052373677769,0.35042735042735046,0.010659992554911514,1.8107222493029014,0.09407907622100319,0.007348572446351476,0.00022524830194109192,0.0041027054952840645,0.00010904585402976432,0.5828638629787639,0.0045932892340064,0.5645464636826623,0.004790949447803138,0.33333333333333337,0.006620484352491312,2.384189064464201,0.09532326521796591,0.0070465318526096166,0.00014946178901890646,0.002982349376291349,8.621219314174086e-05,0.5778745384453611,0.0038771254117504544,0.5651365964397058,0.0038296095286443317,0.32478632478632485,0.011107457942802237,1.9629803937687555,0.08464036912864219,0.006830271134127386,0.00023076011765268693,0.003502240553037528,0.00010149824845438525,0.6261379672129097,0.0034358403897835296,0.6177926196143233,0.003498293290000421,0.3786324786324786,0.0077553604494679206,4.273020036045426,0.3255535717165641,0.00822103434616217,0.0001819693375173498,0.0020140634188115956,0.0001414790609434972,0.620807700095614,0.0024089458065548364,0.6047013162314635,0.0023808473089146857,0.37692307692307697,0.009487650031536586,4.267356942135783,0.33755972036355975,0.008107853408789233,0.00021647677515047975,0.001974405539111823,0.00010969753097330953,0.621155522511514,0.0023675297183695138,0.6049978401727961,0.0023436097401445177,0.3786324786324787,0.007649983807462993,4.368185336224892,0.3359487147367461,0.008146732408921099,0.00017477091034439083,0.001939761446292887,0.00011161277014155391,0.6224231315588058,0.0025319153333539794,0.6095200658563786,0.0026153928215085606,0.37264957264957266,0.011267076885062788,4.341009993675238,0.3286019937818954,0.007949587024976557,0.0002582029596209606,0.0018990737597886832,0.00011327257464505353,0.6228334197221329,0.0025909539790302974,0.6098415512542715,0.0026779984335518776,0.37264957264957266,0.010675210253672475,4.16783933201892,0.3071944688256965,0.007955413143280665,0.0002430411368474135,0.0019738003745707776,0.00011219431839233506,0.62138353421661,0.002215699389945111,0.6037918468381777,0.0022604249410279626,0.38461538461538464,0.009786646175109779,3.7850325886646985,0.15157689545237285,0.008196666022396137,0.0002165527947886333,0.002195710824598196,0.00010535028006815287,1.0,0.994140625,1.0,1.0,1.0,0.998046875,0.0244140625,0.8671875,0.8837890625,0.716796875,0.8837890625,0.646484375,0.75390625,0.8447265625,0.6875,0.83203125,0.8388671875,0.564453125,0.2158203125,0.5771484375,0.2783203125,0.9033203125,0.603515625,1.0,0.8388671875,0.69140625,1.0,0.6875,1.0,1.0,1.0,1.0,1.0,1.0,0.025634765625,0.8671875,0.927978515625,0.792249177631579,0.927978515625,0.7145353618421053,0.9312959558823529,0.91669921875,0.8492647058823529,0.8736328125,1.0,0.59267578125,0.377685546875,1.0,0.3076171875,0.948486328125,0.6670435855263158,1.0,1.0,0.7641858552631579,1.0,0.9625
Date N18 first reported (chronic renal failure) - visit 0,25408,250,4.31,0.3,4.0,0.7445341761036449,0.00035869822685018817,0.736461992725845,0.0003486549590373322,0.5488,0.0027840817357094754,15.572165115680269,0.26069724518297444,0.025111126810835882,0.00015412036425078117,0.0016166249328322113,2.8581996689030373e-05,0.6649303789966223,0.001485365241941499,0.6477045501280091,0.0015798489633215233,0.42919999999999997,0.004343065993307292,4.7600431415746565,0.14416064481453536,0.019570484747079196,0.00023942830997465356,0.004151400065673394,0.0001549285420155065,0.679716404108856,0.0029462411467503823,0.6529408934654937,0.0026027661771956872,0.46160000000000007,0.006057502235520289,6.25497078567941,0.29977284803383164,0.020413756173349097,0.00028911494612321264,0.003321442150589116,0.00013739375319055645,0.6678015562627605,0.0031665133051559163,0.6628423049590195,0.0033215231477658836,0.4708,0.005751907896032796,4.568243372679911,0.19326427909454283,0.020584531360159718,0.00024431536620680126,0.004565110019275997,0.00016020997482503569,0.7451184536444252,0.0003771427975582513,0.7368430233295897,0.00037069469479818424,0.55,0.002936362072739362,15.617913382509357,0.2923427684066758,0.02516445814290219,0.00014313307459743127,0.0016158401302843628,2.8525995018370963e-05,0.7495472786626235,0.0010796047819042177,0.7334855650885694,0.0009736969681076299,0.5616,0.003537733109712415,15.380726039313842,0.4204288856119811,0.025725347586749093,0.00016394545618243108,0.0016847575581139362,5.133750689325156e-05,0.7498078908900117,0.0010856614175418489,0.7336639377202354,0.0009819310538541708,0.5635999999999999,0.004019950248448345,16.154868690559194,0.623964709330366,0.02582141591693802,0.00017920456918204874,0.0016194200235556734,6.283703730047054e-05,0.7488406452189644,0.0010712798869508295,0.7414844537323428,0.001087391876711021,0.5704,0.004349201714746681,14.056783747956468,0.41513944657926416,0.026001856865042937,0.00020118131973265705,0.0018624815644533999,4.974919009625165e-05,0.7490857527365723,0.0010606679029477669,0.7416007767925767,0.0010821416066325422,0.5728,0.003991101212558862,14.106212658738562,0.4160122030452373,0.026084523226896795,0.00018740607249066442,0.0018619323097203377,4.977182937319706e-05,0.7499381160626456,0.001385682650382264,0.735982192054426,0.001479830266050126,0.5731999999999999,0.0027357712704910884,14.316325898131993,0.640101436095594,0.02612259464247414,0.00010603424362742828,0.0018563030142573877,7.992388090637257e-05,1.0,1.0,1.0,1.0,1.0,1.0,0.0009765625,0.375,0.001953125,0.0185546875,0.001953125,0.0087890625,0.0048828125,0.0078125,0.0048828125,0.00390625,0.0029296875,0.0009765625,0.0009765625,0.1875,0.0048828125,0.001953125,0.021484375,1.0,0.009765625,0.00390625,1.0,0.24609375,1.0,1.0,1.0,1.0,1.0,1.0,0.001206341911764706,0.5625,0.0037286931818181815,0.025976562499999998,0.00341796875,0.01318359375,0.008544921875,0.013671875,0.008544921875,0.006310096153846154,0.005126953125,0.0022786458333333335,0.0025634765625,0.7875000000000001,0.009321732954545454,0.0041015625,0.030078125,1.0,0.01708984375,0.0068359375,1.0,0.369140625
Date M16 first reported (coxarthrosis [arthrosis of hip]) - visit 0,25784,288,4.31,0.3,4.0,0.6287004009801398,0.0009312980990272325,0.6183409755283613,0.0009535067370739558,0.36527777777777776,0.002729126417257315,4.127784310736891,0.13802355906774857,0.018432056377648963,0.0001421248033915487,0.004504385142199729,0.0001338209328208005,0.6813652208741153,0.0013716491781538456,0.679215563258621,0.0013235852662699102,0.4760416666666667,0.0015911721163041142,6.241273870079686,0.1579123627614968,0.02260382731217605,6.614876286787747e-05,0.0036429248730031503,9.464900670336437e-05,0.6319119122930186,0.002015024847563889,0.6264206432742137,0.002371450991867647,0.4065972222222222,0.008574975204625673,3.5436608368895257,0.15350975192713265,0.01931339760734575,0.0004091093070005434,0.005505802999689757,0.00015971534501073374,0.5998069873797098,0.002299295752206916,0.5929430271836387,0.002130176223295512,0.36527777777777776,0.0047383077524209985,2.434130161865592,0.0780821809095748,0.017591535272936644,0.00021507885481594587,0.007290392163555248,0.00023595444007754463,0.6349638996041977,0.0009021372414181348,0.6247420834164995,0.0009007203959195265,0.3722222222222222,0.003097011148208251,4.219185890871995,0.12091703669610573,0.018827038701820363,0.00017285309887263615,0.004488410398200615,0.00010608540076967206,0.6578184883368537,0.001450149294887801,0.6485199402244474,0.001482392506917782,0.40798611111111116,0.0054594798217920135,4.881808350256497,0.13946980573307255,0.020421739241892178,0.0002747452714042012,0.004202132214867449,8.271058227893786e-05,0.6613650838129206,0.0014254211539288947,0.6520992144506046,0.0014441978269841152,0.4170138888888889,0.0043445195322045025,5.034024427218581,0.12609098081121153,0.02085407070762312,0.00021259819725788802,0.004160048274467809,8.425071454939601e-05,0.6414041462534322,0.001329115000187195,0.6315192742277479,0.0014030240123717533,0.4024305555555555,0.004466153097586745,3.904241123226791,0.08610487864835964,0.020046508378477657,0.00023583965627957967,0.005149421941596477,8.62337719674167e-05,0.6453696768858477,0.0013268451661311545,0.6355697421092679,0.0013861495980485136,0.40555555555555556,0.004101862302469757,4.099633042069584,0.10031750691961917,0.0202031989430551,0.00021737190334789088,0.004947894895057004,9.729478896138386e-05,0.6595848264119968,0.0017280791696016665,0.650112022426298,0.0018111198392942128,0.41944444444444445,0.006076113309447541,5.0946469800599985,0.23622591249603433,0.020773548507569427,0.00030458188120845967,0.004139753276732039,0.0001592669946732148,0.0009765625,0.0009765625,0.0966796875,0.0009765625,1.0,0.6640625,0.0009765625,0.0078125,0.0009765625,0.0009765625,0.0009765625,0.0009765625,0.0009765625,0.0009765625,0.0009765625,0.0009765625,0.0009765625,0.0009765625,1.0,1.0,0.0009765625,0.0009765625,0.0009765625,0.8837890625,0.001953125,0.0009765625,1.0,0.0009765625,0.0068359375,0.0041015625,0.4060546875,0.0041015625,1.0,1.0,0.001206341911764706,0.0546875,0.0022786458333333335,0.00205078125,0.00205078125,0.00205078125,0.0018643465909090908,0.0022786458333333335,0.0018643465909090908,0.0022786458333333335,0.00205078125,0.0022786458333333335,1.0,1.0,0.0025634765625,0.0022786458333333335,0.0025634765625,1.0,0.0037286931818181815,0.0022786458333333335,1.0,0.0025634765625
Date E11 first reported (non-insulin-dependent diabetes mellitus) - visit 0,24853,252,4.31,0.3,4.0,0.7241142993696774,0.0003127020170239183,0.7243002102689137,0.0002987130763722121,0.5353174603174604,0.0023992535909017243,8.319199164967483,0.16571324844321664,0.02378355419180934,0.00012658125120226929,0.0028680076546562126,5.345441073678042e-05,0.7328605231901208,0.0012575889151116714,0.735656410147749,0.001190332985387266,0.6103174603174603,0.003914986398663689,8.187550586478192,0.22245289457573894,0.02640601265647242,0.0001697303128329089,0.0032446516442994457,8.250961391774127e-05,0.7439723253846016,0.0014116530206098098,0.7389028734384204,0.0014339404961082563,0.5857142857142856,0.004885234209687664,16.063101000506087,1.0572555528747547,0.025908961410535548,0.00023131330859688947,0.0016814771513979586,0.00012169434230327542,0.7239997977671824,0.002372593351828858,0.7189455179145401,0.0025657620950136173,0.5623015873015873,0.003743643306371666,10.33227601976662,0.5867610838816543,0.02477136812459647,0.00018218878075901298,0.002460073995225509,0.00012600147847273012,0.7259325397150154,0.0003260619075597834,0.7262480343537183,0.0003149782936560934,0.5436507936507937,0.002291072496784234,8.309119584762914,0.1502378664374743,0.024154864469589733,0.00011449690354142641,0.0029153275902115915,5.33907683358782e-05,0.7540596874157173,0.00034522986868468675,0.7518096147321266,0.00044894791401017397,0.6091269841269841,0.002972513896064056,12.710229436343836,0.6714315310097515,0.027189491227564522,0.000142233322893988,0.0021902074719288176,0.00010868778977205067,0.7548428849238891,0.000350019652080057,0.7526934131701457,0.0004495755707734236,0.6123015873015873,0.0032962793106817794,13.273684782257195,0.6059702781075735,0.027316224925375977,0.00015584167012975964,0.002095862188770603,9.302257350951827e-05,0.7478990610904968,0.0010015769951231324,0.7443343695061077,0.001025349367042593,0.590079365079365,0.004986263710309728,12.944457179203772,0.420484566771818,0.026195460824702997,0.00022861977755287796,0.0020416786915369188,6.317766459710422e-05,0.7487439468826047,0.0009868289480244694,0.7452749810348787,0.0010097849583562625,0.5928571428571427,0.005523971697836268,12.994199453729346,0.3997052879378504,0.02630282347582853,0.0002554909833639854,0.0020412658999096056,6.355269477542311e-05,0.7629454373311961,0.0005511198218443165,0.7581450760918133,0.0006737439339942182,0.6134920634920634,0.003932822419925532,16.978776752332017,0.32423722234877084,0.02727235553068541,0.00018201675811761102,0.00161096560862265,2.916071467831156e-05,0.0009765625,0.0009765625,0.0009765625,0.0009765625,0.5771484375,0.001953125,0.0009765625,0.0009765625,0.0009765625,0.0009765625,0.0009765625,0.0009765625,0.0009765625,0.0009765625,0.0009765625,0.0009765625,0.0009765625,0.0009765625,0.0009765625,0.9931640625,0.0009765625,0.0009765625,0.0009765625,0.0009765625,0.0009765625,0.0009765625,0.7216796875,0.001953125,0.0068359375,0.0041015625,0.01025390625,0.0041015625,1.0,0.013671875,0.001206341911764706,0.0205078125,0.0022786458333333335,0.00205078125,0.00205078125,0.00205078125,0.0018643465909090908,0.0022786458333333335,0.0018643465909090908,0.0022786458333333335,0.00205078125,0.0022786458333333335,0.0025634765625,1.0,0.0025634765625,0.0022786458333333335,0.0025634765625,0.01025390625,0.00205078125,0.0022786458333333335,1.0,0.004557291666666667
Date I50 first reported (heart failure) - visit 0,25762,184,4.32,0.3,4.0,0.7630894349244886,0.00047380814377080986,0.7587806585864763,0.0005245066159991341,0.6048913043478261,0.003717080530558547,14.59007808527868,0.5010430416420015,0.01867938259231543,0.00011033923805360004,0.001291974406448715,3.8369346386068345e-05,0.6777243671509734,0.0017396613861192553,0.6873622572122023,0.0016014114635300733,0.4695652173913043,0.0054468465139032255,4.689759463459905,0.11802362293844934,0.01452092121131946,0.00014148198397117952,0.0031116776116698166,7.327355983219154e-05,0.7069898064667457,0.002029634200664412,0.7039524940818417,0.0021795580981686037,0.5467391304347826,0.005136756115491967,5.456543442876319,0.24161534754831057,0.01664217402299506,0.0001640036564665801,0.0030977440529345148,0.0001255883665513208,0.6991753043490877,0.0017997075711400977,0.6980454927413728,0.0020099528757523124,0.503804347826087,0.0028123504884529065,9.135410269460492,0.4845976383089624,0.015258350317001401,9.330342372347129e-05,0.0017162468174721113,9.892888064276905e-05,0.763181649463845,0.00048700431574943563,0.7592224966112533,0.0005324079473458935,0.6059782608695652,0.003906496132762285,14.62621810224052,0.4954886451319507,0.018720284429165714,0.00011892126277581557,0.001291386270549355,3.8322165102922345e-05,0.7642055971940278,0.0008616139192976192,0.7598028286458349,0.0009724986370166426,0.625,0.004510833187677076,12.099308001630943,0.3561013113564574,0.019310717598146197,0.00013838024958374027,0.001608401569860174,4.778238322356772e-05,0.7641528099016677,0.0008612454675744266,0.7600258621317437,0.0009695757174750736,0.6233695652173913,0.00458659018158412,12.22386378914304,0.3922124517321626,0.019254871665416208,0.00014240750225102042,0.001590289500092068,5.317472668389456e-05,0.766274409286501,0.000792842824478459,0.7622178631084613,0.0008980491492128003,0.6222826086956521,0.0055689949814997815,17.302735677177985,0.6246192086738763,0.01926528736330956,0.00019040493232782391,0.0011256372445814344,3.8852140485794364e-05,0.7662517999789624,0.0007991248913995619,0.7624702663147811,0.0009044836859510884,0.6228260869565218,0.005964520881577656,17.605839885910278,0.627864608185961,0.01929655094154119,0.0002030333159066331,0.0011079504299204457,3.854590700108501e-05,0.7656355210357237,0.0009349232494109473,0.760984215468697,0.0011116980845437693,0.6152173913043478,0.0035128114908813974,14.645744986378862,0.6545248227820988,0.01914673316284913,0.00012910374951662532,0.0013297512160451385,5.677191275500565e-05,1.0,1.0,1.0,1.0,1.0,1.0,0.009765625,0.25,0.052734375,0.001953125,0.0654296875,0.001953125,0.0009765625,0.001953125,0.0009765625,0.001953125,0.0029296875,0.009765625,0.0009765625,0.0009765625,0.0068359375,0.0654296875,0.001953125,1.0,0.0009765625,0.00390625,1.0,0.9814453125,1.0,1.0,1.0,1.0,1.0,1.0,0.01079358552631579,0.47727272727272724,0.06514246323529412,0.00341796875,0.0808249080882353,0.00341796875,0.0018643465909090908,0.0037286931818181815,0.0018643465909090908,0.0037286931818181815,0.005126953125,0.015775240384615384,0.0025634765625,0.0068359375,0.011042668269230768,0.08587646484375,0.0037286931818181815,1.0,0.00205078125,0.0068359375,1.0,1.0
Date M51 first reported (other intervertebral disk disorders) - visit 0,24551,134,4.31,0.3,4.0,0.5878468535801444,0.0024980959867909936,0.5621340442222669,0.0027095112696453837,0.30970149253731344,0.00373134328358209,2.383225011307469,0.04923799269299695,0.007828681513382396,8.021077962654864e-05,0.0032941084162093847,5.596158111513423e-05,0.5873457286869523,0.0049699491361968875,0.5974088018027327,0.005318782656453281,0.3649253731343284,0.009598896209738673,2.3457919164941017,0.1398034177719096,0.008682639706062922,0.00020637519151939305,0.0038202238372519793,0.0002300557470949837,0.5622659293095981,0.003153222733353681,0.6085722418009671,0.004075823258674452,0.33805970149253733,0.009109369862487837,1.7289556795720444,0.07589478727816454,0.007768809102923912,0.00021115981178162973,0.004547140776682901,0.00016697775951698642,0.5387622928341852,0.005216973458022701,0.558431696687218,0.006522763459749136,0.27462686567164185,0.011113586021735658,1.4171946883693485,0.103543046896121,0.006200458155330657,0.00021760344516415575,0.004482443932587776,0.00017978549726377076,0.5903302702990205,0.0025377640978546394,0.5655311389242936,0.0027843682451879283,0.30746268656716425,0.004132648688018943,2.3798066303813474,0.0421950706948396,0.007771199184752197,8.925686073073281e-05,0.0032717849494768745,5.0595241763067525e-05,0.5894599890998989,0.003536435892970161,0.6100966755569395,0.004431067473007664,0.34179104477611943,0.008159810680028221,2.6928830889061772,0.1393640398988167,0.008283136569746042,0.0002102697957683316,0.00312708898881916,0.0001230993332513858,0.5911274006298297,0.0035954084127696097,0.6116713813461262,0.004449362721812927,0.3440298507462687,0.008861449318685015,2.6945901599957005,0.13159344716358148,0.008341277542124515,0.00022695806056184428,0.003150453082327498,0.0001406625033413664,0.579822932071924,0.003644757616436638,0.578959064034924,0.005141296369460615,0.29477611940298504,0.01021113221481283,2.342768106191169,0.16051656574259388,0.007151122263726506,0.00022579470920815664,0.0031438404994333148,0.00015845324083944815,0.5815666374017143,0.0037061074786584373,0.5811428570487085,0.005230250167348558,0.2947761194029851,0.011786425612420035,2.4281232249763405,0.16642508155690713,0.007158486169361311,0.0002781123038244969,0.0030240066761826334,0.00013569996259590726,0.5838390114478691,0.003708054310516855,0.6120744947444204,0.005858641438069908,0.3238805970149254,0.010388364685483134,2.683521907231965,0.16598632395930524,0.007621049964367821,0.0002566179729757919,0.0029057961211236606,0.00012894430015689435,0.5771484375,0.0009765625,1.0,0.01171875,1.0,0.9921875,0.0009765625,0.71875,0.2158203125,0.001953125,0.0966796875,0.001953125,0.9951171875,0.873046875,0.9580078125,0.8203125,0.9033203125,0.099609375,0.9990234375,1.0,0.001953125,0.75390625,0.00390625,1.0,1.0,0.861328125,1.0,0.009765625,1.0,0.0041015625,1.0,0.041015625,1.0,1.0,0.001206341911764706,0.8385416666666667,0.25179036458333337,0.00341796875,0.11279296875,0.00341796875,1.0,0.91669921875,1.0,0.8736328125,1.0,0.1162109375,1.0,1.0,0.004557291666666667,0.833264802631579,0.0068359375,1.0,1.0,0.90439453125,1.0,0.0205078125
Date I48 first reported (atrial fibrillation and flutter) - visit 0,25003,400,4.31,0.3,4.0,0.7280202566826874,0.00034218527752119293,0.7231548660511522,0.0003571621539283959,0.532,0.0014337208778404337,9.950484661764076,0.12598262872608745,0.038725462746886666,0.00010878352538444094,0.003897110090034195,4.778301995232172e-05,0.691897532125236,0.0008862516687705471,0.6898969657914414,0.0007876626003211272,0.49000000000000005,0.0043779751788545615,7.052890567619689,0.2323348726573062,0.034443166581610264,0.0003144001548916449,0.004934623186742371,0.0001778003606276861,0.7058456985471823,0.0010976794852486996,0.7038025014146934,0.0011101951804677586,0.50525,0.002921424690493014,6.776056942501372,0.16301229804988324,0.03594747026501995,0.00021439159866102394,0.0053342279638725395,0.00013757905021763377,0.6982362128245584,0.001388404796071472,0.6973832174151989,0.0015938265107054935,0.5095000000000001,0.0032446537223219628,6.821358333555182,0.21649465212713584,0.03619534781364246,0.00025533792005221216,0.005351881461995156,0.00016412089810862612,0.729216591122582,0.00032626388876709256,0.724447710968888,0.0003401539811615294,0.53475,0.001556795141022446,10.128147366488841,0.09891282065613821,0.038904647878985364,0.0001218848861429468,0.0038441513832184306,3.4999903149919057e-05,0.7387474577971528,0.0005169704879704767,0.73478241891354,0.0005048811946042596,0.557,0.0029533408577782274,11.416391748151042,0.2697576920715379,0.040593920345433944,0.00023308583972972346,0.003570980535948798,7.381892746058459e-05,0.7393251192441336,0.0005067536456767307,0.7354440494152386,0.0005001628869072041,0.55725,0.002897556441785614,11.586209804265959,0.23827346779958786,0.04062588628269781,0.00022799328885440557,0.0035176211204491215,6.284972789525562e-05,0.7395072458481154,0.0005164958356966978,0.7356592140051041,0.0006086231351551856,0.56875,0.0025617376914898924,17.176502701279336,0.5926728644203997,0.04137858617660902,0.0001935837381144484,0.0024322932303296406,7.534031571561926e-05,0.7401248871398736,0.0005150490395541507,0.7363448342396433,0.0006064833805948866,0.5707500000000001,0.0029592134840941186,16.913626403357167,0.6799638575176825,0.041512897681970265,0.00021578467879925713,0.00248827246346085,9.484491544128799e-05,0.7426905968134684,0.0005561631547937195,0.7394639175695944,0.0006494735770042955,0.5650000000000001,0.002108185106778911,13.037626662293414,0.2734436464949839,0.041107588904181515,0.00015841650927304256,0.003164655604597566,6.28851184944125e-05,1.0,1.0,1.0,1.0,1.0,0.9990234375,0.0009765625,0.015625,0.0009765625,0.0009765625,0.0009765625,0.0009765625,0.0009765625,0.0009765625,0.0009765625,0.0009765625,0.0009765625,0.0009765625,0.0009765625,0.0009765625,0.0029296875,0.0009765625,0.0009765625,1.0,0.0009765625,0.0009765625,1.0,0.8623046875,1.0,1.0,1.0,1.0,1.0,1.0,0.001206341911764706,0.08203125,0.0022786458333333335,0.00205078125,0.00205078125,0.00205078125,0.0018643465909090908,0.0022786458333333335,0.0018643465909090908,0.0022786458333333335,0.00205078125,0.0022786458333333335,0.0025634765625,0.0068359375,0.006152343750000001,0.0022786458333333335,0.0025634765625,1.0,0.00205078125,0.0022786458333333335,1.0,1.0
Date M17 first reported (gonarthrosis [arthrosis of knee]) - visit 0,24634,285,4.32,0.3,4.0,0.672847820650958,0.0006806833581685255,0.6759673652277575,0.0007048439401357383,0.44947368421052625,0.0032433741810203613,5.832619134105106,0.06777004411287756,0.023950848020829373,0.00014839213962481015,0.0041107846983514775,4.887146055111202e-05,0.6757271496338214,0.0018048419081124398,0.6763897496934937,0.0018195134563675959,0.48140350877192983,0.0047016961970156234,6.237542955488116,0.26078096826705344,0.024330498302445713,0.0002269668873028689,0.003950883966643759,0.00013694982201091092,0.7190250324133192,0.0016587359722157213,0.7193559979522963,0.0017584157217198503,0.5389473684210527,0.004995124328435699,8.734714861433451,0.2962970709032678,0.02725962632440663,0.00028876662523201707,0.003150789235137419,0.00010569967970685835,0.6855899529229964,0.0020513236562448513,0.6865543410463316,0.002068039142792294,0.5214035087719298,0.004799598720159802,4.620034115582675,0.13472095451414764,0.0259661617692844,0.0002234583928253153,0.0056523066516169,0.00012700386177658856,0.6749361731035859,0.0007017480608285902,0.6779800579064749,0.0007200841779765805,0.44912280701754376,0.0032664888991272346,5.951064664189451,0.0681527480908072,0.023915293564535346,0.00014649758503329993,0.004023335510462833,5.123925525121342e-05,0.7349515875981896,0.0008718740061071569,0.7369546793760879,0.0008687601456276391,0.5687719298245615,0.0030251502120181525,10.759491876152294,0.27871703263823,0.0295656442527933,0.00015875838613234962,0.0027641428794867307,7.126973928392291e-05,0.73561458110332,0.0008609672012773663,0.73760048872897,0.0008578521659293693,0.5701754385964912,0.003192361184551154,10.462285049492035,0.18825047031505698,0.029627805389632566,0.00016636376293246196,0.0028399084801840834,5.1795762031992664e-05,0.7081870109997307,0.0011364644817246346,0.7103578198065831,0.0011442793600366951,0.5343859649122807,0.0029146048641817894,6.672132661599415,0.18591894200798656,0.027740955083615616,0.00014395352071350963,0.004184223039460933,0.00010787402832995223,0.7092787612900573,0.0011163318716772726,0.711406455486584,0.0011223315133121962,0.5357894736842106,0.0041860889282276685,6.486821173581856,0.11018398188119213,0.02777413182238061,0.0002127742153498756,0.00428925246812214,5.582569360685818e-05,0.7386393263618533,0.0010682032465894622,0.740527420564102,0.0010815531478434045,0.5957894736842105,0.0029028476364890863,9.532516768802566,0.3077121078004097,0.030454574985518124,0.00013469994939188762,0.0032258539170434974,0.00010803429665639711,0.0654296875,0.001953125,0.0009765625,0.0009765625,0.0009765625,0.0009765625,0.0009765625,0.533203125,0.0009765625,0.0009765625,0.0009765625,0.0009765625,0.0009765625,0.0009765625,0.0009765625,0.0009765625,0.0009765625,0.0009765625,0.0009765625,0.009765625,0.0009765625,0.0009765625,0.0009765625,0.0009765625,0.0009765625,0.0009765625,0.001953125,0.0009765625,0.343505859375,0.0068359375,0.01025390625,0.0041015625,0.0205078125,0.013671875,0.001206341911764706,0.6998291015625,0.0022786458333333335,0.00205078125,0.00205078125,0.00205078125,0.0018643465909090908,0.0022786458333333335,0.0018643465909090908,0.0022786458333333335,0.00205078125,0.0022786458333333335,0.0025634765625,0.05126953125,0.0025634765625,0.0022786458333333335,0.0025634765625,0.01025390625,0.00205078125,0.0022786458333333335,0.041015625,0.0025634765625
Date E66 first reported (obesity) - visit 0,24637,427,4.31,0.3,4.0,0.8611760987850896,6.013852301266709e-05,0.8619734887205868,4.967252548443657e-05,0.8203747072599532,0.0006096994282518862,105.11233119658229,4.397653738947934,0.0620628722246571,5.56241425911195e-05,0.0006012135873369795,2.8607331038955995e-05,0.8504563726980046,0.0003433354794920263,0.8483280346147103,0.00041477530203971186,0.7995316159250585,0.00116835515590131,70.16037247909242,3.2382390952480855,0.06018117430670924,0.00010600882625533956,0.0008743995705147057,4.027811999069688e-05,0.8369161128250093,0.000639071591968136,0.8376955169690206,0.0006406774467364427,0.7810304449648712,0.002399754277742297,23.35777152890855,0.6580752337957323,0.05887504598774411,0.00019695470501648283,0.002539022421358228,7.351817327940581e-05,0.8269857045645876,0.0005928974761917761,0.8262252763190711,0.000561134192482967,0.7566744730679157,0.00278087636698779,31.56396932423569,1.8490483665166855,0.0572003394136976,0.00022120654890202265,0.0018582498030664473,8.840814491967671e-05,0.8614868866612694,5.8467889631492606e-05,0.8622293907400858,4.916949705213216e-05,0.8210772833723654,0.0006245120999219366,108.20555583841028,3.8878426109330997,0.06212061791527246,5.389650236746829e-05,0.0005821616434288135,2.4943266076179788e-05,0.8620418669327619,0.00017289913484707365,0.8628026268994213,0.00017980361462965384,0.8224824355971897,0.0009103750030984084,129.65133645916904,8.023035351303504,0.06218496080600738,7.493432803969625e-05,0.0004941235411297873,2.6023300672580778e-05,0.8622498836730796,0.0001646147484499274,0.8629793703278468,0.0001722863034778855,0.8234192037470727,0.0012193988565037724,129.79821103807535,8.036441741744639,0.062226748936341114,9.186750201130692e-05,0.0004939188819248486,2.604002214584315e-05,0.8598630865768149,0.0001924572330135683,0.8604677314287874,0.0001743858957371847,0.8224824355971897,0.001387696240018048,104.81447316981401,4.402251071236309,0.06209075401943528,0.0001169452224774385,0.000603250481499018,2.8766392431746945e-05,0.8600946753201344,0.00018862334316718498,0.8606657007332859,0.0001709005805321272,0.8234192037470726,0.00116835515590131,104.93959100715146,4.422201167592627,0.0621390397538488,9.397612930836531e-05,0.0006030244496574855,2.8713693565292242e-05,0.8600376441983124,0.00020284725938004216,0.8606942425144876,0.00019058739599495916,0.8231850117096018,0.0012707900543403377,113.82605879474961,0.18187505474921845,0.062172057643725145,9.442111625155318e-05,0.0005462030442108356,1.1959912917115352e-07,1.0,1.0,1.0,1.0,1.0,1.0,0.0009765625,0.125,0.001953125,0.078125,0.001953125,0.046875,1.0,0.046875,0.9990234375,0.033203125,1.0,0.0693359375,1.0,1.0,0.0009765625,0.013671875,0.1875,1.0,1.0,0.181640625,1.0,0.0009765625,1.0,1.0,1.0,1.0,1.0,1.0,0.001206341911764706,0.2916666666666667,0.0037286931818181815,0.09114583333333334,0.00341796875,0.057904411764705885,1.0,0.065625,1.0,0.04921875,1.0,0.09100341796875,1.0,1.0,0.0025634765625,0.0205078125,0.23161764705882354,1.0,1.0,0.2384033203125,1.0,0.0025634765625
Date of death due to cancer (C00-C97) - visit 0,25945,148,3.71,0.3,4.0,0.7082718180214844,0.00045117350516266373,0.5571552837951587,0.002026399173792944,0.46824324324324323,0.004279279279279279,6.636236692944307,0.14511518985093289,0.014332149955852923,0.00014881617532378383,0.002165080031758482,2.9054590635214094e-05,0.6235594444571597,0.0027486951798527687,0.6393939108757005,0.00706456178335765,0.3581081081081081,0.008182838794858085,2.671315061273602,0.12972897193020802,0.009972751078389496,0.0002305782803163325,0.0037865927963116274,0.00013721958819185455,0.6294310546078256,0.0033022325009442236,0.5148434189957337,0.008557943655169481,0.3918918918918919,0.009394889015591986,2.6898651249254923,0.13368498612228907,0.011085251144286812,0.0002878459095830612,0.004197796399859765,0.00019869643516632607,0.6182253163500361,0.004524216820036498,0.5030492327604552,0.008856856540954012,0.36283783783783785,0.01170521302719485,2.5616429194970003,0.13887463861781088,0.009733282630585528,0.00032326255303975824,0.0038467408403575765,0.00012547552343878586,0.7095603074441718,0.0004392415670877294,0.55901194667376,0.0021278471833895895,0.4695945945945946,0.004643136965785651,6.8160769059156845,0.1456131777495267,0.014360079028318174,0.00013394983727496758,0.0021123966066037723,3.1886484422132323e-05,0.7113877261975122,0.0013335212676536012,0.558915499099807,0.0029674552289519034,0.5195945945945947,0.005558091296960836,6.642583557270024,0.2632261729616201,0.01562994850703552,0.0001914379932240471,0.0023777291232270127,7.400443426523864e-05,0.712312710950511,0.0013079782919246735,0.5602558334962312,0.002911551985098276,0.5216216216216216,0.006110207192004746,6.730104912104862,0.25753717821187644,0.01572880295389647,0.0002243061539795116,0.002360095450808242,7.389538562711249e-05,0.7103252828268276,0.001521230603918437,0.5502133655799483,0.0035087390886250646,0.48243243243243245,0.00562612432288144,7.346617275834734,0.21987578890435944,0.014182336453708543,0.00017072712428338962,0.0019420112540108115,4.580769250656698e-05,0.7113541356734059,0.0015130552897705083,0.5517642304674379,0.003453901531187451,0.48108108108108116,0.005679964059873197,7.3431915432678965,0.2155243488321515,0.014172924723136282,0.0001806495437025708,0.0019411428885655834,4.613170064643721e-05,0.7108495036814946,0.0013811434107456086,0.5509124217995541,0.0031936046268083696,0.47837837837837843,0.006026616288405249,6.252930393484312,0.20318560853916365,0.013949566944615244,0.00020617544322478333,0.002248430635875598,6.856094301485267e-05,1.0,1.0,1.0,1.0,1.0,1.0,0.0009765625,0.328125,0.0185546875,0.0009765625,0.0048828125,0.0009765625,0.2158203125,0.0234375,0.0966796875,0.03515625,0.0419921875,0.177734375,0.1611328125,0.7841796875,0.052734375,0.1162109375,0.0009765625,1.0,0.384765625,0.05859375,1.0,0.1611328125,1.0,1.0,1.0,1.0,1.0,1.0,0.001206341911764706,0.5300480769230769,0.025976562499999998,0.00205078125,0.00732421875,0.00205078125,0.3021484375,0.03515625,0.1353515625,0.04921875,0.06783353365384615,0.19644325657894737,0.3076171875,1.0,0.0692138671875,0.1435546875,0.0025634765625,1.0,0.538671875,0.08203125,1.0,0.281982421875
