Condition (ICD-10),Cases (n),Cohort size (n),Prevalence (%),Covariates only AUROC,Covariates only s.e.m.,Covariates only seeds (n),Covariates only AUPRC,Covariates only AUPRC s.e.m.,LeDXA + covariates AUROC,LeDXA + covariates s.e.m.,LeDXA + covariates seeds (n),LeDXA + covariates AUPRC,LeDXA + covariates AUPRC s.e.m.,DINOv3 + covariates AUROC,DINOv3 + covariates s.e.m.,DINOv3 + covariates seeds (n),DINOv3 + covariates AUPRC,DINOv3 + covariates AUPRC s.e.m.,DXA-tabular + covariates AUROC,DXA-tabular + covariates s.e.m.,DXA-tabular + covariates seeds (n),DXA-tabular + covariates AUPRC,DXA-tabular + covariates AUPRC s.e.m.,LeDXA vs covariates only (P),LeDXA vs covariates only (adj. P),DINOv3 vs covariates only (P),DINOv3 vs covariates only (adj. P),DXA-tabular vs covariates only (P),DXA-tabular vs covariates only (adj. P),LeDXA vs DXA-tabular (P),LeDXA vs DXA-tabular (adj. P),LeDXA vs DINOv3 (P),LeDXA vs DINOv3 (adj. P)
Anemia,1740,25945,6.71,0.618,0.004,10,0.106,0.002,0.651,0.004,10,0.114,0.002,0.636,0.005,10,0.108,0.002,0.634,0.004,10,0.104,0.002,0.002,0.004,0.002,0.004,0.002,0.004,0.002,0.009,0.002,0.016
Anxiety,1705,25945,6.57,0.587,0.006,10,0.093,0.003,0.622,0.003,10,0.107,0.002,0.615,0.004,10,0.098,0.002,0.596,0.005,10,0.096,0.003,0.002,0.004,0.002,0.004,0.014,0.021,0.002,0.009,0.064,0.095
Asthma,3544,25945,13.66,0.551,0.004,10,0.164,0.002,0.619,0.004,10,0.211,0.003,0.619,0.003,10,0.218,0.003,0.587,0.003,10,0.18,0.002,0.002,0.004,0.002,0.004,0.002,0.004,0.002,0.009,0.375,0.42
Atrial fibrillation,942,25945,3.63,0.713,0.006,10,0.088,0.004,0.725,0.005,10,0.105,0.004,0.717,0.007,10,0.104,0.005,0.72,0.006,10,0.096,0.004,0.002,0.004,0.131,0.174,0.02,0.029,0.105,0.246,0.049,0.091
Back pain,4744,25945,18.29,0.541,0.003,10,0.203,0.002,0.588,0.003,10,0.236,0.002,0.59,0.004,10,0.238,0.003,0.592,0.004,10,0.237,0.003,0.002,0.004,0.002,0.004,0.002,0.004,0.492,0.626,0.322,0.376
Celiac,401,25945,1.55,0.568,0.008,10,0.019,0.001,0.63,0.005,10,0.025,0.001,0.659,0.007,10,0.03,0.001,0.611,0.005,10,0.026,0.002,0.002,0.004,0.002,0.004,0.002,0.004,0.014,0.043,0.004,0.016
Copd,500,25945,1.93,0.658,0.009,10,0.04,0.002,0.761,0.007,10,0.101,0.005,0.765,0.007,10,0.107,0.006,0.73,0.007,10,0.074,0.003,0.002,0.004,0.002,0.004,0.002,0.004,0.002,0.009,0.557,0.557
Depression,2818,25945,10.86,0.611,0.004,10,0.164,0.003,0.622,0.003,10,0.169,0.002,0.624,0.002,10,0.165,0.002,0.618,0.003,10,0.167,0.002,0.004,0.006,0.002,0.004,0.002,0.004,0.16,0.345,0.492,0.51
Diabetes,1138,25945,4.39,0.726,0.004,10,0.117,0.004,0.84,0.003,10,0.27,0.006,0.836,0.003,10,0.259,0.005,0.83,0.003,10,0.256,0.006,0.002,0.004,0.002,0.004,0.002,0.004,0.004,0.014,0.064,0.095
Endometriosis,547,25945,2.11,0.792,0.003,10,0.055,0.001,0.802,0.002,10,0.062,0.002,0.784,0.003,10,0.057,0.002,0.802,0.002,10,0.062,0.001,0.014,0.02,0.037,0.065,0.01,0.017,0.492,0.626,0.004,0.016
Gallstone,1278,25945,4.93,0.672,0.005,10,0.096,0.002,0.683,0.005,10,0.105,0.004,0.678,0.005,10,0.099,0.003,0.682,0.005,10,0.105,0.003,0.027,0.033,0.105,0.155,0.002,0.004,0.695,0.749,0.014,0.029
Gout,826,25945,3.18,0.797,0.005,10,0.105,0.004,0.816,0.005,10,0.116,0.005,0.813,0.005,10,0.112,0.003,0.81,0.005,10,0.116,0.004,0.002,0.004,0.002,0.004,0.002,0.004,0.002,0.009,0.084,0.118
Heart failure,183,25945,0.7,0.776,0.011,10,0.04,0.004,0.783,0.01,10,0.04,0.004,0.789,0.01,10,0.039,0.005,0.786,0.012,10,0.042,0.002,0.014,0.02,0.02,0.039,0.002,0.004,0.846,0.877,0.105,0.141
Hyperlipidemia,6044,25945,23.29,0.71,0.002,10,0.395,0.003,0.736,0.002,10,0.435,0.003,0.732,0.002,10,0.427,0.003,0.735,0.002,10,0.432,0.003,0.002,0.004,0.002,0.004,0.002,0.004,0.232,0.383,0.002,0.016
Hypertension,7864,25945,30.31,0.719,0.002,10,0.514,0.003,0.743,0.002,10,0.548,0.003,0.739,0.002,10,0.545,0.003,0.741,0.002,10,0.548,0.003,0.002,0.004,0.002,0.004,0.002,0.004,0.064,0.164,0.004,0.016
Hyperthyroidism,370,25945,1.43,0.654,0.007,10,0.025,0.001,0.665,0.006,10,0.025,0.001,0.644,0.009,10,0.023,0.001,0.652,0.012,10,0.025,0.002,0.02,0.025,0.084,0.131,1.0,1.0,0.193,0.361,0.027,0.055
Hypothyroidism,1682,25945,6.48,0.685,0.004,10,0.122,0.002,0.679,0.004,10,0.117,0.002,0.674,0.003,10,0.114,0.002,0.685,0.003,10,0.123,0.001,0.002,0.004,0.002,0.004,0.922,0.956,0.004,0.014,0.014,0.029
Ibs,1930,25945,7.44,0.592,0.004,10,0.099,0.002,0.599,0.003,10,0.101,0.002,0.585,0.004,10,0.097,0.002,0.6,0.005,10,0.102,0.002,0.02,0.025,0.037,0.065,0.014,0.021,1.0,1.0,0.002,0.016
Ischemic heart disease,1652,25945,6.37,0.733,0.004,10,0.143,0.003,0.742,0.004,10,0.154,0.004,0.734,0.004,10,0.157,0.004,0.741,0.004,10,0.153,0.004,0.002,0.004,0.695,0.749,0.002,0.004,0.432,0.604,0.004,0.016
Kidney stones,604,25945,2.33,0.63,0.008,10,0.037,0.001,0.655,0.005,10,0.043,0.001,0.633,0.008,10,0.046,0.003,0.653,0.009,10,0.042,0.002,0.002,0.004,0.846,0.846,0.002,0.004,0.695,0.749,0.006,0.021
Liver disease,337,25945,1.3,0.683,0.012,10,0.029,0.002,0.693,0.012,10,0.035,0.004,0.679,0.011,10,0.03,0.003,0.686,0.009,10,0.029,0.002,0.232,0.25,0.625,0.729,0.432,0.483,0.193,0.361,0.131,0.167
Osteoarthritis,4328,25945,16.68,0.647,0.004,10,0.263,0.003,0.693,0.005,10,0.362,0.007,0.696,0.004,10,0.398,0.006,0.675,0.004,10,0.32,0.006,0.002,0.004,0.002,0.004,0.002,0.004,0.002,0.009,0.275,0.335
Pcos,170,25945,0.66,0.825,0.007,10,0.058,0.007,0.831,0.007,10,0.043,0.004,0.821,0.006,10,0.032,0.004,0.827,0.006,10,0.054,0.004,0.131,0.153,0.492,0.599,0.375,0.438,0.375,0.553,0.064,0.095
Psoriasis,889,25945,3.43,0.546,0.006,10,0.041,0.001,0.55,0.009,10,0.044,0.002,0.545,0.006,10,0.041,0.002,0.55,0.007,10,0.04,0.001,0.432,0.448,0.846,0.846,0.275,0.335,0.625,0.729,0.492,0.51
Renal failure,699,25945,2.69,0.687,0.005,10,0.062,0.002,0.699,0.003,10,0.068,0.003,0.689,0.005,10,0.063,0.002,0.698,0.004,10,0.064,0.002,0.02,0.025,0.695,0.749,0.037,0.052,0.557,0.678,0.01,0.029
Rheumatoid arthritis,392,25945,1.51,0.594,0.01,10,0.022,0.001,0.604,0.008,10,0.025,0.002,0.58,0.005,10,0.024,0.001,0.597,0.011,10,0.024,0.001,0.193,0.217,0.232,0.296,0.625,0.673,0.375,0.553,0.014,0.029
Sleep disorders,779,25945,3.0,0.619,0.008,10,0.07,0.003,0.644,0.007,10,0.079,0.004,0.629,0.005,10,0.08,0.004,0.629,0.006,10,0.086,0.006,0.004,0.006,0.131,0.174,0.064,0.086,0.02,0.055,0.014,0.029
Stroke,400,25945,1.54,0.689,0.008,10,0.038,0.003,0.688,0.009,10,0.035,0.001,0.678,0.007,10,0.039,0.002,0.692,0.008,10,0.039,0.003,0.922,0.922,0.084,0.131,0.105,0.134,0.232,0.383,0.064,0.095
