drug,demo,N_paired,mean_before,mean_after,mean_delta,p_value,adjusted_p_value
N06A,All,38,1.4333529960905127,-0.48031350272498957,-1.9136664988155025,0.0018325389246456325,0.0263671875
G03F,Female,10,3.5418003128293,0.6384720703360707,-2.9033282424932296,0.001953125,0.0263671875
B03B,All,103,1.015754798186912,0.38591613118302553,-0.6298386670038865,0.033837942708315714,0.23067305982112885
C09C,All,25,0.05479813947843354,-1.4677575112242047,-1.5225556507026383,0.034173786640167236,0.23067305982112885
A11C,All,187,0.5282432187727916,0.09653863835876252,-0.431704580414029,0.07669263626309156,0.3723574661780731
B03A,All,37,1.8159640170422258,1.014078874371418,-0.8018851426708076,0.08274610359512735,0.3723574661780731
N05C,All,17,1.613732541352042,0.20673623964737603,-1.406996301704666,0.1323699951171875,0.5105699811662947
C07A,All,14,0.6461778624534504,1.8665891561258796,1.2204112936724292,0.1937255859375,0.6538238525390625
A10B,All,87,0.4871842717508009,0.9607549647421867,0.4735706929913857,0.2823626637913813,0.6778564453125
A12A,All,72,0.17962301528381808,-0.36075964009994715,-0.5403826553837652,0.29142606790848846,0.6778564453125
N06B,All,12,-0.6914079713750011,0.39941380721801717,1.0908217785930183,0.30126953125,0.6778564453125
B02B,All,12,1.9293821426698994,0.7310322906603369,-1.1983498520095626,0.30126953125,0.6778564453125
C09D,All,25,0.3470225292568693,-0.040733568881438205,-0.3877560981383075,0.33878785371780396,0.6946253990895055
B01A,All,30,0.2105743508332831,-0.7218869445108304,-0.9324612953441135,0.3817984350025654,0.6946253990895055
C10A,All,172,0.1574214431018037,0.23802047706685447,0.08059903396505076,0.4029492991136925,0.6946253990895055
G03D,Female,12,-2.183935104218124,-1.7206480608505637,0.46328704336756016,0.423828125,0.6946253990895055
A12C,All,190,-0.09656433676214786,-0.3061563434350719,-0.2095920066729241,0.43735673276005904,0.6946253990895055
C10B,All,28,-0.478219751905974,-0.1463642956512224,0.3318554562547516,0.5075842142105103,0.7613763213157654
C09A,All,10,1.1051527772298144,0.6890108750622346,-0.41614190216757974,0.556640625,0.7707693917410714
OTHE,All,111,0.056099832574644355,-0.03663839276441406,-0.09273822533905841,0.5984251822217741,0.7707693917410714
G04C,Male,15,-0.6236015185592602,-0.5516887982913009,0.0719127202679592,0.5994873046875,0.7707693917410714
M05B,All,20,2.3656617244527482,2.1859587522947517,-0.1797029721579964,0.6742229461669922,0.8274554339322178
A11G,All,49,-0.19200502842316083,-0.0755511643326198,0.11645386409054104,0.737448301351197,0.8435994661771334
G03C,Female,44,-0.6804617775769318,-0.8741526238917644,-0.19369084631483266,0.7771068282099804,0.8435994661771334
A02B,All,25,-0.2423951895665873,-0.20859431196163428,0.033800877604953004,0.8119303584098816,0.8435994661771334
A11D,All,20,-1.226780967917462,-1.3367931654491083,-0.11001219753164637,0.8123550415039062,0.8435994661771334
G02C,Female,11,-0.05661308207482498,0.06875166762336059,0.12536474969818556,1.0,1.0
