feature,delta_z,ci_low,ci_high,p_value,mean_Cluster 0,mean_Cluster 1,n_Cluster 0,n_Cluster 1,adj_p_value,-log10_p,-log10_q,significant,regulation,cohort,raw_mean_A,raw_mean_B,raw_median_A,raw_median_B,raw_n_A,raw_n_B,analysis_type,system
almi,0.5590053142678523,0.45392474543912925,0.6640858830965753,1.290595452926494e-22,6.051454014590753,6.468477842720759,723,723,3.871786358779482e-22,21.889209869348537,21.412088614628875,True,upregulated,rematch_age_fat_height,6.051454014590753,6.468477842720759,6.020226055919097,6.404845492072065,723.0,723.0,,
lean_to_fat_ratio,0.19853104537050714,0.0951908830201983,0.301871207720816,6.491761278853795e-05,1.842058976162192,1.910968260628402,723,723,6.491761278853795e-05,4.187637458836981,4.187637458836981,True,upregulated,rematch_age_fat_height,1.842058976162192,1.910968260628402,1.822204670035112,1.8955569262839234,723.0,723.0,,
android_gynoid_fat_ratio,0.5177980621378593,0.41299832895901,0.6225977953167086,6.690511941416247e-20,0.35420934517308733,0.42046986985899865,723,723,1.0035767912124371e-19,19.174540649821754,18.998449390766073,True,upregulated,rematch_age_fat_height,0.35420934517308733,0.42046986985899865,0.34008016160435145,0.3981617295210703,723.0,723.0,,
total_scan_sat_area,0.12500170798651103,0.021778830638769994,0.22822458533425205,0.009989128852948795,136.98435252209404,143.49156807065097,723,722,0.01600997364102752,2.0004723847323724,1.7956093831066666,True,upregulated,rematch_age_fat_height,,,,,,,continuous,body_composition
total_scan_sat_mass,-0.017959669483626373,-0.12108396681899439,0.08516462785174164,0.013479039499588974,1.2361181269970403,1.2051765209076217,723,722,0.0210273016193588,1.8703410540091912,1.6772164556547295,True,downregulated,rematch_age_fat_height,,,,,,,continuous,body_composition
total_scan_sat_volume,0.13114330534757804,0.02791029928643267,0.2343763114087234,0.010399106463264996,1215.876298422318,1277.4870567604448,723,722,0.016441830489216276,1.9830039755805213,1.7840498335653359,True,upregulated,rematch_age_fat_height,,,,,,,continuous,body_composition
total_scan_vat_area,0.3928561906436143,0.2882357622770506,0.49747661901017803,6.898610751611641e-13,47.813119324385156,64.29388890267504,714,717,2.783232613581248e-12,12.16123835906794,11.555450495220734,True,upregulated,rematch_age_fat_height,,,,,,,continuous,body_composition
total_scan_vat_volume,0.40001261243793473,0.2953557910800637,0.5046694337958058,5.545275505360872e-13,423.0699444506541,572.705957208541,714,717,2.317132979025793e-12,12.256076871970075,11.635049041566132,True,upregulated,rematch_age_fat_height,,,,,,,continuous,body_composition
body_comp_leg_left_fat_free_mass,0.4310152277837158,0.32673864143368986,0.5352918141337417,4.232894008281602e-14,6.433661267987007,6.844184279577364,723,723,1.9809943958757898e-13,13.373362606129046,12.703116753054923,True,upregulated,rematch_age_fat_height,,,,,,,continuous,body_composition
body_comp_trunk_fat_free_mass,0.3469909145356021,0.24313153820087674,0.45085029087032746,2.1689729563275382e-11,19.25987329677472,20.091601139658863,723,723,8.186123738397482e-11,10.66374586291939,10.0869216950075,True,upregulated,rematch_age_fat_height,,,,,,,continuous,body_composition
body_comp_total_right_tissue_mass,0.2855841268559358,0.18197345687579797,0.38919479683607366,7.807802501000635e-07,29.202427332657447,30.325635835725286,723,723,1.6312730225304899e-06,6.107471180716673,5.7874733459767125,True,upregulated,rematch_age_fat_height,,,,,,,continuous,body_composition
body_comp_gynoid_total_mass,0.07825247246527212,-0.024873502685648308,0.18137844761619254,0.2989993039714768,9.98719891680997,10.092131636877163,723,723,0.3761604146737934,0.5243298226511514,0.4246269094589248,False,not_significant,rematch_age_fat_height,,,,,,,continuous,body_composition
body_comp_trunk_left_bone_mass,0.17159683935404105,0.06832076923613946,0.27487290947194265,0.00205343112106327,0.3028022535421936,0.3126149518621881,723,723,0.003640173350975797,2.6875198602531527,2.4388779340488598,True,upregulated,rematch_age_fat_height,,,,,,,continuous,body_composition
body_comp_leg_right_lean_mass,0.4685997780665414,0.3641080546076789,0.5730915015254039,2.8101861922374616e-16,6.120655254689402,6.551190128272866,723,723,3.28791784491783e-15,15.55126490444281,14.483079042696648,True,upregulated,rematch_age_fat_height,,,,,,,continuous,body_composition
body_comp_android_tissue_mass,0.3734048601721842,0.26942386848915617,0.47738585185521226,3.3015307670059695e-11,4.157343912137105,4.4615760684366546,723,723,1.1705427264839347e-10,10.481284651176475,9.9316127293082,True,upregulated,rematch_age_fat_height,,,,,,,continuous,body_composition
body_comp_trunk_lean_mass,0.34734142607981033,0.2434804934046011,0.4512023587550196,2.2585290217516953e-11,18.645631458256116,19.45493548111802,723,723,8.257746735779635e-11,10.646174324449216,10.083138441022962,True,upregulated,rematch_age_fat_height,,,,,,,continuous,body_composition
body_comp_total_lean_mass,0.4360524200710626,0.33174801861973163,0.5403568215223935,1.6338011012236341e-15,37.426293369129965,39.44092788856032,723,723,1.470420991101271e-14,14.78680081555073,13.832558306111405,True,upregulated,rematch_age_fat_height,,,,,,,continuous,body_composition
body_comp_trunk_right_fat_mass,0.3229349958331429,0.21917872990642717,0.4266912617598586,1.264159695652154e-09,4.840360189087549,5.334284982546205,723,723,3.6074801071049277e-09,8.89819806010452,8.442796055078094,True,upregulated,rematch_age_fat_height,,,,,,,continuous,body_composition
body_comp_arms_lean_mass,0.5074703469189915,0.4027377418818093,0.6122029519561738,1.0588585108926033e-20,3.7409708573816194,4.068529226808377,723,723,2.101892964031714e-19,19.975162068262556,18.677389403585593,True,upregulated,rematch_age_fat_height,,,,,,,continuous,body_composition
body_comp_legs_total_mass,0.034482433544457645,-0.06861175691041552,0.1375766239993308,0.9552012297279876,21.058365996045875,21.16163346633394,723,723,0.9718134250276048,0.019905127102755254,0.012417105710205274,False,not_significant,rematch_age_fat_height,,,,,,,continuous,body_composition
body_comp_total_right_fat_mass,0.04865800934553936,-0.05444377364282299,0.15175979233390172,0.5577846805917739,10.520054467477669,10.629839786407029,723,723,0.6511560917692347,0.2535334176888665,0.18631489212567826,False,not_significant,rematch_age_fat_height,,,,,,,continuous,body_composition
body_comp_arms_fat_free_mass,0.4965558204701034,0.39189273323623064,0.6012189077039761,8.199781677422607e-20,3.9994034907539615,4.3331797076167735,723,723,1.3705349375120643e-18,19.08619771073249,17.863109889000583,True,upregulated,rematch_age_fat_height,,,,,,,continuous,body_composition
body_comp_trunk_tissue_mass,0.41507810586232396,0.3108874414739051,0.5192687702507428,1.3898986512120077e-14,28.414415838736804,30.23473974874582,723,723,8.130907109590244e-14,13.857016866525823,13.089861000443642,True,upregulated,rematch_age_fat_height,,,,,,,continuous,body_composition
body_comp_android_bone_mass,0.11742702475890095,0.014251691189393997,0.2206023583284079,0.05395555510889996,42.057867013586446,43.087402595340244,723,723,0.0789099993467662,1.2679638349673061,1.102867960213088,False,not_significant,rematch_age_fat_height,,,,,,,continuous,body_composition
body_comp_total_total_mass,0.28936671449174634,0.18574210428370452,0.39299132469978815,5.068884108272794e-07,60.570579998546926,62.87654069029469,723,723,1.1404989243613786e-06,6.295087638094608,5.942905119983245,True,upregulated,rematch_age_fat_height,,,,,,,continuous,body_composition
body_comp_leg_right_bone_mass,0.15315110932273754,0.0499135699529341,0.25638864869254097,0.004783148125445253,0.3792017645440428,0.3880293217348298,723,723,0.007994690438244209,2.320286169605268,2.097198347873363,True,upregulated,rematch_age_fat_height,,,,,,,continuous,body_composition
body_comp_arms_diff_total_mass,-0.09387873238150446,-0.1970220293703377,0.009264564607328787,0.2846533597086127,0.37997735452901665,0.2888373444454053,723,723,0.3659828910539306,0.5456836859283145,0.43653921650324645,False,not_significant,rematch_age_fat_height,,,,,,,continuous,body_composition
body_comp_arm_right_tissue_mass,0.3012286562537774,0.19755915365731797,0.4048981588502369,7.937215840573002e-08,3.0745223152346584,3.2360759746243954,723,723,1.975860113504343e-07,7.100331809552588,6.704243805742144,True,upregulated,rematch_age_fat_height,,,,,,,continuous,body_composition
body_comp_leg_left_total_mass,0.028403661280838294,-0.07468806639554058,0.13149538895721719,0.9220365376788093,10.46293661596908,10.50554689791112,723,723,0.9648194084478001,0.035251868753441946,0.015553968784974887,False,not_significant,rematch_age_fat_height,,,,,,,continuous,body_composition
body_comp_legs_bone_mass,0.1606112889857722,0.05735869170499844,0.263863886266546,0.003785882227083139,0.7536253834910098,0.7720066876393278,723,723,0.006419539428532279,2.4218329003889867,2.1924961293800806,True,upregulated,rematch_age_fat_height,,,,,,,continuous,body_composition
body_comp_total_diff_total_mass,-0.0716997493445962,-0.17481939595100976,0.031419897261817334,0.034185325510384154,0.8660602679104689,0.8112177274547843,723,723,0.05127798826557623,1.4661602804212317,1.2900690213655504,False,not_significant,rematch_age_fat_height,,,,,,,continuous,body_composition
body_comp_arm_right_total_mass,0.30047894038630607,0.19681232794457945,0.40414555282803266,8.237352467390064e-08,3.2061180381224355,3.3704925754222437,723,723,2.0078546639263284e-07,7.084212350628243,6.697267726257668,True,upregulated,rematch_age_fat_height,,,,,,,continuous,body_composition
body_comp_total_diff_bone_mass,-0.10683146226188517,-0.20999149859146002,-0.0036714259323103182,0.04760852689157237,0.5542675039964426,0.3904119532736003,723,723,0.07050883096599958,1.3223152563066083,1.151756485850888,False,not_significant,rematch_age_fat_height,,,,,,,continuous,body_composition
body_comp_arms_diff_bone_mass,0.03344029757068883,-0.06965343685760703,0.1365340319989847,0.9815058434212348,3.2114040647565982,3.3132466242503917,723,723,0.9899671006921075,0.008107110472489127,0.004379237953245986,False,not_significant,rematch_age_fat_height,,,,,,,continuous,body_composition
body_comp_trunk_diff_lean_mass,0.005316724230756577,-0.09776998776984258,0.10840343623135573,0.605078346834445,0.5922709609760789,0.5949816633859806,723,723,0.6940604566630398,0.21818838833112536,0.1586026983468813,False,not_significant,rematch_age_fat_height,,,,,,,continuous,body_composition
body_comp_arm_left_fat_mass,-0.07580981416506163,-0.17893336560990597,0.0273137372797827,0.08614654995704524,1.1558515057127718,1.1342693117010776,723,723,0.12443390549350979,1.0647621107246033,0.9050612678570913,False,not_significant,rematch_age_fat_height,,,,,,,continuous,body_composition
body_comp_trunk_left_fat_mass,0.32337825521383445,0.2196201554249884,0.42713635500268055,2.6512657125175033e-09,4.928443555155318,5.4455331163403065,723,723,7.213909031733671e-09,8.576546744655701,8.141829338489126,True,upregulated,rematch_age_fat_height,,,,,,,continuous,body_composition
body_comp_leg_left_lean_mass,0.43996097550633145,0.33563477373525064,0.5442871772774123,1.3381402437217573e-14,6.059268077809117,6.460198614917735,723,723,8.130907109590244e-14,13.87349836797127,13.089861000443642,True,upregulated,rematch_age_fat_height,,,,,,,continuous,body_composition
body_comp_leg_left_tissue_mass,0.0223585448187792,-0.08073120584532796,0.12544829548288636,0.8192212206023297,10.089118806150758,10.121872436570959,723,723,0.8874896556525238,0.08659880652555554,0.051836700266343634,False,not_significant,rematch_age_fat_height,,,,,,,continuous,body_composition
body_comp_trunk_right_fat_free_mass,0.339875718067568,0.23604759985057655,0.44370383628455945,1.2552347101577665e-10,9.414349441651467,9.827689596016919,723,723,3.8648016075910177e-10,9.90127506000305,9.4128727948737,True,upregulated,rematch_age_fat_height,,,,,,,continuous,body_composition
body_comp_arms_bone_mass,0.15962395064627655,0.05637338723120906,0.26287451406134404,0.0035346739147825035,0.25843401649824344,0.264664312067065,723,723,0.006081718353375777,2.4516506451040563,2.2159736960641307,True,upregulated,rematch_age_fat_height,,,,,,,continuous,body_composition
body_comp_arm_right_fat_mass,-0.03724353160654605,-0.14033899792784854,0.06585193471475642,0.2405075820796091,1.1581793282338368,1.1475421074069667,723,723,0.3197657625376621,0.6188712277997924,0.4951680382037994,False,not_significant,rematch_age_fat_height,,,,,,,continuous,body_composition
body_comp_trunk_fat_mass,0.3250507981336088,0.2212857563056321,0.42881583996158557,1.7660949513637257e-09,9.768784380480703,10.779813949508855,723,723,4.919835935941808e-09,8.752985950959596,8.308049379611335,True,upregulated,rematch_age_fat_height,,,,,,,continuous,body_composition
body_comp_arms_diff_fat_free_mass,0.032837932936723796,-0.07025554428474061,0.13593141015818822,0.2551487815537061,0.3310118805070622,0.36969423941212864,723,723,0.3354203083346474,0.5932065012716494,0.4744106461704005,False,not_significant,rematch_age_fat_height,,,,,,,continuous,body_composition
body_comp_arms_tissue_mass,0.2792488635818809,0.17566113459309318,0.3828365925706686,5.753566452870908e-07,6.055019671964422,6.350330964035336,723,723,1.2701269339356532e-06,6.240062866501933,5.896152874356561,True,upregulated,rematch_age_fat_height,,,,,,,continuous,body_composition
body_comp_total_left_fat_mass,0.06066623958393809,-0.04244399999647884,0.163776479164355,0.4550371998109466,10.489093767223112,10.628167311843384,723,723,0.5488593028647499,0.34195309782149946,0.2605389703415827,False,not_significant,rematch_age_fat_height,,,,,,,continuous,body_composition
body_comp_legs_tissue_mass,0.029108442442596062,-0.07398354637356144,0.13220043125875355,0.8749936396089179,20.305674222513396,20.39080105255357,723,723,0.9306750530385762,0.057995103883731684,0.0312019272957951,False,not_significant,rematch_age_fat_height,,,,,,,continuous,body_composition
body_comp_android_fat_free_mass,0.30171093300905777,0.19803956747171947,0.40538229854639607,3.78063618497325e-08,2.7475418460420595,2.8641009543862217,723,723,9.615965948736311e-08,7.422435113290918,7.01700708322633,True,upregulated,rematch_age_fat_height,,,,,,,continuous,body_composition
body_comp_total_fat_mass,0.054933401388502126,-0.04817256927971725,0.1580393720567215,0.5082387111745303,21.00914408532317,21.258030611390105,723,723,0.6006457495698995,0.2939322589841815,0.22138159183556985,False,not_significant,rematch_age_fat_height,,,,,,,continuous,body_composition
body_comp_trunk_diff_tissue_mass,0.0549920782698772,-0.04811393394779879,0.1580980904875532,0.1501556795036246,0.7962728718759903,0.8412141638276845,723,723,0.2091454107371914,0.8234582363558726,0.6795516606715927,False,not_significant,rematch_age_fat_height,,,,,,,continuous,body_composition
body_comp_total_tissue_mass,0.29024006391601476,0.18661220929862565,0.39386791853340386,4.6585262076796044e-07,58.43543883757901,60.69895711682455,723,723,1.06872071823238e-06,6.331751456938252,5.971135771290027,True,upregulated,rematch_age_fat_height,,,,,,,continuous,body_composition
body_comp_total_left_bone_mass,0.14569792281263808,0.042474714235099936,0.24892113139017621,0.006677346392575151,1.0377890403131218,1.0600759088624123,723,723,0.011003514477905532,2.1753960938156576,1.9584685807885713,True,upregulated,rematch_age_fat_height,,,,,,,continuous,body_composition
body_comp_legs_diff_lean_mass,0.032100687860977875,-0.07099248092221475,0.1351938566441705,0.668240078098259,0.4004008636555892,0.43676837533388513,723,723,0.7590688265776341,0.1750674808455228,0.11971884380453332,False,not_significant,rematch_age_fat_height,,,,,,,continuous,body_composition
body_comp_trunk_right_tissue_mass,0.4073700230073156,0.30321977842172426,0.511520267592907,2.3436863327137562e-14,13.943256214503943,14.837903124996505,723,723,1.246415004215952e-13,13.63010051257158,12.904337331647625,True,upregulated,rematch_age_fat_height,,,,,,,continuous,body_composition
body_comp_arm_left_total_mass,0.24393393036852207,0.14046473346759372,0.34740312726945044,1.050984890788265e-05,3.1084877941852667,3.2447281501960585,723,723,2.0494205370371168e-05,4.978403527448874,4.688368916086357,True,upregulated,rematch_age_fat_height,,,,,,,continuous,body_composition
body_comp_leg_right_fat_mass,-0.486113833062908,-0.5907117850315365,-0.3815158810942795,1.5708817404591418e-21,4.095905694176765,3.7177454033391384,723,723,5.461167867883352e-20,20.80385650840319,19.262714473716255,True,downregulated,rematch_age_fat_height,,,,,,,continuous,body_composition
body_comp_total_diff_lean_mass,0.0008355097795208089,-0.10225102459361296,0.10392204415265457,0.3662707534827271,0.6200998575572545,0.6207223125009543,723,723,0.45109134902609543,0.43619775812541123,0.34573550166809736,False,not_significant,rematch_age_fat_height,,,,,,,continuous,body_composition
body_comp_arms_fat_mass,-0.05783491493736687,-0.16094299329834538,0.04527316342361163,0.14644401944758992,2.314044665205242,2.28180312035286,723,723,0.20643313584780745,0.8343283595504607,0.685220590180373,False,not_significant,rematch_age_fat_height,,,,,,,continuous,body_composition
body_comp_total_diff_tissue_mass,-0.10226090377741169,-0.20541478702401061,0.0008929794691872467,0.029123853508064727,0.8207818046129584,0.740515798949592,723,723,0.04425312805770874,1.5357511621005646,1.3540560255268848,True,downregulated,rematch_age_fat_height,,,,,,,continuous,body_composition
body_comp_trunk_diff_total_mass,0.05942873970257001,-0.04368054256453925,0.16253802196967926,0.18121624118746427,0.759500926343004,0.7974558001511147,723,723,0.24943882610509788,0.7418028820344323,0.6030359460025634,False,not_significant,rematch_age_fat_height,,,,,,,continuous,body_composition
body_comp_trunk_left_total_mass,0.4086289575566927,0.304472162045389,0.5127857530679965,6.953387251242632e-14,14.774397562422369,15.709699155141301,723,723,3.0131344755384737e-13,13.157803583012702,12.520981485425528,True,upregulated,rematch_age_fat_height,,,,,,,continuous,body_composition
body_comp_total_diff_fat_free_mass,-0.0342340665057684,-0.13732814700819737,0.06886001399666059,0.11238889256807795,0.6882700922680913,0.662270909802989,723,723,0.16035976134713562,0.9492766081153354,0.7949045987528904,False,not_significant,rematch_age_fat_height,,,,,,,continuous,body_composition
body_comp_gynoid_fat_mass,-0.2260318421134127,-0.3294470188266708,-0.12261666540015458,4.767282002554715e-06,4.0752528071071,3.901226594874104,723,723,9.616758522394855e-06,5.321729157170718,5.016971288987493,True,downregulated,rematch_age_fat_height,,,,,,,continuous,body_composition
body_comp_leg_left_fat_mass,-0.48646429562788585,-0.5910644119207283,-0.38186417933504335,9.269925031031179e-22,4.029849345215834,3.661637860380791,723,723,5.422906143153239e-20,21.032923778125312,19.26576791204313,True,downregulated,rematch_age_fat_height,,,,,,,continuous,body_composition
body_comp_total_right_lean_mass,0.4322464885965753,0.3279631324519112,0.5365298447412393,5.241714458364664e-15,18.682374248305642,19.695787750563078,723,723,3.8330036976791604e-14,14.280526640874006,13.41646076178377,True,upregulated,rematch_age_fat_height,,,,,,,continuous,body_composition
body_comp_arms_diff_fat_mass,-0.003314278789515171,-0.10640087943674414,0.09977232185771381,0.29391340979161473,0.46330921465357405,0.45825650755161,723,723,0.3737811841915101,0.5317805988010029,0.4273825644003965,False,not_significant,rematch_age_fat_height,,,,,,,continuous,body_composition
body_comp_total_right_bone_mass,0.12091820644387938,0.01773751644206127,0.22409889644569747,0.02380797584086029,1.0975761870448313,1.1170138886741465,723,723,0.03665175228132439,1.6232775268342483,1.4359052573688782,True,upregulated,rematch_age_fat_height,,,,,,,continuous,body_composition
body_comp_arm_right_bone_mass,0.006880736328392377,-0.09620609858311908,0.10996757123990385,0.0012650247773693742,4.143359525220936,4.2751580431137235,723,723,0.0022770445992648736,2.8979009681091807,2.6426284630058747,True,upregulated,rematch_age_fat_height,,,,,,,continuous,body_composition
body_comp_total_right_fat_free_mass,0.41997684269928015,0.3157601047781858,0.5241935806203745,3.426667732841029e-14,19.779929688462506,20.812782275475115,723,723,1.6705005197600017e-13,13.465128004933877,12.777153384899322,True,upregulated,rematch_age_fat_height,,,,,,,continuous,body_composition
body_comp_arm_left_fat_free_mass,0.4553742472787338,0.35096022656208103,0.5597882679953866,4.616052381687434e-17,1.9520761224974328,2.1102582852446488,723,723,6.000868096193664e-16,16.33572927157054,15.2217859192637,True,upregulated,rematch_age_fat_height,,,,,,,continuous,body_composition
body_comp_android_total_mass,0.3715527909486149,0.267580612536268,0.4755249693609617,5.4176059597848833e-11,4.199707449966716,4.504083941294752,723,723,1.8642938155730332e-10,10.266192585813432,9.729485641109525,True,upregulated,rematch_age_fat_height,,,,,,,continuous,body_composition
body_comp_arm_right_fat_free_mass,0.5117706556937975,0.4070102585888315,0.6165310527987636,1.0778938277085713e-20,2.047341199515191,2.2229158898686636,723,723,2.101892964031714e-19,19.967424014948108,18.677389403585593,True,upregulated,rematch_age_fat_height,,,,,,,continuous,body_composition
body_comp_arm_left_tissue_mass,0.2446595169222753,0.1411880443744848,0.3481309894700658,1.075865383848782e-05,2.980491824226322,3.114246690655773,723,723,2.063545080496844e-05,4.968242065759825,4.68538603902443,True,upregulated,rematch_age_fat_height,,,,,,,continuous,body_composition
body_comp_total_diff_fat_mass,0.007183864868066749,-0.0959029975119384,0.11027072724807191,0.9235878097961848,0.4164904680321078,0.4223884661838741,723,723,0.9648194084478001,0.03452180786095488,0.015553968784974887,False,not_significant,rematch_age_fat_height,,,,,,,continuous,body_composition
body_comp_arm_left_bone_mass,0.04554963842976306,-0.05755025812878049,0.14864953498830663,0.0012196062689323972,4.66098955012654,5.616911362574152,723,723,0.0022295927103920385,2.9137803519716696,2.6517744642093954,True,upregulated,rematch_age_fat_height,,,,,,,continuous,body_composition
body_comp_trunk_left_lean_mass,0.33658702088810555,0.23277313468658128,0.4404009070896298,5.94294572944791e-11,9.542729900336257,9.951318721793582,723,723,1.98664185812973e-10,10.225998235669591,9.701880418273705,True,upregulated,rematch_age_fat_height,,,,,,,continuous,body_composition
body_comp_trunk_right_total_mass,0.4073722942360461,0.3032220378498385,0.5115225506222537,2.698956569782722e-14,14.254372148028034,15.161368769434468,723,723,1.372947472454689e-13,13.568804103830095,12.862346078101526,True,upregulated,rematch_age_fat_height,,,,,,,continuous,body_composition
body_comp_arms_diff_lean_mass,0.0031020588743869387,-0.09998453299970311,0.106188650748477,0.22531975466247434,0.34783482313374,0.35145222565421713,723,723,0.30301622178746546,0.6472007303143347,0.5185341211867915,False,not_significant,rematch_age_fat_height,,,,,,,continuous,body_composition
body_comp_arm_right_lean_mass,0.5224963869567731,0.4176656825208713,0.627327091392675,1.8670659377378982e-21,1.9163346882456709,2.088551847853693,723,723,5.461167867883352e-20,20.728840344134454,19.262714473716255,True,upregulated,rematch_age_fat_height,,,,,,,continuous,body_composition
body_comp_gynoid_lean_mass,0.3502779564501265,0.24640392419742574,0.45415198870282725,2.614231785860227e-10,5.719161014561691,5.9902895387526724,723,723,7.842695357580681e-10,9.582655909158921,9.10553465443926,True,upregulated,rematch_age_fat_height,,,,,,,continuous,body_composition
body_comp_trunk_diff_fat_free_mass,0.0463170175503753,-0.056783333151099555,0.14941736825185015,0.3979493666647015,0.6080446108336806,0.6420203930293693,723,723,0.4850007906226049,0.4001721821398868,0.31425755343329365,False,not_significant,rematch_age_fat_height,,,,,,,continuous,body_composition
body_comp_android_fat_mass,0.311748975699928,0.20803816646199136,0.4154597849378646,1.434075605589134e-08,1.4518751474931313,1.640563899771625,723,723,3.813337405771106e-08,7.843427951719404,7.41869476645943,True,upregulated,rematch_age_fat_height,,,,,,,continuous,body_composition
body_comp_total_fat_free_mass,0.42542396365265156,0.32117788202822645,0.5296700452770766,8.797003908632454e-15,39.561640615851694,41.61800662108994,723,723,6.054408572411747e-14,14.055665215066034,13.217928274698146,True,upregulated,rematch_age_fat_height,,,,,,,continuous,body_composition
body_comp_trunk_left_fat_free_mass,0.3355791203905518,0.23176956861677334,0.4393886721643303,6.906093241001407e-11,9.845530770752555,10.263911543641932,723,723,2.244480303325457e-10,10.160767562421688,9.648884201442813,True,upregulated,rematch_age_fat_height,,,,,,,continuous,body_composition
body_comp_legs_diff_fat_mass,-0.10303085405770898,-0.2061857550290414,0.00012404691362342957,0.21036300034818556,0.5090886152850733,0.37602822525255597,723,723,0.28619152372950823,0.6770306435946122,0.5433432330920183,False,not_significant,rematch_age_fat_height,,,,,,,continuous,body_composition
body_comp_leg_right_total_mass,0.041454316227949296,-0.061643284935058724,0.14455191739095732,0.9438673225617515,10.595429380076808,10.658576194978865,723,723,0.9711246422115192,0.02508904927073547,0.012725025549577227,False,not_significant,rematch_age_fat_height,,,,,,,continuous,body_composition
body_comp_legs_lean_mass,0.45960477049146975,0.3551661302844528,0.5640434106984866,1.1327839415547761e-15,12.179933014379497,13.011412256330205,723,723,1.2048701923809892e-14,14.945852916207608,13.919059739619673,True,upregulated,rematch_age_fat_height,,,,,,,continuous,body_composition
body_comp_trunk_total_mass,0.4152384520224935,0.31104693893145036,0.5194299651135366,1.4977342174963724e-14,29.02780152234529,30.872312737853758,723,723,8.344519211765504e-14,13.824565248129085,13.078598681116842,True,upregulated,rematch_age_fat_height,,,,,,,continuous,body_composition
body_comp_gynoid_tissue_mass,0.07352273046029469,-0.029598621265811267,0.17664408218640065,0.34197339820330974,9.794401373536003,9.891496769864615,723,723,0.4256477403168855,0.4660076759989784,0.37094966785251543,False,not_significant,rematch_age_fat_height,,,,,,,continuous,body_composition
body_comp_leg_right_tissue_mass,0.03521603672865665,-0.06787848313367328,0.13831055659098657,0.9462240103599417,10.216549883859203,10.268943830367144,723,723,0.9711246422115192,0.02400603595926628,0.012725025549577227,False,not_significant,rematch_age_fat_height,,,,,,,continuous,body_composition
body_comp_android_lean_mass,0.30243209637863233,0.19875793963059413,0.40610625312667054,3.777935360757675e-08,2.7054784465250594,2.821006636161609,723,723,9.615965948736311e-08,7.422745476987613,7.01700708322633,True,upregulated,rematch_age_fat_height,,,,,,,continuous,body_composition
body_comp_total_left_tissue_mass,0.2904515294081231,0.1868228877617105,0.39408017105453563,3.903092826964646e-07,29.233010121795704,30.373308832966494,723,723,9.319629811323746e-07,6.408591119802759,6.030601338085111,True,upregulated,rematch_age_fat_height,,,,,,,continuous,body_composition
body_comp_trunk_bone_mass,0.19777245115952902,0.09443422102759289,0.3011106812914651,0.0002031495118770904,0.6142446047703347,0.6366601260373885,723,723,0.0003772776649145965,3.692184216848969,3.423338904556389,True,upregulated,rematch_age_fat_height,,,,,,,continuous,body_composition
body_comp_gynoid_fat_free_mass,0.3501214154175408,0.2462480842201376,0.45399474661494404,2.917903203164442e-10,5.9119115315562905,6.191001860813614,723,723,8.534866869255993e-10,9.534929119237912,9.068803248819714,True,upregulated,rematch_age_fat_height,,,,,,,continuous,body_composition
body_comp_arms_diff_tissue_mass,-0.039828392837065914,-0.14292514259675268,0.06326835692262087,0.2783556545075725,0.43444742171873163,0.38729541633283815,723,723,0.3618623508598442,0.5553999520236721,0.4414565997168354,False,not_significant,rematch_age_fat_height,,,,,,,continuous,body_composition
body_comp_arm_left_lean_mass,0.4651303477934398,0.3606592175564344,0.5696014780304453,8.550719562414147e-18,1.82462372100322,1.979973229577152,723,723,1.250542736003069e-16,17.067997336869887,15.902901462115667,True,upregulated,rematch_age_fat_height,,,,,,,continuous,body_composition
body_comp_total_left_total_mass,0.28993281324320064,0.186306101135811,0.39355952535059024,4.078459588197717e-07,30.270562647585994,31.433379209325434,723,723,9.543595436382658e-07,6.389503836583418,6.0202879791732755,True,upregulated,rematch_age_fat_height,,,,,,,continuous,body_composition
body_comp_trunk_right_bone_mass,0.21428893984566919,0.11090697657982425,0.31767090311151414,4.203066543566629e-05,0.31143820185054494,0.32407007044073993,723,723,7.931593316085413e-05,4.376433734126131,4.100639561878223,True,upregulated,rematch_age_fat_height,,,,,,,continuous,body_composition
body_comp_trunk_left_tissue_mass,0.40953581989127325,0.3053742932102426,0.5136973465723038,5.049086187866908e-14,14.471134727967332,15.396838006875226,723,723,2.2720887845401087e-13,13.296787215837385,12.643574702062041,True,upregulated,rematch_age_fat_height,,,,,,,continuous,body_composition
body_comp_total_left_lean_mass,0.4292928639579412,0.32502571594776913,0.5335600119681133,2.6393366620057777e-15,18.74392465332778,19.74514152112311,723,723,2.2057313532476855e-14,14.578505209580632,13.656447383512708,True,upregulated,rematch_age_fat_height,,,,,,,continuous,body_composition
body_comp_legs_diff_fat_free_mass,0.0656738645589905,-0.03744045019871883,0.16878817931669984,0.7549983229627772,0.36321290303136106,0.4346189924750151,723,723,0.8412838455870946,0.12205401304474645,0.0750574503685229,False,not_significant,rematch_age_fat_height,,,,,,,continuous,body_composition
body_comp_legs_fat_free_mass,0.44931263157427054,0.3449334995178957,0.5536917636306453,4.492248960536926e-15,12.933557014744634,13.78340372958502,723,723,3.503954189218803e-14,14.347536183133805,13.455441580443324,True,upregulated,rematch_age_fat_height,,,,,,,continuous,body_composition
body_comp_total_bone_mass,0.14034308954541674,0.037129736986093356,0.24355644210474015,0.009966413374009235,2.1353389479665505,2.177091180662404,723,723,0.01600997364102752,2.0014611036863297,1.7956093831066666,True,upregulated,rematch_age_fat_height,,,,,,,continuous,body_composition
body_comp_total_left_fat_free_mass,0.41953486945200913,0.3153204962200281,0.5237492426839901,9.820704585367574e-15,19.78171784301849,20.805207748104472,723,723,6.383457980488923e-14,14.007857352685553,13.194943996042698,True,upregulated,rematch_age_fat_height,,,,,,,continuous,body_composition
body_comp_leg_left_bone_mass,0.16613003582617317,0.06286584001354667,0.26939423163879966,0.0032291441819241942,0.3744180864434993,0.38396768402344117,723,723,0.0056389532729124,2.4909125632156948,2.2488015041703595,True,upregulated,rematch_age_fat_height,,,,,,,continuous,body_composition
body_comp_gynoid_bone_mass,0.24944183469013398,0.14595519562475717,0.3529284737555108,9.890738863978847e-06,0.19275190012047028,0.20071508831270263,723,723,1.961383808619534e-05,5.004771264260946,4.707437414156929,True,upregulated,rematch_age_fat_height,,,,,,,continuous,body_composition
body_comp_trunk_right_lean_mass,0.33922848870687966,0.23540318219251716,0.44305379522124216,1.1893516593041205e-10,9.10290847354921,9.503625058079635,723,723,3.760922814556273e-10,9.924689717193823,9.424705579514658,True,upregulated,rematch_age_fat_height,,,,,,,continuous,body_composition
body_comp_total_right_total_mass,0.28377206023372986,0.18016800405946,0.38737611640799974,9.7601319441593e-07,30.30043228872026,31.442746543209942,723,723,2.0033955043274354e-06,6.010544311202881,5.69823330512921,True,upregulated,rematch_age_fat_height,,,,,,,continuous,body_composition
body_comp_leg_right_fat_free_mass,0.45790214963460185,0.3534734444901125,0.5623308547790912,1.3604118704833195e-15,6.499858402359275,6.939211151252457,723,723,1.3264015737212366e-14,14.866329587219386,13.87732497152085,True,upregulated,rematch_age_fat_height,,,,,,,continuous,body_composition
body_comp_arms_total_mass,0.2788509253062139,0.17526462030468543,0.3824372303077424,6.778373641466026e-07,6.313499331616183,6.614667475272493,723,723,1.4686476223176388e-06,6.168874495405038,5.8330823934818445,True,upregulated,rematch_age_fat_height,,,,,,,continuous,body_composition
body_comp_legs_fat_mass,-0.49127950897762696,-0.5959095155688965,-0.3866495023863574,4.675219679956132e-22,8.125749506889097,7.37940401060788,723,723,5.422906143153239e-20,21.33019797761473,19.26576791204313,True,downregulated,rematch_age_fat_height,,,,,,,continuous,body_composition
body_comp_trunk_diff_fat_mass,0.007973436371576643,-0.09511350311541361,0.1110603758585669,0.5621091048606215,0.42772603929562103,0.4357087441741826,723,723,0.6511560917692347,0.25017938008919727,0.18631489212567826,False,not_significant,rematch_age_fat_height,,,,,,,continuous,body_composition
body_comp_legs_diff_total_mass,-0.03500295064918493,-0.13809737411571255,0.06809147281734268,0.9958274602438499,0.40684620036344676,0.38295400602591145,723,723,0.9958274602438499,0.001815902093552854,0.001815902093552854,False,not_significant,rematch_age_fat_height,,,,,,,continuous,body_composition
body_comp_trunk_diff_bone_mass,0.024364757960826086,-0.07872559662090373,0.1274551125425559,0.8556748443689725,1.6285478203588921,1.6989736710909074,723,723,0.918476667808897,0.06769123546697835,0.03693187166144036,False,not_significant,rematch_age_fat_height,,,,,,,continuous,body_composition
body_comp_legs_diff_bone_mass,0.001861298786538634,-0.10122525340997408,0.10494785098305136,0.8075314894010954,2.7217038557803623,2.7275500468058436,723,723,0.8830017220554034,0.09284053350894404,0.054038449447992055,False,not_significant,rematch_age_fat_height,,,,,,,continuous,body_composition
body_comp_legs_diff_tissue_mass,-0.08116275389726996,-0.18429171700480562,0.021966209210265694,0.48798791003451936,0.49623873331995433,0.4206172670219488,723,723,0.5825978109595792,0.3115909375676507,0.23463115151398392,False,not_significant,rematch_age_fat_height,,,,,,,continuous,body_composition
waist,0.3810478662952564,0.2768857817532462,0.4852099508372666,5.20831142972834e-12,76.18222225507101,79.30595570191782,720,722,2.0312414575940528e-11,11.283303055129428,10.692238448102929,True,upregulated,rematch_age_fat_height,,,,,,,continuous,body_composition
weight,0.2876993903147954,0.1840809471853801,0.3913178334442107,7.752894676930105e-07,60.86459198103571,63.178976430932515,723,723,1.6312730225304899e-06,6.1105361158807145,5.7874733459767125,True,upregulated,rematch_age_fat_height,,,,,,,continuous,body_composition
height,0.030667622106070425,-0.07242496716604234,0.1337602113781832,0.6974081309645898,162.15020745621678,162.34260023019456,723,723,0.7845841473351636,0.15651299356390122,0.10536047111651986,False,not_significant,rematch_age_fat_height,,,,,,,continuous,body_composition
hips,0.013251468481058246,-0.08997917177042447,0.11648210873254097,0.7726266746939293,97.98583329518637,98.07271469200747,720,722,0.8528049145206579,0.11203030205141196,0.06915030557002053,False,not_significant,rematch_age_fat_height,,,,,,,continuous,body_composition
body_arm_left_area,0.07427942887785294,-0.028842643187950545,0.17740150094365642,0.5622336783196598,157.22975960190735,158.80971545797513,723,723,0.651761334103045,0.2500831433064605,0.18591140773061943,False,not_significant,rematch_age_fat_height,,,,,,,continuous,bone_density
body_arm_left_bmc,0.14383986546099384,0.04062011849358994,0.24705961242839775,0.009410010337463103,127.43857023560996,130.28090628994468,723,723,0.028613431892037158,2.026409899473836,1.5434300498358302,True,upregulated,rematch_age_fat_height,,,,,,,continuous,bone_density
body_arm_left_bmd,0.113276712081018,0.01010754242302958,0.21644588173900642,0.018084859954533804,0.813661438681881,0.8251074989253112,723,723,0.050637607872694654,1.7426848499772123,1.295526818634993,False,not_significant,rematch_age_fat_height,,,,,,,continuous,bone_density
body_arm_right_area,0.11150650628617402,0.008339898320457659,0.2146731142518904,0.1332185170627385,159.52294081697923,161.8796230494094,723,723,0.212682193907179,0.8754354050512827,0.6722688684026806,False,not_significant,rematch_age_fat_height,,,,,,,continuous,bone_density
body_arm_right_bmc,0.1685409260132841,0.0652715407828236,0.2718103112437446,0.0017318773515220705,131.0078943954177,134.38755515470677,723,723,0.0071636744994776555,2.7614828671935108,2.144864155694623,True,upregulated,rematch_age_fat_height,,,,,,,continuous,bone_density
body_arm_right_bmd,0.09589547980853107,-0.007250281666380282,0.19904124128344242,0.03666441504538765,0.8249310110912863,0.8350730571645919,723,723,0.0834115442282569,1.435755239472048,1.0787738384789167,False,not_significant,rematch_age_fat_height,,,,,,,continuous,bone_density
body_arms_area,0.09563018450446821,-0.007515249788218589,0.198775618797155,0.26081241969311386,316.7554666705948,320.68933850738864,723,723,0.35161378062330906,0.5836717316680324,0.4539341121779637,False,not_significant,rematch_age_fat_height,,,,,,,continuous,bone_density
body_arms_bmc,0.15962395064627632,0.05637338723120884,0.2628745140613438,0.0035346739147825035,258.43401649824347,264.664312067065,723,723,0.012866213049808312,2.4516506451040563,1.8905492614550001,True,upregulated,rematch_age_fat_height,,,,,,,continuous,bone_density
body_arms_bmd,0.10622617967440037,0.0030669736340779574,0.2093853857147228,0.02308701422021172,0.8190715605781466,0.8298764140774552,723,723,0.057559405316144285,1.63663222955716,1.239883701692541,False,not_significant,rematch_age_fat_height,,,,,,,continuous,bone_density
body_head_area,0.020793169150943303,-0.08229614631614157,0.12388248461802817,0.6967025692047357,215.45244451843016,215.81802575549239,723,723,0.7684840460318904,0.15695258793050565,0.11436514415933713,False,not_significant,rematch_age_fat_height,,,,,,,continuous,bone_density
body_head_bmc,-0.06619143518972899,-0.16930618955395682,0.03692331917449883,0.3745467729478529,509.0349432069405,503.7614380445173,723,723,0.47503967539006553,0.42649394040842376,0.32327011651535853,False,not_significant,rematch_age_fat_height,,,,,,,continuous,bone_density
body_head_bmd,-0.08916799405953306,-0.19230573833205658,0.013969750212990462,0.19132640098622766,2.361480031885201,2.3334044450511757,723,723,0.27857123983594745,0.7182250978685727,0.5550637228915544,False,not_significant,rematch_age_fat_height,,,,,,,continuous,bone_density
body_leg_left_area,0.2174422446189547,0.1140515355422463,0.3208329536956631,0.0001586186427062555,344.0304429955187,351.02947843713696,723,723,0.0010181031637483014,3.7996457706839704,2.9922082129849272,True,upregulated,rematch_age_fat_height,,,,,,,continuous,bone_density
body_leg_left_bmc,0.16613003582617458,0.06286584001354807,0.2693942316388011,0.0032291441819241942,374.41808644349925,383.9676840234412,723,723,0.01224383835646257,2.4909125632156948,1.912082412606207,True,upregulated,rematch_age_fat_height,,,,,,,continuous,bone_density
body_leg_left_bmd,0.037028121394820916,-0.0660672418560996,0.14012348464574143,0.4883829630942612,1.0875556488934994,1.0918848756071924,723,723,0.5857087462188628,0.31123949452896654,0.23231829073005766,False,not_significant,rematch_age_fat_height,,,,,,,continuous,bone_density
body_leg_right_area,0.23854138753254975,0.13508889294157111,0.3419938821235284,6.114032123637226e-05,345.24863148452283,352.888836790787,723,723,0.00046364743604248963,4.2136722837843275,3.3338121375108583,True,upregulated,rematch_age_fat_height,,,,,,,continuous,bone_density
body_leg_right_bmc,0.15315110932273865,0.04991356995293521,0.2563886486925421,0.004783148125445253,379.2017645440428,388.02932173482986,723,723,0.016741018439058387,2.320286169605268,1.7762181252549922,True,upregulated,rematch_age_fat_height,,,,,,,continuous,bone_density
body_leg_right_bmd,0.0013510478583810763,-0.10173549377754429,0.10443758949430645,0.843190884496991,1.0976135741355464,1.097771945735823,723,723,0.867009836036454,0.07407409714345381,0.06197597552018565,False,not_significant,rematch_age_fat_height,,,,,,,continuous,bone_density
body_legs_area,0.23106759552031142,0.1276376364501401,0.33449755459048275,8.735360276001467e-05,689.2693925989668,703.9224646055048,723,723,0.0006114752193201028,4.058719178528473,3.213621138514216,True,upregulated,rematch_age_fat_height,,,,,,,continuous,bone_density
body_legs_bmc,0.16061128898577368,0.05735869170499991,0.26386388626654744,0.003785882227083139,753.6253834910098,772.0066876393279,723,723,0.013510403241747673,2.4218329003889867,1.8693316885018485,True,upregulated,rematch_age_fat_height,,,,,,,continuous,bone_density
body_legs_bmd,0.018984373581338986,-0.08410447833357895,0.12207322549625693,0.6282622598788734,1.092543434943292,1.0947470363236513,723,723,0.7146483206122185,0.2018590278515135,0.14590762252236347,False,not_significant,rematch_age_fat_height,,,,,,,continuous,bone_density
body_pelvis_area,0.35258347202093004,0.24869907897564136,0.4564678650662187,1.5786883597822152e-10,266.0082634515228,275.98798237706916,723,723,2.8732128148036315e-08,9.801703593224616,7.541632205239542,True,upregulated,rematch_age_fat_height,,,,,,,continuous,bone_density
body_pelvis_bmc,0.2869291243827031,0.1833135183922275,0.3905447303731787,2.569755148222525e-07,254.69580833097098,268.6165585836072,723,723,6.9167189184001845e-06,6.590108255206342,5.160099872820396,True,upregulated,rematch_age_fat_height,,,,,,,continuous,bone_density
body_pelvis_bmd,0.10902783114439094,0.005864742411054155,0.2121909198777277,0.043088565314941735,0.956141356175657,0.9706244033208851,723,723,0.09243930922980795,1.3656379660224929,1.0341433085283196,False,not_significant,rematch_age_fat_height,,,,,,,continuous,bone_density
body_ribs_area,0.17326011296631488,0.06998035409960524,0.27653987183302453,0.0001622252293884656,258.8260848643859,264.9931022832683,723,723,0.0010181031637483014,3.7898816030710463,2.9922082129849272,True,upregulated,rematch_age_fat_height,,,,,,,continuous,bone_density
body_ribs_bmc,0.06734326185140778,-0.03577248321293429,0.17045900691574983,0.001869801534033869,190.59702120145923,194.5380029991964,723,723,0.0075623084265369804,2.7282044882486027,2.1213456140388716,True,upregulated,rematch_age_fat_height,,,,,,,continuous,bone_density
body_ribs_bmd,0.009307329143614537,-0.09377975885614483,0.1123944171433739,0.10725368236480189,0.7234949793291839,0.7246299361673582,723,723,0.17745609263994494,0.9695877881571298,0.75090908533028,False,not_significant,rematch_age_fat_height,,,,,,,continuous,bone_density
body_spine_area,0.06304542755289945,-0.040066707936500426,0.16615756304229934,0.2874899456914821,165.22322831853666,166.2210798894744,723,723,0.3819209497507281,0.541377339172829,0.41802651834416105,False,not_significant,rematch_age_fat_height,,,,,,,continuous,bone_density
body_spine_bmc,0.14012492357999312,0.03691196476937615,0.2433378823906101,0.021131410408524117,168.95039211207884,173.50833070632643,723,723,0.05416784076551252,1.6750715151484836,1.266258475882484,False,not_significant,rematch_age_fat_height,,,,,,,continuous,bone_density
body_spine_bmd,0.14518094831882952,0.041958707327862235,0.24840318930979682,0.009432999524847415,1.0187754368547717,1.0384689454121714,723,723,0.028613431892037158,2.0253501874372613,1.5434300498358302,True,upregulated,rematch_age_fat_height,,,,,,,continuous,bone_density
body_total_area,0.25505523046197465,0.15155041759634186,0.35856004332760744,1.4232963794346891e-06,1911.534880422444,1947.636142795765,723,723,2.5903994105711343e-05,5.846704655396705,4.58663326741163,True,upregulated,rematch_age_fat_height,,,,,,,continuous,bone_density
body_total_bmc,0.1403430895454146,0.03712973698609122,0.24355644210473798,0.009966413374009235,2135.3389479665507,2177.0911806624035,723,723,0.02967906071337935,2.0014611036863297,1.5275498477815304,True,upregulated,rematch_age_fat_height,,,,,,,continuous,bone_density
body_total_bmd,0.0006108584792374164,-0.10247567380041188,0.10369739075888672,0.7516981409230126,1.1157747197441217,1.1158443933775932,723,723,0.8095210748401673,0.123956523836485,0.09177184046508378,False,not_significant,rematch_age_fat_height,,,,,,,continuous,bone_density
body_total_left_area,0.23254040635182596,0.12910606271988084,0.3359747499837711,1.2956167591372611e-05,944.9490875536515,962.2723144056708,723,723,0.00014737640635186343,4.887523442914285,3.8315720375851345,True,upregulated,rematch_age_fat_height,,,,,,,continuous,bone_density
body_total_left_bmc,0.14569792281263863,0.04247471423510049,0.24892113139017677,0.006677346392575151,1037.7890403131216,1060.0759088624122,723,723,0.02170137577586924,2.1753960938156576,1.6635127328367834,True,upregulated,rematch_age_fat_height,,,,,,,continuous,bone_density
body_total_left_bmd,0.024550866313051985,-0.07853954692018356,0.1276412795462875,0.4260083276603175,1.0964550669917013,1.0992965630608575,723,723,0.527438881865155,0.3705819111752778,0.2778278579383791,False,not_significant,rematch_age_fat_height,,,,,,,continuous,bone_density
body_total_right_area,0.24976107567158193,0.14627341380042047,0.3532487375427434,1.8090389081669556e-06,966.5927084981091,985.3458477538381,723,723,2.9931371026035082e-05,5.742552092388117,4.523873389561267,True,upregulated,rematch_age_fat_height,,,,,,,continuous,bone_density
body_total_right_bmc,0.12091820644388018,0.017737516442062076,0.2240988964456983,0.02380797584086029,1097.5761870448314,1117.0138886741468,723,723,0.05855475139238612,1.6232775268342483,1.2324378585801499,False,not_significant,rematch_age_fat_height,,,,,,,continuous,bone_density
body_total_right_bmd,-0.02159361273556451,-0.12468314679296412,0.0814959213218351,0.8759366647317035,1.1336814467206087,1.1311089439239281,723,723,0.8956206347256744,0.05752729469029132,0.047875909014110464,False,not_significant,rematch_age_fat_height,,,,,,,continuous,bone_density
body_trunk_area,0.28705131177685067,0.1834352562330256,0.39066736732067575,5.696664429761709e-08,690.0520441309571,707.1993982980747,723,723,3.147526697014689e-06,7.244379362532981,5.502030577561008,True,upregulated,rematch_age_fat_height,,,,,,,continuous,bone_density
body_trunk_bmc,0.19777245115952993,0.0944342210275938,0.30111068129146606,0.0002031495118770904,614.2446047703347,636.6601260373886,723,723,0.0011398717254949432,3.692184216848969,2.943144018877716,True,upregulated,rematch_age_fat_height,,,,,,,continuous,bone_density
body_trunk_bmd,0.08542322393727748,-0.01771030994207845,0.18855675781663342,0.09338717310802615,0.8863510773513139,0.8958931824011064,723,723,0.16034401420434677,1.029712770782282,0.7949472480619775,False,not_significant,rematch_age_fat_height,,,,,,,continuous,bone_density
body_trunk_left_area,0.2328191213460813,0.12938394486509414,0.33625429782706845,2.163587920348175e-05,345.3780769502877,352.8602772486846,723,723,0.00019688650075168392,4.664825451957638,3.7057840596365446,True,upregulated,rematch_age_fat_height,,,,,,,continuous,bone_density
body_trunk_left_bmc,0.17159683935403877,0.06832076923613718,0.2748729094719404,0.00205343112106327,302.8022535421937,312.61495186218804,723,723,0.00795158434113862,2.6875198602531527,2.0995463302037956,True,upregulated,rematch_age_fat_height,,,,,,,continuous,bone_density
body_trunk_left_bmd,0.07524044972858324,-0.02788254780653776,0.17836344726370423,0.16577987401566086,0.8732198871977871,0.8816951779640388,723,723,0.2509980791496447,0.7804681947416117,0.6003296020962603,False,not_significant,rematch_age_fat_height,,,,,,,continuous,bone_density
body_trunk_right_area,0.29706771286004446,0.19341416076830176,0.40072126495178717,1.2868519581245493e-08,344.6725840548202,354.32528979074687,723,723,1.1710352818933397e-06,7.8904714122779716,5.931430019956879,True,upregulated,rematch_age_fat_height,,,,,,,continuous,bone_density
body_trunk_right_bmc,0.21428893984566996,0.11090697657982503,0.3176709031115149,4.203066543566629e-05,311.43820185054494,324.07007044074,723,723,0.0003325904830126637,4.376433734126131,3.4780901821586485,True,upregulated,rematch_age_fat_height,,,,,,,continuous,bone_density
body_trunk_right_bmd,0.09290575219194065,-0.010236374516014654,0.19604787889989594,0.06815717358589218,0.8994990752461965,0.910027034757953,723,723,0.12950997595101618,1.1664884276530612,0.8876967772691315,False,not_significant,rematch_age_fat_height,,,,,,,continuous,bone_density
femur_left_lower_neck_area,0.07704536557814778,-0.027950819224775922,0.1820415503810715,0.08091247005564699,2.3562314205334283,2.372095444093931,703,692,0.1445119258840655,1.0919845406991135,0.8400963111640274,False,not_significant,rematch_age_fat_height,,,,,,,continuous,bone_density
femur_left_lower_neck_bmc,0.14276571264054008,0.037674847874015344,0.24785657740706482,0.006585265903094294,2.382783163578947,2.4368400670765893,703,692,0.02170137577586924,2.1814266841926937,1.6635127328367834,True,upregulated,rematch_age_fat_height,,,,,,,continuous,bone_density
femur_left_lower_neck_bmd,0.10812051050752225,0.003086603198823007,0.2131544178162215,0.027322826448594198,1.012297773496444,1.0266658012485548,703,692,0.06630339218192192,1.563474376457019,1.1784642518636441,False,not_significant,rematch_age_fat_height,,,,,,,continuous,bone_density
femur_left_neck_area,0.09541484117269416,-0.009602114138859141,0.20043179648424747,0.06600375634470779,4.644942765317213,4.680456221709537,703,692,0.12916864144878298,1.1804313475890917,0.888842908157952,False,not_significant,rematch_age_fat_height,,,,,,,continuous,bone_density
femur_left_neck_bmc,0.1462254738992097,0.04112805930048656,0.25132288849793283,0.01011044925400835,4.071391292682788,4.168257958481214,703,692,0.02967906071337935,1.9952295462683514,1.5275498477815304,True,upregulated,rematch_age_fat_height,,,,,,,continuous,bone_density
femur_left_neck_bmd,0.09760330418545,-0.007416420299459089,0.20262302867035908,0.056101643563728404,0.8782469544594594,0.8911107815303468,703,692,0.11602839918862011,1.2510244153890768,0.9354356995541707,False,not_significant,rematch_age_fat_height,,,,,,,continuous,bone_density
femur_left_shaft_area,0.1753475517294896,0.07018880879407713,0.28050629466490207,0.0005656738497138835,13.738987335684213,13.884049068394507,703,692,0.0027825038012953187,3.2474338976029946,2.555564233684915,True,upregulated,rematch_age_fat_height,,,,,,,continuous,bone_density
femur_left_shaft_bmc,0.1880442711456742,0.08285532612916459,0.29323321616218384,0.000993011349940683,14.757904767493597,15.162639697765897,703,692,0.004518201642230108,3.0030457875686283,2.345034390911516,True,upregulated,rematch_age_fat_height,,,,,,,continuous,bone_density
femur_left_shaft_bmd,0.10889258854077286,0.0038575830020892987,0.2139275940794564,0.06042526402406196,1.0766868199886201,1.0936757394364163,703,692,0.11953693535194866,1.2187814432961053,0.9224978826565858,False,not_significant,rematch_age_fat_height,,,,,,,continuous,bone_density
femur_left_total_area,0.2544483844534592,0.14906730180493707,0.35982946710198127,3.852419261617331e-06,29.764071250406833,30.347229447802025,703,692,5.0081450401025304e-05,5.414266454388,4.300323102081163,True,upregulated,rematch_age_fat_height,,,,,,,continuous,bone_density
femur_left_total_bmc,0.2550006229015941,0.14961770228119986,0.3603835435219883,2.0133324705996454e-05,26.74771598312091,27.849333040606936,703,692,0.0001928560577100713,4.696084502198147,3.7147667151659007,True,upregulated,rematch_age_fat_height,,,,,,,continuous,bone_density
femur_left_total_bmd,0.13405137748130058,0.028976316924836126,0.23912643803776504,0.019194583011422614,0.9001154109004267,0.9173272173916184,703,692,0.05214050907580471,1.7168213181808691,1.2828247328966207,False,not_significant,rematch_age_fat_height,,,,,,,continuous,bone_density
femur_left_troch_area,0.240072254374435,0.1347376272580763,0.3454068814907937,3.556767419373137e-05,11.38008425045377,11.782724157703758,703,692,0.0003002216172797525,4.448944532842136,3.5225580398498972,True,upregulated,rematch_age_fat_height,,,,,,,continuous,bone_density
femur_left_troch_bmc,0.3158518630371812,0.21024225146531655,0.42146147460904587,2.660276507076994e-07,7.918348799169273,8.51859434390029,703,692,6.9167189184001845e-06,6.575073220791214,5.160099872820396,True,upregulated,rematch_age_fat_height,,,,,,,continuous,bone_density
femur_left_troch_bmd,0.2122218598928153,0.10696959515726619,0.31747412462836444,0.00023760135124430818,0.695333717883357,0.7195283367138728,703,692,0.0012718660566607084,3.624151093841189,2.895558622898369,True,upregulated,rematch_age_fat_height,,,,,,,continuous,bone_density
femur_left_upper_neck_area,0.09824403356400932,-0.006776513537895865,0.20326458066591452,0.04317220486007514,2.288746501075391,2.3084482463598266,703,692,0.09243930922980795,1.3647957707991016,1.0341433085283196,False,not_significant,rematch_age_fat_height,,,,,,,continuous,bone_density
femur_left_upper_neck_bmc,0.12436289419267141,0.019304238948000957,0.22942154943734186,0.059512040106674734,1.6888804878634422,1.731530688166185,703,692,0.11902408021334947,1.2253951616174985,0.9243651659535174,False,not_significant,rematch_age_fat_height,,,,,,,continuous,bone_density
femur_left_upper_neck_bmd,0.07655281143863478,-0.02844287729140818,0.18154850016867774,0.21805630451711733,0.7405552777112375,0.7516938540202311,703,692,0.30527882632396425,0.6614313523411005,0.5153033166628624,False,not_significant,rematch_age_fat_height,,,,,,,continuous,bone_density
femur_left_wards_area,0.09501273456239478,-0.01000371876430875,0.20002918788909832,0.07044773417115714,2.415390810246088,2.4544064514263004,703,692,0.12950997595101618,1.1521329706566565,0.8876967772691315,False,not_significant,rematch_age_fat_height,,,,,,,continuous,bone_density
femur_left_wards_bmc,0.09881164970468845,-0.006209630636716798,0.2038329300460937,0.2127388510041781,1.7234285231024182,1.7671684604580926,703,692,0.3016949170755957,0.6721531906992516,0.5204320067113767,False,not_significant,rematch_age_fat_height,,,,,,,continuous,bone_density
femur_left_wards_bmd,0.023162294654015873,-0.08179847974127592,0.12812306904930768,0.7211574551554409,0.7176422943755334,0.7211241007543352,703,692,0.7895862433149347,0.1419699024935095,0.10260042683342761,False,not_significant,rematch_age_fat_height,,,,,,,continuous,bone_density
femur_lower_neck_diff_area,0.030379341711097373,-0.07458396721078095,0.1353426506329757,0.3054170739499571,0.08432046911806543,0.08897079635549134,703,692,0.40279643086153766,0.5151066879247177,0.39491438634087933,False,not_significant,rematch_age_fat_height,,,,,,,continuous,bone_density
femur_lower_neck_diff_bmc,0.03952451574859234,-0.0654429861733861,0.1444920176705708,0.2329330618491885,0.11585973771834994,0.12172117506069363,703,692,0.3211652822466084,0.6327688645799256,0.4932714078007007,False,not_significant,rematch_age_fat_height,,,,,,,continuous,bone_density
femur_lower_neck_diff_bmd,-0.002666228568669003,-0.10762353057641678,0.10229107343907877,0.9428288652055684,0.04128643702844951,0.04119225406791908,703,692,0.9428288652055684,0.02556712978836163,0.02556712978836163,False,not_significant,rematch_age_fat_height,,,,,,,continuous,bone_density
femur_lower_neck_mean_area,0.04830392583144317,-0.05666863332550328,0.1532764849883896,0.14297434730687655,2.373883670129445,2.382844957882948,703,692,0.22432182077458218,0.8447418773773306,0.6491284786191743,False,not_significant,rematch_age_fat_height,,,,,,,continuous,bone_density
femur_lower_neck_mean_bmc,0.12656791241270302,0.021505631360247607,0.23163019346515842,0.01653161037187231,2.3961645643456615,2.4422067683670523,703,692,0.047011766995011875,1.7816848390145674,1.3277934250133798,True,upregulated,rematch_age_fat_height,,,,,,,continuous,bone_density
femur_lower_neck_mean_bmd,0.10806361455598898,0.003029787869324188,0.21309744124265378,0.045131377862988466,1.0103669130910384,1.0243944657066475,703,692,0.09551059036120815,1.3455214072474577,1.0199484705059505,False,not_significant,rematch_age_fat_height,,,,,,,continuous,bone_density
femur_neck_diff_area,0.0062746731532526325,-0.09868284047912372,0.11123218678562898,0.3608823733218707,0.15127194268278807,0.15253936603468207,703,692,0.46914708531843186,0.44263432978863515,0.32869097748179843,False,not_significant,rematch_age_fat_height,,,,,,,continuous,bone_density
femur_neck_diff_bmc,0.030777754669678952,-0.07418571406825704,0.13574122340761494,0.1668723493247638,0.18228530686913233,0.18770924030635838,703,692,0.2509980791496447,0.777615619764885,0.6003296020962603,False,not_significant,rematch_age_fat_height,,,,,,,continuous,bone_density
femur_neck_diff_bmd,0.07316611921914047,-0.03182624470880438,0.17815848314708532,0.25434438773985246,0.03377230003698436,0.036021675774566476,703,692,0.34545282513920256,0.5945778408928739,0.4616112512726068,False,not_significant,rematch_age_fat_height,,,,,,,continuous,bone_density
femur_neck_mean_area,0.07739301986551726,-0.0276035169891823,0.18238955672021684,0.06717687158677428,4.673137156091038,4.700824256163295,703,692,0.12950997595101618,1.1727802250289874,0.8876967772691315,False,not_significant,rematch_age_fat_height,,,,,,,continuous,bone_density
femur_neck_mean_bmc,0.13961566853467078,0.0345306312068234,0.24470070586251816,0.012995328820244855,4.089825795913229,4.180974302013006,703,692,0.03754206103626292,1.8862127270893887,1.4254818885578955,True,upregulated,rematch_age_fat_height,,,,,,,continuous,bone_density
femur_neck_mean_bmd,0.10175649450428366,-0.0032686576735105333,0.20678164668207785,0.06920754053589152,0.8769016191664296,0.8900700687413295,703,692,0.12950997595101618,1.1598465842322958,0.8876967772691315,False,not_significant,rematch_age_fat_height,,,,,,,continuous,bone_density
femur_right_lower_neck_area,0.012389661854367753,-0.09253043118715433,0.11730975489588984,0.15481635757660608,2.3915928187624464,2.3941168255815293,703,693,0.240825445119165,0.8101831545707823,0.6182976283318691,False,not_significant,rematch_age_fat_height,,,,,,,continuous,bone_density
femur_right_lower_neck_bmc,0.10161014282764586,-0.0033766214902618275,0.20659690714555354,0.039269576904166714,2.409474841341394,2.4473531764155845,703,693,0.08823534563652274,1.4059437778529729,1.054357408746548,False,not_significant,rematch_age_fat_height,,,,,,,continuous,bone_density
femur_right_lower_neck_bmd,0.10270224858318742,-0.002285977873382264,0.20769047503975713,0.08308854462989446,1.008436052682788,1.0220212155743145,703,693,0.14681665167612418,1.0804588480204584,0.8332246847405558,False,not_significant,rematch_age_fat_height,,,,,,,continuous,bone_density
femur_right_neck_area,0.05333297285819655,-0.051604763063261255,0.15827070877965435,0.07782492520295353,4.701288872658606,4.721814024,703,693,0.14164136386937543,1.1088812880429435,0.8488099000578686,False,not_significant,rematch_age_fat_height,,,,,,,continuous,bone_density
femur_right_neck_bmc,0.12777783205999607,0.022751741099607606,0.23280392302038455,0.020022600776318962,4.10820340015505,4.193484970795094,703,693,0.052772223096053936,1.698479511799552,1.2775946102380233,False,not_significant,rematch_age_fat_height,,,,,,,continuous,bone_density
femur_right_neck_bmd,0.10154977640555653,-0.0034369075475608607,0.2065364603586739,0.09939531090859816,0.8755449040981508,0.8888637076103896,703,693,0.16749950542004505,1.0026341034754844,0.7759864709773593,False,not_significant,rematch_age_fat_height,,,,,,,continuous,bone_density
femur_right_shaft_area,0.20371818703739544,0.09852732539741145,0.30890904867737945,0.0002859065903922266,13.708931996330017,13.876522222197693,703,693,0.0014867142700395782,3.543775833666182,2.8277724900313825,True,upregulated,rematch_age_fat_height,,,,,,,continuous,bone_density
femur_right_shaft_bmc,0.18194448487123963,0.07680855733212304,0.2870804124103562,0.0011177864431247886,14.801008089458039,15.195221956942282,703,693,0.00484374125354075,2.9516411619519975,2.314819064364823,True,upregulated,rematch_age_fat_height,,,,,,,continuous,bone_density
femur_right_shaft_bmd,0.09223351326107514,-0.012741339866330872,0.19720836638848116,0.0873514995139229,1.0821899850213372,1.0967396158917748,703,693,0.15140926582413305,1.0587296353286453,0.8198475464135087,False,not_significant,rematch_age_fat_height,,,,,,,continuous,bone_density
femur_right_total_area,0.27091652655886095,0.16551727495920404,0.37631577815851786,6.329308698738883e-07,29.761181082019913,30.386514647385283,703,693,1.4399177289630958e-05,6.198643722007644,4.841662321014513,True,upregulated,rematch_age_fat_height,,,,,,,continuous,bone_density
femur_right_total_bmc,0.25441631655160724,0.14907365888065405,0.3597589742225604,1.935398891473959e-05,26.840095904672832,27.940052518666665,703,693,0.0001928560577100713,4.713229512033945,3.7147667151659007,True,upregulated,rematch_age_fat_height,,,,,,,continuous,bone_density
femur_right_total_bmd,0.1257142800615919,0.020691615646546604,0.23073694447663723,0.02029700888309767,0.9031419980739687,0.9192884504271286,703,693,0.052772223096053936,1.6925679582088413,1.2775946102380233,False,not_significant,rematch_age_fat_height,,,,,,,continuous,bone_density
femur_right_troch_area,0.2583887857655215,0.15303282514578642,0.36374474638525656,3.307796332992273e-06,11.351017112065433,11.788250551281385,703,693,4.6309148661891824e-05,5.4804612385936755,4.334333202915438,True,upregulated,rematch_age_fat_height,,,,,,,continuous,bone_density
femur_right_troch_bmc,0.3276728781119793,0.22205210467034064,0.433293651553618,9.15922318841854e-08,7.930955538839259,8.551446600984127,703,693,3.3339572405843486e-06,7.03814135813228,5.477039974483224,True,upregulated,rematch_age_fat_height,,,,,,,continuous,bone_density
femur_right_troch_bmd,0.21965955540879314,0.11442456200872286,0.3248945488088634,7.520866630850224e-05,0.6976489769829303,0.7223523549278499,703,693,0.0005475190907258963,4.123732112691536,3.2616007333784984,True,upregulated,rematch_age_fat_height,,,,,,,continuous,bone_density
femur_right_upper_neck_area,0.08812374026065253,-0.0168462550295764,0.19309373555088147,0.03289288665150221,2.3096606936002844,2.327575561816739,703,693,0.07577854899460003,1.4828980115338533,1.1204537148392197,False,not_significant,rematch_age_fat_height,,,,,,,continuous,bone_density
femur_right_upper_neck_bmc,0.13908951294966257,0.034043649960508154,0.24413537593881698,0.04165818043583306,1.6988376736657183,1.7461917921861472,703,693,0.09134685348580261,1.3802997032777318,1.0393064076687308,False,not_significant,rematch_age_fat_height,,,,,,,continuous,bone_density
femur_right_upper_neck_bmd,0.09521552197781073,-0.00976299439486912,0.2001940383504906,0.17087145478170174,0.7381427085519204,0.7519069926695527,703,693,0.25490659647762065,0.767330483015,0.5936189257046733,False,not_significant,rematch_age_fat_height,,,,,,,continuous,bone_density
femur_right_wards_area,0.05497900793182736,-0.049959896811173604,0.15991791267482833,0.06848424932962778,2.4778143621337128,2.500133890929293,703,693,0.12950997595101618,1.1644093002708253,0.8876967772691315,False,not_significant,rematch_age_fat_height,,,,,,,continuous,bone_density
femur_right_wards_bmc,0.06497591678382139,-0.03997084932043306,0.16992268288807583,0.1728921506573704,1.7781370286301563,1.8065524227864358,703,693,0.2558241578832635,0.7622247233459296,0.5920584468002528,False,not_significant,rematch_age_fat_height,,,,,,,continuous,bone_density
femur_right_wards_bmd,0.021403204923095207,-0.08351888533199127,0.1263252951781817,0.918193933610765,0.7219100455618778,0.7251340668831169,703,693,0.9232668282715979,0.03706558088830892,0.03467276777241864,False,not_significant,rematch_age_fat_height,,,,,,,continuous,bone_density
femur_shaft_diff_area,-0.018485485882317097,-0.12344498267721946,0.08647401091258528,0.20997024166175726,0.3304201686628734,0.3251890879609826,703,692,0.30090223608220334,0.6778422519226244,0.5215745848935065,False,not_significant,rematch_age_fat_height,,,,,,,continuous,bone_density
femur_shaft_diff_bmc,0.0687548960196658,-0.03623336270693621,0.17374315474626784,0.21383870496017499,0.47756866255903263,0.5049047386604046,703,692,0.3016949170755957,0.6699136843972026,0.5204320067113767,False,not_significant,rematch_age_fat_height,,,,,,,continuous,bone_density
femur_shaft_diff_bmd,0.04056665838130408,-0.06440139097720247,0.14553470773981064,0.6926982884312766,0.03771192353627312,0.03889366296098266,703,692,0.7684840460318904,0.15945588544785924,0.11436514415933713,False,not_significant,rematch_age_fat_height,,,,,,,continuous,bone_density
femur_shaft_mean_area,0.1956754154523887,0.09046730705932188,0.3008835238454555,0.00018859632501959966,13.723952553628735,13.879731558595378,703,692,0.001136891137156152,3.724466774161039,2.9442811191256952,True,upregulated,rematch_age_fat_height,,,,,,,continuous,bone_density
femur_shaft_mean_bmc,0.18716646206559545,0.08197967274558596,0.292353251385605,0.0009448392088491783,14.779513327473683,15.179431021498555,703,692,0.004409249641296166,3.024642092708769,2.355635311750193,True,upregulated,rematch_age_fat_height,,,,,,,continuous,bone_density
femur_shaft_mean_bmd,0.10225055574225973,-0.002775257143004292,0.20727636862752374,0.06982031385110135,1.0794305788876246,1.0952855575939304,703,692,0.12950997595101618,1.1560182033090771,0.8876967772691315,False,not_significant,rematch_age_fat_height,,,,,,,continuous,bone_density
femur_total_diff_area,0.019199771695412225,-0.08575990166234851,0.12415944505317297,0.6464241563415789,0.6347284461280227,0.6451148206416185,703,692,0.7307403506470023,0.189482422700938,0.1362369107477129,False,not_significant,rematch_age_fat_height,,,,,,,continuous,bone_density
femur_total_diff_bmc,0.05156958323597877,-0.0534051149597787,0.15654428143173624,0.268541179052017,1.071348103362731,1.1146121733309249,703,692,0.3593712837313757,0.5709891086094694,0.4444566289946122,False,not_significant,rematch_age_fat_height,,,,,,,continuous,bone_density
femur_total_diff_bmd,0.07690991574406437,-0.02808613232446318,0.18190596381259194,0.43303324037913227,0.027855677389758183,0.029592912854046242,703,692,0.5325138496554194,0.36347876517284966,0.2736690925827323,False,not_significant,rematch_age_fat_height,,,,,,,continuous,bone_density
femur_total_mean_area,0.2661404973758207,0.1607196570265122,0.37156133772512917,1.3734626426030666e-06,29.762547930085347,30.36429456322977,703,692,2.5903994105711343e-05,5.862183148643847,4.58663326741163,True,upregulated,rematch_age_fat_height,,,,,,,continuous,bone_density
femur_total_mean_bmc,0.257970955788592,0.15257808144336288,0.3633638301338212,1.603369716645963e-05,26.793870382022757,27.89477599711272,703,692,0.0001716548755468031,4.794966323319242,3.7653438567124415,True,upregulated,rematch_age_fat_height,,,,,,,continuous,bone_density
femur_total_mean_bmd,0.13167105641701685,0.026600140155162696,0.23674197267887098,0.018701204636683583,0.9016265707581793,0.9183667611401735,703,692,0.051569988543582,1.728130417516221,1.287602965073015,False,not_significant,rematch_age_fat_height,,,,,,,continuous,bone_density
femur_troch_diff_area,0.02743330461596731,-0.07752888717568658,0.13239549640762122,0.36872675166888336,0.6978507327240399,0.7138433888063583,703,692,0.47503967539006553,0.4332953525465487,0.32327011651535853,False,not_significant,rematch_age_fat_height,,,,,,,continuous,bone_density
femur_troch_diff_bmc,0.03651489280515828,-0.06845110812955918,0.14148089373987574,0.6784810220171965,0.7345318918876245,0.7562574235635837,703,692,0.7575677669149065,0.16846229560701237,0.12057851202589541,False,not_significant,rematch_age_fat_height,,,,,,,continuous,bone_density
femur_troch_diff_bmd,0.00208444818280635,-0.10287283569568968,0.1070417320613024,0.4454185941222184,0.033798675780938835,0.03385514014595376,703,692,0.5440683498674077,0.3512316571804727,0.26434653760767196,False,not_significant,rematch_age_fat_height,,,,,,,continuous,bone_density
femur_troch_mean_area,0.25793822364181634,0.15254545960653193,0.36333098767710076,8.249194427929165e-06,11.365628917371264,11.783767650203757,703,692,0.00010009022572554054,5.08358846024851,3.9996083313191164,True,upregulated,rematch_age_fat_height,,,,,,,continuous,bone_density
femur_troch_mean_bmc,0.3320079133942443,0.22633009143961935,0.43768573534886923,6.917641092339976e-08,7.924659281398293,8.534341771874278,703,692,3.147526697014689e-06,7.16004197421812,5.502030577561008,True,upregulated,rematch_age_fat_height,,,,,,,continuous,bone_density
femur_troch_mean_bmd,0.22026850068945106,0.11499347499337854,0.3255435263855236,0.00010639605844760396,0.6964906362091038,0.7209788361878612,703,692,0.0007171882458319971,3.9730744606327275,3.14436683680664,True,upregulated,rematch_age_fat_height,,,,,,,continuous,bone_density
femur_upper_neck_diff_area,0.03983498731930811,-0.06513267620347772,0.14480265084209393,0.8238023980436743,0.07852104987624467,0.08438343236271677,703,692,0.8518865707042541,0.08417694817030374,0.06961822799937875,False,not_significant,rematch_age_fat_height,,,,,,,continuous,bone_density
femur_upper_neck_diff_bmc,0.08058191951785942,-0.02441792046320379,0.18558175949892264,0.385742825615659,0.10156043162019915,0.1127071353049133,703,692,0.48085749494554747,0.4137021425804469,0.3179836103798092,False,not_significant,rematch_age_fat_height,,,,,,,continuous,bone_density
femur_upper_neck_diff_bmd,0.08380648919771776,-0.02119682634563555,0.18880980474107106,0.4945739253292296,0.04006375491038407,0.043211054916184974,703,692,0.5857087462188628,0.30576878402029184,0.23231829073005766,False,not_significant,rematch_age_fat_height,,,,,,,continuous,bone_density
femur_upper_neck_mean_area,0.10147302451106896,-0.003551750025595893,0.2064977990477338,0.02877618197162153,2.2992035973541967,2.317861856309248,703,692,0.06891138314256735,1.540966828837682,1.1617090331333986,False,not_significant,rematch_age_fat_height,,,,,,,continuous,bone_density
femur_upper_neck_mean_bmc,0.1368341522986488,0.03175415282255267,0.2419141517747449,0.0408251869042121,1.6937737322816497,1.7389845017312138,703,692,0.09061200020203174,1.3890718183173898,1.0428142827160316,False,not_significant,rematch_age_fat_height,,,,,,,continuous,bone_density
femur_upper_neck_mean_bmd,0.08815948812498402,-0.01684873532027971,0.19316771157024776,0.18290144996138036,0.7393511268392602,0.7518959882760115,703,692,0.2684521281691228,0.7377828516163638,0.5711331487935241,False,not_significant,rematch_age_fat_height,,,,,,,continuous,bone_density
femur_wards_diff_area,0.02893600106193446,-0.07602674632410467,0.1338987484479736,0.5308175237242663,0.15528702449217638,0.1623959172601156,703,692,0.6232825117278482,0.27505474833373444,0.20531505851895107,False,not_significant,rematch_age_fat_height,,,,,,,continuous,bone_density
femur_wards_diff_bmc,0.005239166781747271,-0.09971826864508629,0.11019660220858082,0.576593906070486,0.14847548478236128,0.1494375282283237,703,692,0.664177790536889,0.23912995191303218,0.17771565088237998,False,not_significant,rematch_age_fat_height,,,,,,,continuous,bone_density
femur_wards_diff_bmd,0.009585217622343035,-0.09537264041017009,0.11454307565485615,0.7720833921501602,0.03806837394452347,0.03837143107947977,703,692,0.8234483716671148,0.1123357893084269,0.08436362491313175,False,not_significant,rematch_age_fat_height,,,,,,,continuous,bone_density
femur_wards_mean_area,0.07918713536585414,-0.02581124347464228,0.18418551420635057,0.05893941052815979,2.446609698571835,2.4768755475895956,703,692,0.11902408021334947,1.2295942119819814,0.9243651659535174,False,not_significant,rematch_age_fat_height,,,,,,,continuous,bone_density
femur_wards_mean_bmc,0.08506865694514983,-0.01993605610798889,0.19007336999828855,0.19605937720900968,1.750804112978663,1.786924558050578,703,692,0.28319687819079176,0.7076123812508588,0.5479115383833469,False,not_significant,rematch_age_fat_height,,,,,,,continuous,bone_density
femur_wards_mean_bmd,0.023300375093351294,-0.08166044138304705,0.12826119156974963,0.8009650067577322,0.7197832823470839,0.7232418768121387,703,692,0.8377909840799267,0.09638645732898812,0.07686431762651309,False,not_significant,rematch_age_fat_height,,,,,,,continuous,bone_density
spine_l1_area,0.15535884272163875,0.050544600856838456,0.26017308458643906,0.009399888779589494,10.892673732886685,11.08363798040459,706,697,0.028613431892037158,2.026877284985016,1.5434300498358302,True,upregulated,rematch_age_fat_height,,,,,,,continuous,bone_density
spine_l1_average_height,-0.01672467277691055,-0.12138299282442538,0.08793364727060429,0.7816704252443524,3.0798773768866847,3.07610852756528,706,697,0.8271163802004194,0.1069763194055016,0.08243337832797569,False,not_significant,rematch_age_fat_height,,,,,,,continuous,bone_density
spine_l1_average_width,0.2680605590977589,0.16293512321916812,0.37318599497634963,2.2742062070460214e-06,3.5332520454008494,3.5980265841391676,706,697,3.4492127473531325e-05,5.6431701594714845,4.4622800175340345,True,upregulated,rematch_age_fat_height,,,,,,,continuous,bone_density
spine_l1_bmc,0.06264301688135217,-0.042039137401809853,0.16732517116451417,0.3720928656032306,11.416847138218131,11.570948623232423,706,697,0.47503967539006553,0.42934865693050206,0.32327011651535853,False,not_significant,rematch_age_fat_height,,,,,,,continuous,bone_density
spine_l1_bmd,-0.04471692965794783,-0.14938649828883885,0.059952638972943194,0.49559970833903777,1.0446887663753541,1.0376528237704448,706,697,0.5857087462188628,0.30486895787866936,0.23231829073005766,False,not_significant,rematch_age_fat_height,,,,,,,continuous,bone_density
spine_l1_l2_area,0.16594977559136653,0.06103850244670589,0.2708610487360272,0.005688178457307837,22.651099298868083,23.044601101020117,705,696,0.019171268133889377,2.2450267867845715,1.7173491586224654,True,upregulated,rematch_age_fat_height,,,,,,,continuous,bone_density
spine_l1_l2_average_height,0.020072168548391462,-0.08466163982919447,0.12480597692597739,0.7245104540307367,6.2821172541333326,6.290165082556034,705,696,0.7895862433149347,0.13995534367091916,0.10260042683342761,False,not_significant,rematch_age_fat_height,,,,,,,continuous,bone_density
spine_l1_l2_average_width,0.24333503174514165,0.13821700742828819,0.3484530560619951,3.629052516568437e-05,3.600124427570213,3.657906922283046,705,696,0.0003002216172797525,4.440206747012766,3.5225580398498972,True,upregulated,rematch_age_fat_height,,,,,,,continuous,bone_density
spine_l1_l2_bmc,0.07634953344621748,-0.028419785861516958,0.1811188527539519,0.23731186516763114,24.52773283318298,24.91939266126006,705,696,0.32474255233465316,0.6246805472946412,0.4884608002766521,False,not_significant,rematch_age_fat_height,,,,,,,continuous,bone_density
spine_l1_l2_bmd,-0.0196036183395451,-0.1243373050399731,0.0851300683608829,0.7332412350543591,1.0786489135957447,1.075504491283046,705,696,0.794344671308889,0.13475311974226495,0.09999101348305305,False,not_significant,rematch_age_fat_height,,,,,,,continuous,bone_density
spine_l1_l3_area,0.15178377408186786,0.03779340440463555,0.26577414375910013,0.007681810524540331,33.37762183833221,34.25090470668971,593,593,0.024527886236251583,2.1145364091158334,1.6103398768032502,True,upregulated,rematch_age_fat_height,,,,,,,continuous,bone_density
spine_l1_l3_average_height,0.017083187395037384,-0.08787598223623933,0.12204235702631411,0.9119692775853203,9.63295619858037,9.64261884533815,703,692,0.9232668282715979,0.04001979193463853,0.03467276777241864,False,not_significant,rematch_age_fat_height,,,,,,,continuous,bone_density
spine_l1_l3_average_width,0.21799095349257272,0.11272245556480845,0.32325945142033696,0.00020668003813919297,3.6980079367980085,3.75007160317341,703,692,0.0011398717254949432,3.6847014669849036,2.943144018877716,True,upregulated,rematch_age_fat_height,,,,,,,continuous,bone_density
spine_l1_l3_bmc,0.10071542250764577,-0.013183307029069835,0.21461415204436138,0.10249016523046615,37.33077080014334,38.284652653347386,593,593,0.17113036763252149,0.9893178067161332,0.7666729166716821,False,not_significant,rematch_age_fat_height,,,,,,,continuous,bone_density
spine_l1_l3_bmd,-0.01514423909621056,-0.12897245991439724,0.09868398172197611,0.7736795140388826,1.113020941401349,1.1105334567268128,593,593,0.8234483716671148,0.1114389025060527,0.08436362491313175,False,not_significant,rematch_age_fat_height,,,,,,,continuous,bone_density
spine_l1_l4_area,0.13859431042409398,0.024965946542456402,0.25222267430573153,0.022824385451537334,48.24352986859564,49.231411217316584,596,597,0.057559405316144285,1.6416009070510238,1.239883701692541,False,not_significant,rematch_age_fat_height,,,,,,,continuous,bone_density
spine_l1_l4_average_height,-0.00821746012470895,-0.11321342400472305,0.09677850375530515,0.5871723213713678,13.089717834627312,13.083564882813311,703,691,0.6721091980477292,0.23123442475240413,0.1725601610877808,False,not_significant,rematch_age_fat_height,,,,,,,continuous,bone_density
spine_l1_l4_average_width,0.20997031883498385,0.10468590482232455,0.31525473284764316,0.0001936462925925314,3.870987187800854,3.9238992615282204,703,691,0.001136891137156152,3.7129908132764973,2.9442811191256952,True,upregulated,rematch_age_fat_height,,,,,,,continuous,bone_density
spine_l1_l4_bmc,0.10318990135632031,-0.010377799203503943,0.21675760191614457,0.09720592590510224,53.95846142840101,55.29340421477555,596,597,0.1653409206983982,1.0123072586391724,0.7816196483393072,False,not_significant,rematch_age_fat_height,,,,,,,continuous,bone_density
spine_l1_l4_bmd,0.018318931585826703,-0.09517564433586483,0.13181350750751825,0.7864515093480151,1.1123329134781879,1.1153355602311557,596,597,0.827365171684039,0.10432804973719445,0.08230276488091508,False,not_significant,rematch_age_fat_height,,,,,,,continuous,bone_density
spine_l2_area,0.16297938076914298,0.058298427142950596,0.2676603343953354,0.0056303190716033855,11.757556596026836,11.967287162462089,708,699,0.019171268133889377,2.249466992873311,1.7173491586224654,True,upregulated,rematch_age_fat_height,,,,,,,continuous,bone_density
spine_l2_average_height,0.051695075672361965,-0.05282998439356855,0.15622013573829246,0.3758555673415903,3.2035571305593216,3.215489993961373,708,699,0.47503967539006553,0.42497901240518365,0.32327011651535853,False,not_significant,rematch_age_fat_height,,,,,,,continuous,bone_density
spine_l2_average_width,0.21207403180810372,0.10727308161081436,0.3168749820053931,0.0003101340412986413,3.6658368170805087,3.7187799106924175,708,699,0.0015678998754542423,3.5084505616028525,2.804681674385065,True,upregulated,rematch_age_fat_height,,,,,,,continuous,bone_density
spine_l2_bmc,0.09076576268199384,-0.013795639371803989,0.19532716473579165,0.13756064841438906,13.114322969138419,13.371318849293276,708,699,0.21770467836016355,0.8615057857278414,0.6621322380963782,False,not_significant,rematch_age_fat_height,,,,,,,continuous,bone_density
spine_l2_bmd,0.008920156226868509,-0.09558797045418727,0.11342828290792428,0.9171172551713717,1.1102901160494352,1.1118196455336196,708,699,0.9232668282715979,0.037575135411282864,0.03467276777241864,False,not_significant,rematch_age_fat_height,,,,,,,continuous,bone_density
spine_l2_l3_area,0.14005016884279778,0.03511469146794777,0.2449856462176478,0.019775951016207747,24.815195674531914,25.176731971044667,705,694,0.052772223096053936,1.7038626223101812,1.2775946102380233,False,not_significant,rematch_age_fat_height,,,,,,,continuous,bone_density
spine_l2_l3_average_height,0.033161107974635666,-0.07165317783965694,0.13797539378892826,0.8100113073351225,6.553565106470921,6.567172764095099,705,694,0.8424117596285273,0.09150891855471682,0.07447557925593651,False,not_significant,rematch_age_fat_height,,,,,,,continuous,bone_density
spine_l2_l3_average_width,0.19001434226599315,0.0849710331670195,0.2950576513649668,0.0011055447509295585,3.7795090257815604,3.8271893509683,705,694,0.00484374125354075,2.956423673086706,2.314819064364823,True,upregulated,rematch_age_fat_height,,,,,,,continuous,bone_density
spine_l2_l3_bmc,0.09652121644997877,-0.008346871461723235,0.2013893043616808,0.08502410189461372,28.417642977948937,28.996022012757926,705,694,0.148792178315574,1.0704579468021609,0.8274198981158664,False,not_significant,rematch_age_fat_height,,,,,,,continuous,bone_density
spine_l2_l3_bmd,0.03447724391503781,-0.07033762495021526,0.13929211278029086,0.4896206501727334,1.140034236767376,1.1459746002334295,705,694,0.5857087462188628,0.31014027373229947,0.23231829073005766,False,not_significant,rematch_age_fat_height,,,,,,,continuous,bone_density
spine_l2_l4_area,0.12647023112238978,0.01295974493306186,0.23998071731171772,0.030610353266595995,37.3816668450737,38.19714847924247,597,598,0.07235174408468144,1.5141316582874096,1.1405509954748168,False,not_significant,rematch_age_fat_height,,,,,,,continuous,bone_density
spine_l2_l4_average_height,-0.0024388415042940785,-0.10728406328324733,0.10240638027465918,0.5480954406314573,10.012527832907802,10.011041551787878,705,693,0.6394446807367002,0.26114381062043773,0.1941970209898245,False,not_significant,rematch_age_fat_height,,,,,,,continuous,bone_density
spine_l2_l4_average_width,0.18826059376420007,0.083183439169986,0.29333774835841414,0.000644120426586887,3.982481290829787,4.033254988620491,705,693,0.0030849978326003536,3.1910329281173304,2.510745136749066,True,upregulated,rematch_age_fat_height,,,,,,,continuous,bone_density
spine_l2_l4_bmc,0.11666238851226383,0.003168787175849924,0.23015598984867774,0.05801990293223696,42.532073667368515,43.81711096522408,597,598,0.11864744195131603,1.236423002110899,0.925741620770737,False,not_significant,rematch_age_fat_height,,,,,,,continuous,bone_density
spine_l2_l4_bmd,0.048923337431913884,-0.06449080786317343,0.1623374827270012,0.45186990321203246,1.130867587082077,1.1392125363461538,597,598,0.5482688158972661,0.3449865838828282,0.26100645495343466,False,not_significant,rematch_age_fat_height,,,,,,,continuous,bone_density
spine_l3_area,0.10037075198814399,-0.0042026340799121015,0.2049441380562001,0.12391540178433191,13.059986706375707,13.205907438213162,708,699,0.1995805586260921,0.9068747106195932,0.6998817661179382,False,not_significant,rematch_age_fat_height,,,,,,,continuous,bone_density
spine_l3_average_height,-0.0010533260480603175,-0.10556094027421502,0.10345428817809439,0.6628606137927677,3.3513511140607344,3.351102349635193,708,699,0.7446952574708873,0.17857778535814833,0.12802141191570446,False,not_significant,rematch_age_fat_height,,,,,,,continuous,bone_density
spine_l3_average_width,0.15896609864267852,0.0542935704039776,0.26363862688137946,0.003385440961885975,3.8926734241172314,3.9356917335050077,708,699,0.012574495001290764,2.4703847553861866,1.9005094474296254,True,upregulated,rematch_age_fat_height,,,,,,,continuous,bone_density
spine_l3_bmc,0.10040502055467945,-0.004168410423477847,0.20497845153283675,0.08099020022074001,15.318159185721752,15.6521934651917,708,699,0.1445119258840655,1.0915675273871845,0.8400963111640274,False,not_significant,rematch_age_fat_height,,,,,,,continuous,bone_density
spine_l3_bmd,0.06223247649733998,-0.04230042298274692,0.16676537597742688,0.22454290635637253,1.1679145026172315,1.1791940971988555,708,699,0.31196037371648705,0.648700660391718,0.5059005680624075,False,not_significant,rematch_age_fat_height,,,,,,,continuous,bone_density
spine_l3_l4_area,0.09630681914485956,-0.008599119044150172,0.20121275733386929,0.12362532813769454,28.232052609177305,28.523173883825397,705,693,0.1995805586260921,0.9078925426489529,0.6998817661179382,False,not_significant,rematch_age_fat_height,,,,,,,continuous,bone_density
spine_l3_l4_average_height,-0.03115050025299338,-0.13600204095441834,0.07370104044843157,0.3168222247264364,6.808912314039716,6.794616453219335,705,693,0.4148319776993628,0.49918436073941275,0.3821277730084329,False,not_significant,rematch_age_fat_height,,,,,,,continuous,bone_density
spine_l3_l4_average_width,0.16506291500790896,0.06003936038063985,0.2700864696351781,0.0014441614983135053,4.1407879295404255,4.190433221701299,705,693,0.0061124975044897206,2.840384237580407,2.2137813051749187,True,upregulated,rematch_age_fat_height,,,,,,,continuous,bone_density
spine_l3_l4_bmc,0.10636561382703336,0.0014463263562145834,0.21128490129785213,0.049307398635339235,32.42583154712908,33.165840468339105,705,693,0.10314881093829587,1.3070879094161147,0.9865357740496584,False,not_significant,rematch_age_fat_height,,,,,,,continuous,bone_density
spine_l3_l4_bmd,0.07315149641470306,-0.031728743034391396,0.1780317358637975,0.1588094727849242,1.1438669788255318,1.1568329852337662,705,693,0.24490942636630722,0.7991235960177288,0.6109944989092315,False,not_significant,rematch_age_fat_height,,,,,,,continuous,bone_density
spine_l4_area,0.07705334070425132,-0.02749303776992086,0.1815997191784235,0.1601330864702778,15.175833161251415,15.322404523958513,708,699,0.24490942636630722,0.7955189255017756,0.6109944989092315,False,not_significant,rematch_age_fat_height,,,,,,,continuous,bone_density
spine_l4_average_height,-0.04689783432857334,-0.15141980565489058,0.0576241369977439,0.3822820314543427,3.4593065161214693,3.444396455206009,708,699,0.47982986017027845,0.4176161148076071,0.3189127290575071,False,not_significant,rematch_age_fat_height,,,,,,,continuous,bone_density
spine_l4_average_width,0.1620858947096119,0.05740683496435531,0.2667649544548685,0.0019546132892807027,4.388037115498587,4.446255372759657,708,699,0.007733469970632346,2.7089391528175106,2.11162559651401,True,upregulated,rematch_age_fat_height,,,,,,,continuous,bone_density
spine_l4_bmc,0.10697094391038715,0.0023886255784133364,0.21155326224236098,0.03130601386717298,17.125453978358756,17.546440900685262,708,699,0.0730473656900703,1.5043722267203103,1.1363954414257158,False,not_significant,rematch_age_fat_height,,,,,,,continuous,bone_density
spine_l4_bmd,0.08405142580388425,-0.020502313408659836,0.18860516501642832,0.11817170922601167,1.1241557519618643,1.1396201918741058,708,699,0.19375901873093804,0.9274864828256273,0.71273807362721,False,not_significant,rematch_age_fat_height,,,,,,,continuous,bone_density
