feature,system,cohens_d_B_minus_A,ci_low,ci_high,p_value,adj_p_value,n_ClusterA,n_ClusterB,significant_q05
total_scan_sat_area,body_composition,-0.5240562395218552,-0.6100760612998727,-0.4380364177438377,2.8708098658863942e-34,3.053497766442801e-33,1075,1073,True
total_scan_sat_mass,body_composition,0.0735011637886718,-0.0111076696652607,0.1581099972426044,2.5971706613994887e-30,2.170492624169573e-29,1075,1073,True
total_scan_sat_volume,body_composition,-0.5150915863951362,-0.6010629739383265,-0.4291201988519458,8.737404016360859e-34,8.518968915951839e-33,1075,1073,True
total_scan_vat_area,body_composition,-0.0970330373322307,-0.1821209417381841,-0.0119451329262773,3.4252045562764475e-05,6.909464363523178e-05,1068,1057,True
total_scan_vat_volume,body_composition,-0.0941142010316428,-0.1791991418981041,-0.0090292601651815,3.652020167948551e-05,7.24214168898272e-05,1068,1057,True
body_comp_leg_left_fat_free_mass,body_composition,0.362840617950144,0.2776068955522958,0.4480743403479922,7.5796466892272015e-16,1.927866657912136e-15,1076,1074,True
body_comp_trunk_fat_free_mass,body_composition,0.5019378792076581,0.4160760573082167,0.5877997011070996,4.259034535961113e-29,2.768372448374723e-28,1076,1074,True
body_comp_total_right_tissue_mass,body_composition,-0.1346367905950405,-0.2192734470228329,-0.050000134167248,0.0001168454120741,0.0002241133313552,1076,1074,True
body_comp_gynoid_total_mass,body_composition,-0.2537069615192332,-0.3385873146783553,-0.168826608360111,1.0188483924784243e-09,2.2075048503699193e-09,1076,1074,True
body_comp_trunk_left_bone_mass,body_composition,0.1459885936540468,0.0613351258269211,0.2306420614811725,0.0007608979950608,0.0011561696808067,1076,1074,True
body_comp_leg_right_lean_mass,body_composition,0.379974571335984,0.2946741727509848,0.4652749699209833,3.7688606643431786e-17,1.0755041408003706e-16,1076,1074,True
body_comp_android_tissue_mass,body_composition,-0.0936839145277329,-0.1782712068165329,-0.0090966222389328,0.0011124103114868,0.0016269000805495,1076,1074,True
body_comp_trunk_lean_mass,body_composition,0.5086768597186835,0.4227796133102252,0.5945741061271418,9.602864555659102e-30,7.022094706325716e-29,1076,1074,True
body_comp_total_lean_mass,body_composition,0.48871968685429,0.4029260174270306,0.5745133562815494,2.0491186307110907e-27,1.042377738231294e-26,1076,1074,True
body_comp_trunk_right_fat_mass,body_composition,-0.3731976703349419,-0.4584713354004235,-0.2879240052694604,6.010582931466083e-22,2.0683476558280347e-21,1076,1074,True
body_comp_arms_lean_mass,body_composition,0.5036689282532262,0.4177980505236509,0.5895398059828014,6.113028933146011e-30,4.7681625678538885e-29,1076,1074,True
body_comp_legs_total_mass,body_composition,-0.2960071070046739,-0.3810097449703803,-0.2110044690389675,1.5858634660546102e-12,3.710920510567788e-12,1076,1074,True
body_comp_total_right_fat_mass,body_composition,-0.6386749038035462,-0.7253443330761453,-0.5520054745309471,8.607912982394627e-53,2.0142516378803428e-51,1076,1074,True
body_comp_arms_fat_free_mass,body_composition,0.4942531701425993,0.4084311850406296,0.5800751552445691,5.0384671701971217e-29,3.102635046910859e-28,1076,1074,True
body_comp_trunk_tissue_mass,body_composition,-0.0313875042812346,-0.115933640363959,0.0531586318014898,0.136918077829615,0.1841312081156891,1076,1074,False
body_comp_android_bone_mass,body_composition,0.1786671616943737,0.0939577295088007,0.2633765938799468,0.0003748913659732,0.0006091984697065,1076,1074,True
body_comp_total_total_mass,body_composition,-0.1278313541157115,-0.212458582708606,-0.043204125522817,0.0003166614102296,0.0005218223238996,1076,1074,True
body_comp_leg_right_bone_mass,body_composition,0.1581643436779848,0.0734913366607581,0.2428373506952115,0.0002334275341982,0.0004031725537237,1076,1074,True
body_comp_arms_diff_total_mass,body_composition,-0.0904441884669509,-0.1750283305057247,-0.0058600464281772,0.8059713821284864,0.8165668723347695,1076,1074,False
body_comp_arm_right_tissue_mass,body_composition,-0.031566542913859,-0.1161127385477375,0.0529796527200193,0.2209256169457021,0.2648180807783832,1076,1074,False
body_comp_leg_left_total_mass,body_composition,-0.2918151660349123,-0.3768048538276968,-0.2068254782421279,4.225805320513703e-12,9.508061971155831e-12,1076,1074,True
body_comp_legs_bone_mass,body_composition,0.159015995387776,0.0743415633099415,0.2436904274656106,0.0002049030678414,0.0003688255221146,1076,1074,True
body_comp_total_diff_total_mass,body_composition,-0.0460898935763869,-0.1306420478701711,0.0384622607173972,0.1497020130861105,0.1954743813223125,1076,1074,False
body_comp_arm_right_total_mass,body_composition,-0.0252378688920817,-0.1097821651134528,0.0593064273292892,0.2933496483955982,0.3398208798246038,1076,1074,False
body_comp_total_diff_bone_mass,body_composition,-0.05081254711769,-0.1353671191181363,0.0337420248827562,0.7204228026461155,0.7525845349071028,1076,1074,False
body_comp_arms_diff_bone_mass,body_composition,0.0579761989733938,-0.0265824900611659,0.1425348880079537,0.4126552782464207,0.4554779958002945,1076,1074,False
body_comp_trunk_diff_lean_mass,body_composition,-0.0130509775409326,-0.0975928082854359,0.0714908532035707,0.3078241528754722,0.353092410651277,1076,1074,False
body_comp_arm_left_fat_mass,body_composition,-0.6194579780680862,-0.7060027061137348,-0.5329132500224376,1.4146732353436765e-49,1.8390752059467797e-48,1076,1074,True
body_comp_trunk_left_fat_mass,body_composition,-0.3748238207400621,-0.4601038575349532,-0.289543783945171,3.116778209346776e-22,1.1050395469502205e-21,1076,1074,True
body_comp_leg_left_lean_mass,body_composition,0.3693552778551189,0.2840965602006758,0.454613995509562,2.4592831895303317e-16,6.394136292778862e-16,1076,1074,True
body_comp_leg_left_tissue_mass,body_composition,-0.3040711881592874,-0.3890992521896846,-0.2190431241288902,4.4561204508353483e-13,1.0640124341790524e-12,1076,1074,True
body_comp_trunk_right_fat_free_mass,body_composition,0.4849894571455101,0.3992147011852828,0.5707642131057376,9.875735427539816e-27,4.6218441800886336e-26,1076,1074,True
body_comp_arms_bone_mass,body_composition,0.1893692131835027,0.1046390133903891,0.2740994129766162,1.88651424566331e-05,3.872318714782584e-05,1076,1074,True
body_comp_arm_right_fat_mass,body_composition,-0.5911033824174349,-0.6774707615423233,-0.5047360032925464,1.508174546575202e-47,1.7645642194929864e-46,1076,1074,True
body_comp_trunk_fat_mass,body_composition,-0.3759205982001079,-0.4612049478609477,-0.2906362485392681,2.1921885192661918e-22,8.015189273567011e-22,1076,1074,True
body_comp_arms_diff_fat_free_mass,body_composition,0.0084152027291557,-0.0761261022154496,0.0929565076737612,0.181089515790379,0.223026035236572,1076,1074,False
body_comp_arms_tissue_mass,body_composition,-0.0552198162488215,-0.1397768570058395,0.0293372245081965,0.0682678782011527,0.0939687264651161,1076,1074,False
body_comp_total_left_fat_mass,body_composition,-0.6297386329477503,-0.716349622061042,-0.5431276438344587,3.27719471155581e-51,5.477596875028997e-50,1076,1074,True
body_comp_legs_tissue_mass,body_composition,-0.3081341918797878,-0.393175322504087,-0.2230930612554886,1.8383313197790081e-13,4.576271583279659e-13,1076,1074,True
body_comp_android_fat_free_mass,body_composition,0.40632438616058,0.3209155569516717,0.4917332153694884,3.949433086453704e-19,1.2160096608291668e-18,1076,1074,True
body_comp_total_fat_mass,body_composition,-0.6360436863284197,-0.7226958269090148,-0.5493915457478246,2.832279550140046e-52,5.52294512277309e-51,1076,1074,True
body_comp_trunk_diff_tissue_mass,body_composition,0.0452379492531823,-0.0393137939812975,0.1297896924876623,0.3960080105451455,0.4455090118632888,1076,1074,False
body_comp_total_tissue_mass,body_composition,-0.1361076389760934,-0.2207463971354075,-0.0514688808167793,0.0001335101408134,0.0002519465560512,1076,1074,True
body_comp_total_left_bone_mass,body_composition,0.1600586738508093,0.0753824866820163,0.2447348610196022,0.0002464133063841,0.0004178312586513,1076,1074,True
body_comp_legs_diff_lean_mass,body_composition,0.0213746829553804,-0.0631686618283853,0.1059180277391461,0.6341413726169965,0.6744958236017146,1076,1074,False
body_comp_trunk_right_tissue_mass,body_composition,-0.0300741586188648,-0.1146198682159884,0.0544715509782588,0.1503649087094712,0.1954743813223125,1076,1074,False
body_comp_arm_left_total_mass,body_composition,-0.0686205268255525,-0.1531863341863303,0.0159452805352253,0.0353027578253565,0.0497641285008038,1076,1074,True
body_comp_leg_right_fat_mass,body_composition,-0.948045615992459,-1.0372091972278683,-0.8588820347570496,2.4262628752653917e-101,1.419363782030254e-99,1076,1074,True
body_comp_total_diff_lean_mass,body_composition,0.0020575482814135,-0.0824834048571079,0.086598501419935,0.7891113750359509,0.8098774638526864,1076,1074,False
body_comp_arms_fat_mass,body_composition,-0.61701459569803,-0.7035437286449464,-0.5304854627511135,3.40390095731448e-50,4.9782051500724265e-49,1076,1074,True
body_comp_total_diff_tissue_mass,body_composition,-0.0422312129012479,-0.1267815666790552,0.0423191408765593,0.1757810838354314,0.2193959376871561,1076,1074,False
body_comp_trunk_diff_total_mass,body_composition,-0.0148797584245562,-0.0994218590581954,0.0696623422090829,0.6267027147189217,0.6726992442395765,1076,1074,False
body_comp_trunk_left_total_mass,body_composition,-0.0279802853976466,-0.1125253527366255,0.0565647819413323,0.1853098224210817,0.2258463460756933,1076,1074,False
body_comp_total_diff_fat_free_mass,body_composition,0.0497140280281546,-0.0348399605720708,0.13426801662838,0.5947663229692133,0.6443301832166477,1076,1074,False
body_comp_gynoid_fat_mass,body_composition,-0.7685489568514757,-0.8561552840873621,-0.6809426296155894,6.937369965234047e-69,2.0291807148309584e-67,1076,1074,True
body_comp_leg_left_fat_mass,body_composition,-0.938586672893962,-1.0276608054444267,-0.8495125403434974,3.604072019146888e-100,1.4055880874672863e-98,1076,1074,True
body_comp_total_right_lean_mass,body_composition,0.4802937896051612,0.3945426420191649,0.5660449371911576,5.083240928357635e-26,2.0508247883373904e-25,1076,1074,True
body_comp_arms_diff_fat_mass,body_composition,0.0400870266430975,-0.0444623946123807,0.1246364478985758,0.8850857812388597,0.8850857812388597,1076,1074,False
body_comp_total_right_bone_mass,body_composition,0.1422271156232308,0.0575793686359631,0.2268748626104984,0.0008504732960785,0.0012757099441178,1076,1074,True
body_comp_arm_right_bone_mass,body_composition,0.0080661806019327,-0.0764750939484218,0.0926074551522873,4.864341477037995e-06,1.0162999157382951e-05,1076,1074,True
body_comp_total_right_fat_free_mass,body_composition,0.4671121357742617,0.3814260677442866,0.5527982038042367,1.1895542106765732e-24,4.489607827392227e-24,1076,1074,True
body_comp_arm_left_fat_free_mass,body_composition,0.4553793340955733,0.3697497091357395,0.5410089590554071,2.0137898866765869e-25,7.853780558038689e-25,1076,1074,True
body_comp_android_total_mass,body_composition,-0.0927280849685608,-0.1773144363100492,-0.0081417336270725,0.0011120267343709,0.0016269000805495,1076,1074,True
body_comp_arm_right_fat_free_mass,body_composition,0.5046348349253894,0.4187588910051241,0.5905107788456547,1.8825664642101579e-29,1.2956486841916963e-28,1076,1074,True
body_comp_arm_left_tissue_mass,body_composition,-0.0761140137408286,-0.1606855498575676,0.0084575223759102,0.0193217076280423,0.0275687779570848,1076,1074,True
body_comp_total_diff_fat_mass,body_composition,-0.0339611033119005,-0.1185081279712155,0.0505859213474144,0.4012100947780475,0.4470626770383957,1076,1074,False
body_comp_arm_left_bone_mass,body_composition,-0.007841817543386,-0.0923830732350371,0.076699438148265,0.0001667386227279,0.0003096574422089,1076,1074,True
body_comp_trunk_left_lean_mass,body_composition,0.4965267094983047,0.4106930006846843,0.5823604183119252,1.231578001624492e-28,7.204731309503278e-28,1076,1074,True
body_comp_trunk_right_total_mass,body_composition,-0.026116934295398,-0.1106614690401864,0.0584276004493903,0.1762668217315613,0.2193959376871561,1076,1074,False
body_comp_arms_diff_lean_mass,body_composition,0.0114280032978823,-0.0731136175296542,0.0959696241254188,0.2218134351818936,0.2648180807783832,1076,1074,False
body_comp_arm_right_lean_mass,body_composition,0.51360142220868,0.4276779996925239,0.5995248447248361,2.5065852916855113e-30,2.170492624169573e-29,1076,1074,True
body_comp_gynoid_lean_mass,body_composition,0.3903819051246949,0.3050395318966101,0.4757242783527797,2.6848287781870952e-18,8.054486334561286e-18,1076,1074,True
body_comp_trunk_diff_fat_free_mass,body_composition,0.0357736960896151,-0.0487739963958929,0.1203213885751233,0.1418640705411795,0.1886147301513409,1076,1074,False
body_comp_android_fat_mass,body_composition,-0.3492984717465427,-0.4344816369015827,-0.2641153065915028,2.500744361445876e-20,8.359631151119072e-20,1076,1074,True
body_comp_total_fat_free_mass,body_composition,0.4770730017263427,0.3913379181853965,0.562808085267289,3.938944908224299e-26,1.6459162652222962e-25,1076,1074,True
body_comp_trunk_left_fat_free_mass,body_composition,0.4904235794906768,0.4046212239612835,0.5762259350200701,5.0261670277918575e-28,2.800293058341178e-27,1076,1074,True
body_comp_legs_diff_fat_mass,body_composition,-0.0388224960758876,-0.1233713901462323,0.0457263979944571,5.3982514394812254e-05,0.0001052659030698,1076,1074,True
body_comp_leg_right_total_mass,body_composition,-0.2937875525290878,-0.3787833108580548,-0.2087917942001208,2.4157081227464936e-12,5.541918634536074e-12,1076,1074,True
body_comp_legs_lean_mass,body_composition,0.3791156210180418,0.2938186369773176,0.4644126050587659,4.8729974407966303e-17,1.3574778585076326e-16,1076,1074,True
body_comp_trunk_total_mass,body_composition,-0.0272465121142317,-0.1117913653428307,0.0572983411143671,0.1670351808180196,0.2124251756055249,1076,1074,False
body_comp_gynoid_tissue_mass,body_composition,-0.2627382436158053,-0.3476431391952335,-0.1778333480363771,2.478094790937531e-10,5.470511142258321e-10,1076,1074,True
body_comp_leg_right_tissue_mass,body_composition,-0.3068327874739477,-0.3918697141295816,-0.2217958608183138,2.379049005695562e-13,5.798931951382932e-13,1076,1074,True
body_comp_android_lean_mass,body_composition,0.4066830795338093,0.3212727251314488,0.4920934339361698,3.832021382904978e-19,1.2117473021618445e-18,1076,1074,True
body_comp_total_left_tissue_mass,body_composition,-0.1356819265444007,-0.2203200740498817,-0.0510437790389197,0.0001972208654896,0.0003605443947232,1076,1074,True
body_comp_trunk_bone_mass,body_composition,0.1497164021027286,0.0650571177148601,0.2343756864905971,0.0004183175475069,0.0006704541514838,1076,1074,True
body_comp_gynoid_fat_free_mass,body_composition,0.3880469185298524,0.302714059593965,0.4733797774657398,4.0379316218406576e-18,1.1810949993883924e-17,1076,1074,True
body_comp_arms_diff_tissue_mass,body_composition,-0.0256065454917849,-0.1101509407548241,0.0589378497712543,0.4920085662985346,0.5379906752983977,1076,1074,False
body_comp_arm_left_lean_mass,body_composition,0.463811989834153,0.3781419391850226,0.5494820404832834,3.1835543150642547e-26,1.3795402031945102e-25,1076,1074,True
body_comp_total_left_total_mass,body_composition,-0.1273726015117469,-0.2119992121293621,-0.0427459908941318,0.0004634219758232,0.0007229382822843,1076,1074,True
body_comp_trunk_right_bone_mass,body_composition,0.146548053995538,0.061893722561104,0.2312023854299719,0.0005831844796471,0.0008977971594568,1076,1074,True
body_comp_trunk_left_tissue_mass,body_composition,-0.0317001624402659,-0.1162464027388682,0.0528460778583364,0.1554646404925377,0.1998831092046913,1076,1074,False
body_comp_total_left_lean_mass,body_composition,0.4847640196358815,0.3989904022059886,0.5705376370657745,1.956272137462752e-27,1.040381091287009e-26,1076,1074,True
body_comp_legs_diff_fat_free_mass,body_composition,0.037342333388743,-0.0472059650589359,0.1218906318364219,0.8095876682977202,0.8165668723347695,1076,1074,False
body_comp_legs_fat_free_mass,body_composition,0.3720634924576699,0.2867942553115122,0.4573327296038276,1.939784854941509e-16,5.158064273367195e-16,1076,1074,True
body_comp_total_bone_mass,body_composition,0.1594077113399277,0.0747326212462306,0.2440828014336248,0.0002343225098565,0.0004031725537237,1076,1074,True
body_comp_total_left_fat_free_mass,body_composition,0.4737029977735584,0.3879846099861553,0.5594213855609615,2.294397134462384e-26,1.0324787105080728e-25,1076,1074,True
body_comp_leg_left_bone_mass,body_composition,0.157962163437014,0.0732894936055243,0.2426348332685037,0.0002097655134749,0.0003718570466146,1076,1074,True
body_comp_gynoid_bone_mass,body_composition,-0.0053834522279843,-0.0899245361302214,0.0791576316742527,3.76811886873333e-07,8.015816502578175e-07,1076,1074,True
body_comp_trunk_right_lean_mass,body_composition,0.4916257615936769,0.4058172599236501,0.5774342632637037,2.1758771641360167e-27,1.0607401175163084e-26,1076,1074,True
body_comp_total_right_total_mass,body_composition,-0.1263842332654925,-0.211009520009044,-0.041758946521941,0.0002636428386929,0.000440660173244,1076,1074,True
body_comp_leg_right_fat_free_mass,body_composition,0.3731267244007669,0.2878533367021756,0.4584001120993581,1.3936587351440547e-16,3.792048186322195e-16,1076,1074,True
body_comp_arms_total_mass,body_composition,-0.0484952230732272,-0.1330485793084494,0.036058133161995,0.0989316279740021,0.1345930287553284,1076,1074,False
body_comp_legs_fat_mass,body_composition,-0.950857863074166,-1.0400481939169763,-0.8616675322313553,2.9200918972754072e-102,3.416507519812226e-100,1076,1074,True
body_comp_trunk_diff_fat_mass,body_composition,-0.0251571189004873,-0.1097013936208284,0.0593871558198537,0.0065134434164759,0.0094083071571319,1076,1074,True
body_comp_legs_diff_total_mass,body_composition,-0.0410399101581254,-0.1255897398335042,0.0435099195172532,0.230208817990333,0.272064966715848,1076,1074,False
body_comp_trunk_diff_bone_mass,body_composition,0.0049704630123198,-0.0795705982961185,0.0895115243207583,0.6718377730413065,0.7081533283408367,1076,1074,False
body_comp_legs_diff_bone_mass,body_composition,-0.0195127002912309,-0.10405564282111,0.0650302422386481,0.742675252713241,0.7689646421898159,1076,1074,False
body_comp_legs_diff_tissue_mass,body_composition,-0.0980732402636464,-0.1826649772943443,-0.0134815032329486,0.0454260582781813,0.0632720097446096,1076,1074,False
waist,body_composition,-0.0184199423625662,-0.1017129329393139,0.0648730482141814,0.3719680079874402,0.4225267663546651,1107,1108,False
weight,body_composition,-0.1172502175263813,-0.2005565725655638,-0.0339438624871988,0.0004414459828283,0.0006979618917691,1109,1109,True
height,body_composition,-0.0404424850634404,-0.1236858614726613,0.0428008913457804,0.2533875347579896,0.2964634156668478,1109,1109,False
hips,body_composition,-0.3706038010340001,-0.4546069708931898,-0.2866006311748105,2.7003348541077587e-19,8.776088275850214e-19,1107,1108,True
body_arm_left_area,bone_density,0.1356309766548649,0.0509929021054528,0.220269051204277,0.009783166349383,0.0191455513504056,1076,1074,True
body_arm_left_bmc,bone_density,0.1741038929781899,0.0894029501080437,0.2588048358483361,6.8844164243383e-05,0.0002847644975521,1076,1074,True
body_arm_left_bmd,bone_density,0.0804642870984857,-0.0041108467465201,0.1650394209434917,0.0230775640963012,0.0420011666552683,1076,1074,True
body_arm_right_area,bone_density,0.1454903568587307,0.0608376553582006,0.2301430583592608,0.0081633519846786,0.0165081117912389,1076,1074,True
body_arm_right_bmc,bone_density,0.1960531804605826,0.1113094002876123,0.2807969606335529,7.128396058655121e-06,4.221328271997493e-05,1076,1074,True
body_arm_right_bmd,bone_density,0.0940183713414427,0.0094307475268463,0.1786059951560391,0.0067981335658576,0.014221382861909,1076,1074,True
body_arms_area,bone_density,0.1452574961062629,0.0606051518675464,0.2299098403449793,0.0060152959174255,0.0127300448485051,1076,1074,True
body_arms_bmc,bone_density,0.1893692131834994,0.1046390133903858,0.2740994129766129,1.88651424566331e-05,9.035410334492696e-05,1076,1074,True
body_arms_bmd,bone_density,0.0884623343699897,0.0038800648552646,0.1730446038847149,0.0102740318414266,0.0198309942225027,1076,1074,True
body_head_area,bone_density,0.1181291565750789,0.0335145251059477,0.20274378804421,0.0025601194888087,0.005846908313181,1076,1074,True
body_head_bmc,bone_density,0.0528916114146072,-0.0316640996226591,0.1374473224518735,0.2016949503916506,0.2567026641348281,1076,1074,False
body_head_bmd,bone_density,-0.0141047968307567,-0.0986467787815963,0.0704371851200827,0.8754710439404303,0.8951445505458333,1076,1074,False
body_leg_left_area,bone_density,0.1976237848195627,0.1128767454968832,0.2823708241422422,1.4232589064593464e-05,7.195364471544473e-05,1076,1074,True
body_leg_left_bmc,bone_density,0.1579621634370136,0.0732894936055239,0.2426348332685033,0.0002097655134749,0.000776110216521,1076,1074,True
body_leg_left_bmd,bone_density,0.0472398234089394,-0.0373128978793468,0.1317925446972257,0.1618583099740417,0.2133274568444639,1076,1074,False
body_leg_right_area,bone_density,0.2166878280317657,0.1318991665464893,0.3014764895170421,7.222614486826183e-06,4.221328271997493e-05,1076,1074,True
body_leg_right_bmc,bone_density,0.1581643436779851,0.0734913366607584,0.2428373506952117,0.0002334275341982,0.0008201287844979,1076,1074,True
body_leg_right_bmd,bone_density,0.0329551398149744,-0.0515915291884152,0.1175018088183641,0.2546629455539761,0.3167783562687146,1076,1074,False
body_legs_area,bone_density,0.2100275668953796,0.125253879617098,0.2948012541736612,7.422115643072514e-06,4.221328271997493e-05,1076,1074,True
body_legs_bmc,bone_density,0.1590159953877739,0.0743415633099394,0.2436904274656084,0.0002049030678414,0.000776110216521,1076,1074,True
body_legs_bmd,bone_density,0.0402982721529094,-0.0442512388179566,0.1248477831237755,0.2046057572438973,0.2580157138264398,1076,1074,False
body_pelvis_area,bone_density,0.3347933039122042,0.2496621898381984,0.4199244179862099,3.638623142667962e-13,6.62229411965569e-11,1076,1074,True
body_pelvis_bmc,bone_density,0.2957082814045186,0.2107065726497767,0.3807099901592606,8.526570176534784e-11,7.759178860646653e-09,1076,1074,True
body_pelvis_bmd,bone_density,0.1428634747963401,0.0582147704364049,0.2275121791562754,0.0012690736849936,0.0032079362592894,1076,1074,True
body_ribs_area,bone_density,0.0421773500927366,-0.0423729796650251,0.1267276798504985,0.2823422951305524,0.3448744813004063,1076,1074,False
body_ribs_bmc,bone_density,0.0025838117462923,-0.0819571542983283,0.0871247777909129,0.9774953929256682,0.9774953929256682,1076,1074,False
body_ribs_bmd,bone_density,-0.0294297860578581,-0.1139752930708454,0.0551157209551291,0.3695192540134658,0.4428966506959069,1076,1074,False
body_spine_area,bone_density,0.0337070901843592,-0.0508398436602164,0.118254024028935,0.558878226267654,0.6317753862156089,1076,1074,False
body_spine_bmc,bone_density,0.0775067546710786,-0.0070659115195559,0.1620794208617132,0.1210231226984966,0.1643746890382567,1076,1074,False
body_spine_bmd,bone_density,0.078862570515295,-0.0057112154562537,0.1634363564868437,0.067498271388496,0.1035764880320785,1076,1074,False
body_total_area,bone_density,0.2336724074491248,0.1488434568628306,0.3185013580354189,2.332237499998177e-07,5.216112650281384e-06,1076,1074,True
body_total_bmc,bone_density,0.1594077113399286,0.0747326212462315,0.2440828014336257,0.0002343225098565,0.0008201287844979,1076,1074,True
body_total_bmd,bone_density,0.0447962727054214,-0.0397552604399101,0.129347805850753,0.1003463792695128,0.1415739614500103,1076,1074,False
body_total_left_area,bone_density,0.218789608608185,0.1339961252407188,0.3035830919756513,1.210554523388471e-06,1.0491472536033413e-05,1076,1074,True
body_total_left_bmc,bone_density,0.1600586738508103,0.0753824866820173,0.2447348610196032,0.0002464133063841,0.0008461739955077,1076,1074,True
body_total_left_bmd,bone_density,0.057769738959513,-0.0267888238349016,0.1423283017539278,0.0612484367273146,0.097782591968169,1076,1074,False
body_total_right_area,bone_density,0.2227957391876165,0.137992936867476,0.307598541507757,7.056942326102743e-07,8.02727189594187e-06,1076,1074,True
body_total_right_bmc,bone_density,0.1422271156232308,0.0575793686359631,0.2268748626104984,0.0008504732960785,0.0022432773896564,1076,1074,True
body_total_right_bmd,bone_density,0.029295778941095,-0.0552496864924813,0.1138412443746714,0.205561969806779,0.2580157138264398,1076,1074,False
body_trunk_area,bone_density,0.1883983870088676,0.103670120726546,0.2731266532911893,7.357118698113593e-06,4.221328271997493e-05,1076,1074,True
body_trunk_bmc,bone_density,0.149716402102728,0.0650571177148595,0.2343756864905965,0.0004183175475069,0.0012480949778077,1076,1074,True
body_trunk_bmd,bone_density,0.0830622182063724,-0.0015151594225086,0.1676395958352536,0.0465233934210714,0.0756005143092411,1076,1074,False
body_trunk_left_area,bone_density,0.1608067789644583,0.0761293255011292,0.2454842324277874,0.0002518467693122,0.0008488168891633,1076,1074,True
body_trunk_left_bmc,bone_density,0.1459885936540469,0.0613351258269211,0.2306420614811726,0.0007608979950608,0.0020669169418071,1076,1074,True
body_trunk_left_bmd,bone_density,0.0925421129298816,0.0079559435446878,0.1771282823150755,0.033203908749685,0.0570104848343649,1076,1074,False
body_trunk_right_area,bone_density,0.1872890742402722,0.1025630051687005,0.272015143311844,5.906350139225131e-06,3.8391275904963344e-05,1076,1074,True
body_trunk_right_bmc,bone_density,0.1465480539955376,0.0618937225611037,0.2312023854299716,0.0005831844796471,0.0016584308639967,1076,1074,True
body_trunk_right_bmd,bone_density,0.071435304139285,-0.0131325855957274,0.1560031938742975,0.0836564582868759,0.1227860920017049,1076,1074,False
femur_left_lower_neck_area,bone_density,0.0862743894319563,0.0003236835088135,0.1722250953550992,0.0437152139914283,0.0723288086039995,1044,1038,False
femur_left_lower_neck_bmc,bone_density,0.1082327369230255,0.022259111810677,0.194206362035374,0.0265814966327561,0.0460988371828759,1044,1038,True
femur_left_lower_neck_bmd,bone_density,0.0645551833225487,-0.0213779394437361,0.1504883060888336,0.1312573052282475,0.1756531584672135,1044,1038,False
femur_left_neck_area,bone_density,0.10157298502243,0.0156068571343473,0.1875391129105127,0.0367871956465759,0.0625726131558581,1044,1038,False
femur_left_neck_bmc,bone_density,0.1566285038930139,0.0705861310497069,0.2426708767363209,0.0020077354132332,0.0049379438541682,1044,1038,True
femur_left_neck_bmd,bone_density,0.110481023337971,0.0245047599068547,0.1964572867690872,0.0160827078254569,0.030175802311682,1044,1038,True
femur_left_shaft_area,bone_density,0.1832123168830536,0.0971215234938165,0.2693031102722906,9.071139846355807e-06,5.0028710667780526e-05,1044,1038,True
femur_left_shaft_bmc,bone_density,0.1568167455273225,0.0707740563574791,0.2428594346971658,0.000676786834668,0.0018662909683271,1044,1038,True
femur_left_shaft_bmd,bone_density,0.0763821095719206,-0.0095599603715452,0.1623241795153865,0.1101392110942716,0.1541948955319802,1044,1038,False
femur_left_total_area,bone_density,0.208868590008646,0.1227239140752665,0.2950132659420255,9.02420852334725e-07,9.22011143495894e-06,1044,1038,True
femur_left_total_bmc,bone_density,0.2117789851046523,0.1256277538074461,0.2979302164018585,1.2309144408411998e-05,6.547219442412856e-05,1044,1038,True
femur_left_total_bmd,bone_density,0.1234625916829519,0.0374700356639365,0.2094551477019673,0.0103513431381195,0.0198309942225027,1044,1038,True
femur_left_troch_area,bone_density,0.1689774789984666,0.0829135521518114,0.2550414058451218,0.0001234538085271,0.0004884476772159,1044,1038,True
femur_left_troch_bmc,bone_density,0.2467491096016904,0.1605120645657502,0.3329861546376306,2.412495230522928e-07,5.216112650281384e-06,1044,1038,True
femur_left_troch_bmd,bone_density,0.20041163520069,0.1142854956285245,0.2865377747728556,2.057885950472173e-05,9.603467768870142e-05,1044,1038,True
femur_left_upper_neck_area,bone_density,0.0989597394614718,0.0129964235819555,0.1849230553409881,0.0239636127480578,0.0431819556450151,1044,1038,True
femur_left_upper_neck_bmc,bone_density,0.1827843407837233,0.0966943866872304,0.2688742948802162,0.0002838818197583,0.0009265446875901,1044,1038,True
femur_left_upper_neck_bmd,bone_density,0.1409208880999585,0.0549035758664989,0.2269382003334181,0.0045157246623789,0.0100227059579631,1044,1038,True
femur_left_wards_area,bone_density,0.091646105264975,0.0056902701607995,0.1776019403691505,0.0459901595897094,0.0754072886966407,1044,1038,False
femur_left_wards_bmc,bone_density,0.1309816078552347,0.0449787896892768,0.2169844260211925,0.0262844066136917,0.0460988371828759,1044,1038,True
femur_left_wards_bmd,bone_density,0.0772812495634549,-0.0086615619657679,0.1632240610926778,0.1311083419217763,0.1756531584672135,1044,1038,False
femur_lower_neck_diff_area,bone_density,0.0192741469950033,-0.0666593661748976,0.1052076601649042,0.5626292676629521,0.6320896710781314,1044,1037,False
femur_lower_neck_diff_bmc,bone_density,0.0224172029409497,-0.0635170139714758,0.1083514198533752,0.6971330206422519,0.7643265648005413,1044,1037,False
femur_lower_neck_diff_bmd,bone_density,-0.0451209936852862,-0.1310634451686543,0.0408214577980818,0.3920685643924726,0.4663822138524837,1044,1037,False
femur_lower_neck_mean_area,bone_density,0.0566832802316222,-0.029265491965204,0.1426320524284484,0.1150522824323861,0.1586326924446536,1044,1037,False
femur_lower_neck_mean_bmc,bone_density,0.108495662493454,0.0225009480127844,0.1944903769741237,0.021261837338178,0.0394862693423307,1044,1037,True
femur_lower_neck_mean_bmd,bone_density,0.0804303039291241,-0.0055359500576721,0.1663965579159203,0.098663982277639,0.1402878498010179,1044,1037,False
femur_neck_diff_area,bone_density,-0.0032874231204816,-0.0892189991941666,0.0826441529532034,0.6380153435491336,0.7037502577329837,1044,1037,False
femur_neck_diff_bmc,bone_density,0.0471956959268112,-0.0387477840599616,0.133139175913584,0.111505005531186,0.1549153511959989,1044,1037,False
femur_neck_diff_bmd,bone_density,0.0179957620007518,-0.0679374952880855,0.1039290192895892,0.9058784623172303,0.9159437785651996,1044,1037,False
femur_neck_mean_area,bone_density,0.0783635066626528,-0.0076009853969102,0.1643279987222158,0.0632570176305422,0.0992480793858507,1044,1037,False
femur_neck_mean_bmc,bone_density,0.1618015985060198,0.0757295927622378,0.2478736042498018,0.000809358829473,0.0021662251024132,1044,1037,True
femur_neck_mean_bmd,bone_density,0.1253298437722745,0.0393140071056209,0.2113456804389282,0.0079904600274286,0.0163400418538428,1044,1037,True
femur_right_lower_neck_area,bone_density,0.0174636147513458,-0.0684075369294833,0.1033347664321751,0.18936767077979,0.2427106766332519,1045,1039,False
femur_right_lower_neck_bmc,bone_density,0.1006906653710066,0.01476675576341,0.1866145749786032,0.0261342776996985,0.0460988371828759,1045,1039,True
femur_right_lower_neck_bmd,bone_density,0.0923041709336206,0.0063889427006959,0.1782193991665454,0.0857263911267589,0.124817625480561,1045,1039,False
femur_right_neck_area,bone_density,0.0473658563334631,-0.0385156983106972,0.1332474109776236,0.1192523605555645,0.1631874407602462,1045,1039,False
femur_right_neck_bmc,bone_density,0.1606275004519041,0.074619627123968,0.2466353737798403,0.0005365438726304,0.0015500156320436,1045,1039,True
femur_right_neck_bmd,bone_density,0.1365091727028717,0.0505397069295203,0.2224786384762231,0.0054325620399244,0.0116320740148969,1045,1039,True
femur_right_shaft_area,bone_density,0.1960330785110024,0.109957570057625,0.2821085869643799,5.0351413278039394e-05,0.0002181894575381,1045,1039,True
femur_right_shaft_bmc,bone_density,0.1692187717840691,0.0831957158294821,0.255241827738656,0.0002853467468289,0.0009265446875901,1045,1039,True
femur_right_shaft_bmd,bone_density,0.0860551411093673,0.0001458915905382,0.1719643906281965,0.0642949692420849,0.1000143965987987,1045,1039,False
femur_right_total_area,bone_density,0.2238475448155522,0.1377095315076416,0.3099855581234629,2.579396365523761e-07,5.216112650281384e-06,1045,1039,True
femur_right_total_bmc,bone_density,0.2251350934266567,0.1389939873676353,0.3112761994856782,9.118791529080268e-07,9.22011143495894e-06,1045,1039,True
femur_right_total_bmd,bone_density,0.1297609479002054,0.0438011147931878,0.2157207810072229,0.0049528257088246,0.0107311223691201,1045,1039,True
femur_right_troch_area,bone_density,0.1911811549495313,0.1051157057433573,0.2772466041557053,4.328661455454265e-06,3.0300630188179856e-05,1045,1039,True
femur_right_troch_bmc,bone_density,0.2512697591898017,0.1650620692191419,0.3374774491604616,3.414707202784907e-09,2.071589036356177e-07,1045,1039,True
femur_right_troch_bmd,bone_density,0.2102305096225785,0.1241241256246787,0.2963368936204784,1.8170536223761415e-06,1.503198905783899e-05,1045,1039,True
femur_right_upper_neck_area,bone_density,0.0720501116913196,-0.0138472589648159,0.1579474823474552,0.0472330849396921,0.0760745261860529,1045,1039,False
femur_right_upper_neck_bmc,bone_density,0.2009509951650724,0.1148650346317944,0.2870369556983503,2.4289670717998333e-05,0.0001105180017668,1045,1039,True
femur_right_upper_neck_bmd,bone_density,0.1680175754249569,0.0819966896387527,0.2540384612111612,0.0004713900732436,0.0013837579569411,1045,1039,True
femur_right_wards_area,bone_density,0.0467841820050821,-0.0390970787687889,0.1326654427789533,0.0959963289061318,0.1386613639755237,1045,1039,False
femur_right_wards_bmc,bone_density,0.1104001215901803,0.0244652199801508,0.1963350232002098,0.0093440837391952,0.0184850352231905,1045,1039,True
femur_right_wards_bmd,bone_density,0.089264114062781,0.0033518466598503,0.1751763814657116,0.0814937993423219,0.1215727170516606,1045,1039,False
femur_shaft_diff_area,bone_density,0.0451057862629147,-0.0408366578522191,0.1310482303780486,0.278577161884433,0.342574617993019,1044,1037,False
femur_shaft_diff_bmc,bone_density,0.012275199055574,-0.0736571282264607,0.0982075263376087,0.5181677105110066,0.5953962322730355,1044,1037,False
femur_shaft_diff_bmd,bone_density,0.0041488985629543,-0.0817827119162626,0.0900805090421714,0.8575511060654645,0.891853150308083,1044,1037,False
femur_shaft_mean_area,bone_density,0.1967446976490812,0.1106055404501307,0.2828838548480318,1.2590806620024724e-05,6.547219442412856e-05,1044,1037,True
femur_shaft_mean_bmc,bone_density,0.1646417774283844,0.0785648005082856,0.2507187543484833,0.0003944515024269,0.0011965028906952,1044,1037,True
femur_shaft_mean_bmd,bone_density,0.0821797415623892,-0.0037880396178366,0.1681475227426151,0.0821703916093645,0.1215854575032873,1044,1037,False
femur_total_diff_area,bone_density,0.027178521748032,-0.0587569633483222,0.1131140068443862,0.4064941307097346,0.4804021544751409,1044,1037,False
femur_total_diff_bmc,bone_density,0.0297062666081629,-0.0562299906973881,0.1156425239137139,0.1652701726102715,0.2133274568444639,1044,1037,False
femur_total_diff_bmd,bone_density,0.0742176478538587,-0.0117434480706468,0.1601787437783644,0.520153851271498,0.5953962322730355,1044,1037,False
femur_total_mean_area,bone_density,0.2210507369176935,0.1348571895697851,0.3072442842656018,3.975869976830961e-07,5.55114588627159e-06,1044,1037,True
femur_total_mean_bmc,bone_density,0.221197045084286,0.1350031512878857,0.3073909388806863,2.949373677843071e-06,2.1471440374697555e-05,1044,1037,True
femur_total_mean_bmd,bone_density,0.1276304027462014,0.0416114437451223,0.2136493617472804,0.0070850106211997,0.0146530901483904,1044,1037,True
femur_troch_diff_area,bone_density,0.0449021723884909,-0.0410401733117329,0.1308445180887149,0.0677230883286667,0.1035764880320785,1044,1037,False
femur_troch_diff_bmc,bone_density,0.0398370301615798,-0.0461030106247321,0.1257770709478919,0.0422180823699259,0.0704925779020781,1044,1037,False
femur_troch_diff_bmd,bone_density,0.0162912358495862,-0.0696417075671467,0.1022241792663192,0.97721108304975,0.9774953929256682,1044,1037,False
femur_troch_mean_area,bone_density,0.1886676582277126,0.1025451811552556,0.2747901353001695,1.5045196111934808e-05,7.40060997938415e-05,1044,1037,True
femur_troch_mean_bmc,bone_density,0.2601208412484694,0.1738266942464931,0.3464149882504456,1.506436924867847e-08,6.854288008148704e-07,1044,1037,True
femur_troch_mean_bmd,bone_density,0.2089485851337846,0.1227829057919359,0.2951142644756332,5.849921517681697e-06,3.8391275904963344e-05,1044,1037,True
femur_upper_neck_diff_area,bone_density,0.0283725341702339,-0.05756330713751,0.1143083754779779,0.8726414180724403,0.8951445505458333,1044,1037,False
femur_upper_neck_diff_bmc,bone_density,0.0516157816513212,-0.0343300436402729,0.1375616069429155,0.4826141312787856,0.5666823993079935,1044,1037,False
femur_upper_neck_diff_bmd,bone_density,0.0583234545343538,-0.0276263305264174,0.144273239595125,0.8037629112203659,0.8455771667173793,1044,1037,False
femur_upper_neck_mean_area,bone_density,0.0932219648992047,0.0072437867096587,0.1792001430887507,0.0221875266409393,0.0407891903904138,1044,1037,True
femur_upper_neck_mean_bmc,bone_density,0.1984755215195372,0.1123326994196082,0.2846183436194662,5.883026767500548e-05,0.0002490025282988,1044,1037,True
femur_upper_neck_mean_bmd,bone_density,0.1569082217923942,0.0708445786874743,0.2429718648973141,0.0012455693968836,0.0031928680314482,1044,1037,True
femur_wards_diff_area,bone_density,0.0060184255778334,-0.0799132869871694,0.0919501381428364,0.7589002094554745,0.8172771486443572,1044,1037,False
femur_wards_diff_bmc,bone_density,0.0003091341799431,-0.0856223843654801,0.0862406527253663,0.7875772555299839,0.8382401199208016,1044,1037,False
femur_wards_diff_bmd,bone_density,0.0081957811846048,-0.0777360975984455,0.0941276599676553,0.5119268894187411,0.5934439100268208,1044,1037,False
femur_wards_mean_area,bone_density,0.0738483519015275,-0.0121124504549471,0.1598091542580021,0.0627143468583419,0.0992480793858507,1044,1037,False
femur_wards_mean_bmc,bone_density,0.124856932978516,0.0388417311263567,0.2108721348306753,0.0147630455822527,0.0279882739163541,1044,1037,True
femur_wards_mean_bmd,bone_density,0.0839875749582517,-0.0019818188874593,0.1699569688039628,0.097213377317973,0.1393136588336307,1044,1037,False
spine_l1_area,bone_density,0.146159394626303,0.0604620578728823,0.2318567313797237,0.0020353852792948,0.0049392016110887,1054,1044,True
spine_l1_average_height,bone_density,-0.0047640559237379,-0.0903473256062233,0.0808192137587474,0.8655401790642799,0.8950472306232895,1054,1044,False
spine_l1_average_width,bone_density,0.2329156884271913,0.1470428581401513,0.3187885187142312,3.011930348604027e-07,5.481713234459328e-06,1054,1044,True
spine_l1_bmc,bone_density,0.0722295493002858,-0.0133814998340289,0.1578405984346007,0.1363288462806778,0.1811083943290757,1054,1044,False
spine_l1_bmd,bone_density,-0.0262035795349311,-0.1117904003914777,0.0593832413216154,0.7489694330369223,0.8113835524566658,1054,1044,False
spine_l1_l2_area,bone_density,0.1590895702749787,0.0732896687956852,0.2448894717542722,0.00037585756678,0.0011594250365078,1051,1043,True
spine_l1_l2_average_height,bone_density,0.0232088538843064,-0.0624585326278491,0.108876240396462,0.4877929332213008,0.5690917554248509,1051,1043,False
spine_l1_l2_average_width,bone_density,0.2196333755330767,0.133710992652972,0.3055557584131815,4.63005659643345e-07,5.617802003672586e-06,1051,1043,True
spine_l1_l2_bmc,bone_density,0.0954634827975913,0.0097502019792379,0.1811767636159446,0.0373437655680458,0.0629311604942995,1051,1043,False
spine_l1_l2_bmd,bone_density,0.007103656983062,-0.078561115836352,0.0927684298024761,0.7868351898945503,0.8382401199208016,1051,1043,False
spine_l1_l3_area,bone_density,0.1332202251072493,0.039209249972213,0.2272312002422855,0.002429546658743,0.0056689422037337,886,857,True
spine_l1_l3_average_height,bone_density,0.031760410622746,-0.0541355742917727,0.1176563955372649,0.5512330954634335,0.6270276460896556,1046,1037,False
spine_l1_l3_average_width,bone_density,0.215907993952553,0.1297675483193257,0.3020484395857804,4.0097311785303693e-07,5.55114588627159e-06,1046,1037,True
spine_l1_l3_bmc,bone_density,0.1064482789334798,0.0124749181869372,0.2004216396800224,0.0265954829901207,0.0460988371828759,886,857,True
spine_l1_l3_bmd,bone_density,0.0068094847195558,-0.0870976849530415,0.1007166543921532,0.8990244796104088,0.9140919289893542,886,857,False
spine_l1_l4_area,bone_density,0.1444350209579365,0.0507003724881533,0.2381696694277197,0.0021166141717116,0.00506873393752,892,862,True
spine_l1_l4_average_height,bone_density,0.0261184252937646,-0.0597966211560805,0.1120334717436098,0.8372137938005293,0.8757063820212433,1046,1036,False
spine_l1_l4_average_width,bone_density,0.2228263278466366,0.1366487604415473,0.3090038952517259,9.675855059362341e-08,3.522011241607892e-06,1046,1036,True
spine_l1_l4_bmc,bone_density,0.1320286545915527,0.0383140439896821,0.2257432651934232,0.0043569014612732,0.0097895810611325,892,862,True
spine_l1_l4_bmd,bone_density,0.0499987022241978,-0.0436286259796313,0.1436260304280269,0.2558594416016541,0.3167783562687146,892,862,False
spine_l2_area,bone_density,0.1585668276134175,0.07295105869188,0.244182596534955,0.0001297947348739,0.0005026093988734,1057,1046,True
spine_l2_average_height,bone_density,0.0508814074556256,-0.0346139693112263,0.1363767842224777,0.1644671189381897,0.2133274568444639,1057,1046,False
spine_l2_average_width,bone_density,0.1941092135092957,0.1084266083233495,0.2797918186952419,1.914778539528611e-06,1.5151725834530749e-05,1057,1046,True
spine_l2_bmc,bone_density,0.1148670665971415,0.0293150582576458,0.2004190749366373,0.0088114909326466,0.0176229818652933,1057,1046,True
spine_l2_bmd,bone_density,0.0392631236766137,-0.0462266585317049,0.1247529058849323,0.3698917082735047,0.4428966506959069,1057,1046,False
spine_l2_l3_area,bone_density,0.1639328532256037,0.0780010326765713,0.2498646737746362,0.000123010879314,0.0004884476772159,1049,1039,True
spine_l2_l3_average_height,bone_density,0.0517011605375429,-0.0341010232610941,0.1375033443361801,0.3522140715011832,0.4273530734214357,1049,1039,False
spine_l2_l3_average_width,bone_density,0.200283560103327,0.1142809024089121,0.2862862177977419,1.0877503783925405e-06,1.0023144861118529e-05,1049,1039,True
spine_l2_l3_bmc,bone_density,0.1335426455944972,0.0476592283312253,0.2194260628577692,0.0025700695882114,0.005846908313181,1049,1039,True
spine_l2_l3_bmd,bone_density,0.0633367592395757,-0.0224725997739363,0.1491461182530878,0.1632315312895399,0.2133274568444639,1049,1039,False
spine_l2_l4_area,bone_density,0.1314046876818438,0.0377186515434392,0.2250907238202484,0.0022578976178245,0.005336848914858,892,863,True
spine_l2_l4_average_height,bone_density,0.0385321209285158,-0.0472844527096898,0.1243486945667215,0.7103408384459655,0.7741439077674594,1049,1038,False
spine_l2_l4_average_width,bone_density,0.2125317500001806,0.1264812390308661,0.2985822609694952,1.7459237427726569e-07,5.216112650281384e-06,1049,1038,True
spine_l2_l4_bmc,bone_density,0.1472808398436035,0.0535689632627535,0.2409927164244535,0.0017927716678256,0.0044696499115652,892,863,True
spine_l2_l4_bmd,bone_density,0.0858241361665582,-0.0078040462493706,0.1794523185824872,0.071146997341,0.1079062793005167,892,863,False
spine_l3_area,bone_density,0.155480463253869,0.0698698646172615,0.2410910618904765,0.0002901815779815,0.0009265446875901,1057,1046,True
spine_l3_average_height,bone_density,0.0474724451566744,-0.0380211406399285,0.1329660309532774,0.6266903616876159,0.695473450165525,1057,1046,False
spine_l3_average_width,bone_density,0.1926882850824434,0.1070086093290261,0.2783679608358608,2.0007988777908035e-06,1.5172724823246926e-05,1057,1046,True
spine_l3_bmc,bone_density,0.1458845044240594,0.0602893336450202,0.2314796752030987,0.0011286725184772,0.0029345485480407,1057,1046,True
spine_l3_bmd,bone_density,0.0811452751995493,-0.0043714419494074,0.1666619923485061,0.0750711849181822,0.1129169888851997,1057,1046,False
spine_l3_l4_area,bone_density,0.1650469753594592,0.0791330876037637,0.2509608631151547,0.0002132170924508,0.000776110216521,1051,1038,True
spine_l3_l4_average_height,bone_density,0.0290266605898493,-0.0567458503701982,0.1147991715498969,0.7967578083476411,0.8430809367399459,1051,1038,False
spine_l3_l4_average_width,bone_density,0.203390125607645,0.1174006746168591,0.2893795765984309,3.667289200770751e-07,5.55114588627159e-06,1051,1038,True
spine_l3_l4_bmc,bone_density,0.1809225241810873,0.0949792502792913,0.2668657980828833,3.2834365260851924e-05,0.000145752548231,1051,1038,True
spine_l3_l4_bmd,bone_density,0.1237249178785005,0.0378749077356133,0.2095749280213878,0.0046509673256419,0.0101985066658654,1051,1038,True
spine_l4_area,bone_density,0.1531161758322445,0.06750946931975,0.238722882344739,0.0006320970760246,0.0017698718128689,1057,1046,True
spine_l4_average_height,bone_density,0.0104400253830102,-0.0750421036321254,0.0959221543981459,0.6080307434698381,0.6789054927086535,1057,1046,False
spine_l4_average_width,bone_density,0.2064896228852138,0.1207805876527303,0.2921986581176972,4.2701122202089153e-07,5.55114588627159e-06,1057,1046,True
spine_l4_bmc,bone_density,0.2035188548872298,0.1178163099475421,0.2892213998269175,1.1014444902328053e-06,1.0023144861118529e-05,1057,1046,True
spine_l4_bmd,bone_density,0.1556054615391828,0.0699946554736889,0.2412162676046768,0.0003690519851887,0.0011580596776613,1057,1046,True
