disease,model,seed,auc,pr
dis__anemia,covariates,42,0.6103368734967365,0.09794048290012342
dis__anemia,lejepa_cov,42,0.6529862263662632,0.1128729325119464
dis__anemia,dino_cov,42,0.6495487538197438,0.11395156353211597
dis__anemia,tab_cov,42,0.6284704167230577,0.09637513858245972
dis__anemia,covariates,73,0.6030992456673956,0.09707865153153301
dis__anemia,lejepa_cov,73,0.6423746399884132,0.10281247905300638
dis__anemia,dino_cov,73,0.6318805841863203,0.10737805993754203
dis__anemia,tab_cov,73,0.6348099447487577,0.10544034537275135
dis__anemia,covariates,99,0.626538878877025,0.11501036183571098
dis__anemia,lejepa_cov,99,0.6639242865656616,0.1193603537028036
dis__anemia,dino_cov,99,0.6414278659059234,0.10547306980161536
dis__anemia,tab_cov,99,0.6528704765568052,0.11295881884337544
dis__anemia,covariates,123,0.6275467926024593,0.11036863610727436
dis__anemia,lejepa_cov,123,0.654501064898247,0.11413586617566222
dis__anemia,dino_cov,123,0.6440188808714833,0.10504290908416442
dis__anemia,tab_cov,123,0.6344561658439526,0.10983518948886799
dis__anemia,covariates,2024,0.6117893852082428,0.10331535456665622
dis__anemia,lejepa_cov,2024,0.6430074056134503,0.1121122482627854
dis__anemia,dino_cov,2024,0.6189314452461849,0.10899535520178612
dis__anemia,tab_cov,2024,0.6260788475830252,0.09812304517872564
dis__anemia,covariates,7,0.6409506205376965,0.10351389850120617
dis__anemia,lejepa_cov,7,0.678092656832088,0.11865591780858675
dis__anemia,dino_cov,7,0.6599502097742701,0.11523981370287009
dis__anemia,tab_cov,7,0.6519314191282792,0.10676472069774473
dis__anemia,covariates,17,0.6249964384674013,0.11494558113929836
dis__anemia,lejepa_cov,17,0.6554798927741252,0.12237420224855915
dis__anemia,dino_cov,17,0.6380010779572,0.1105364702616719
dis__anemia,tab_cov,17,0.642552123029582,0.10772372763757074
dis__anemia,covariates,31,0.6204922869075686,0.11012197973924348
dis__anemia,lejepa_cov,31,0.6472533460598764,0.11311132882065168
dis__anemia,dino_cov,31,0.6330054348987456,0.106420301082822
dis__anemia,tab_cov,31,0.6266902440124701,0.09991454447527644
dis__anemia,covariates,137,0.6211829274373348,0.10435430632741881
dis__anemia,lejepa_cov,137,0.6446783579910106,0.11425214334898467
dis__anemia,dino_cov,137,0.6388546586033568,0.11034952084246064
dis__anemia,tab_cov,137,0.6268220207186224,0.10621991135887769
dis__anemia,covariates,256,0.5973598358845779,0.10313154033231475
dis__anemia,lejepa_cov,256,0.6313196428020239,0.10627135669502424
dis__anemia,dino_cov,256,0.6066827410504622,0.09787744096656123
dis__anemia,tab_cov,256,0.6168164884713189,0.10123502701821159
dis__anxiety,covariates,42,0.5880839091973713,0.09701769445207807
dis__anxiety,lejepa_cov,42,0.6191367120583026,0.10675718909672147
dis__anxiety,dino_cov,42,0.619648456781162,0.09715000179804492
dis__anxiety,tab_cov,42,0.6048175382054335,0.10426096152557818
dis__anxiety,covariates,73,0.5827030283673529,0.09650046282178978
dis__anxiety,lejepa_cov,73,0.6305523697531044,0.10126168213356503
dis__anxiety,dino_cov,73,0.6248584535872942,0.099377165562584
dis__anxiety,tab_cov,73,0.589720463981882,0.08810308079586507
dis__anxiety,covariates,99,0.5477770559313996,0.07545099722656012
dis__anxiety,lejepa_cov,99,0.6232137326635889,0.1116601978304674
dis__anxiety,dino_cov,99,0.6179414312398982,0.10124935166749063
dis__anxiety,tab_cov,99,0.5682810216505522,0.08345722336241093
dis__anxiety,covariates,123,0.583931881091335,0.08813981357402606
dis__anxiety,lejepa_cov,123,0.6137918227306601,0.10408413158667251
dis__anxiety,dino_cov,123,0.5951149550438914,0.09355737445250176
dis__anxiety,tab_cov,123,0.601972697269727,0.09211754116910845
dis__anxiety,covariates,2024,0.5811439006803907,0.08650816158045269
dis__anxiety,lejepa_cov,2024,0.6013097277469682,0.10197522674956033
dis__anxiety,dino_cov,2024,0.6061821907997251,0.09498275558678163
dis__anxiety,tab_cov,2024,0.5800989373130861,0.08990297594306501
dis__anxiety,covariates,7,0.5738721049524308,0.0969797716014395
dis__anxiety,lejepa_cov,7,0.6223759472721465,0.10655117331417492
dis__anxiety,dino_cov,7,0.6140271285193035,0.10434325266342197
dis__anxiety,tab_cov,7,0.60024026596208,0.10479222852282875
dis__anxiety,covariates,17,0.5974450267607406,0.09320591379752477
dis__anxiety,lejepa_cov,17,0.6277414031725754,0.1124717633672162
dis__anxiety,dino_cov,17,0.6276996651278031,0.09904800524435647
dis__anxiety,tab_cov,17,0.5951663714758573,0.09148633513171595
dis__anxiety,covariates,31,0.6058978881759143,0.09917035371739666
dis__anxiety,lejepa_cov,31,0.6370798370159596,0.1163118236685611
dis__anxiety,dino_cov,31,0.6157504863389565,0.09664424490881016
dis__anxiety,tab_cov,31,0.61346154776768,0.10001382125353864
dis__anxiety,covariates,137,0.5907799449299769,0.09578908340018061
dis__anxiety,lejepa_cov,137,0.6112107178459782,0.09418653143764717
dis__anxiety,dino_cov,137,0.5977329587797489,0.08845257735913802
dis__anxiety,tab_cov,137,0.5943297958828141,0.09839295239921239
dis__anxiety,covariates,256,0.6147732716820069,0.10624822799387933
dis__anxiety,lejepa_cov,256,0.6301658391645617,0.11148361936926295
dis__anxiety,dino_cov,256,0.6344086021505377,0.10803752367186098
dis__anxiety,tab_cov,256,0.6161751255770739,0.10516886716896423
dis__asthma,covariates,42,0.5569813494861978,0.17180663146258363
dis__asthma,lejepa_cov,42,0.6322058230908724,0.22826783601836534
dis__asthma,dino_cov,42,0.6276055309288737,0.22121802600054263
dis__asthma,tab_cov,42,0.5936410689099335,0.18338392432652648
dis__asthma,covariates,73,0.5704220607495467,0.16889918830962716
dis__asthma,lejepa_cov,73,0.6294013197662705,0.22009339655561938
dis__asthma,dino_cov,73,0.6238275740479549,0.22453385539815313
dis__asthma,tab_cov,73,0.5978153964336087,0.1872407609887033
dis__asthma,covariates,99,0.5392710747028007,0.15880978847742858
dis__asthma,lejepa_cov,99,0.6137102055208543,0.21496488937812047
dis__asthma,dino_cov,99,0.6106255037275841,0.21527105169084554
dis__asthma,tab_cov,99,0.5724420083618779,0.1689380935158076
dis__asthma,covariates,123,0.5665526458291356,0.17565677451984862
dis__asthma,lejepa_cov,123,0.6391226324803545,0.21939024760176223
dis__asthma,dino_cov,123,0.633486550473504,0.22019401949969045
dis__asthma,tab_cov,123,0.5959216955470482,0.18509523028301572
dis__asthma,covariates,2024,0.5486511119786419,0.16701733523148946
dis__asthma,lejepa_cov,2024,0.6348982470280073,0.21642459794294336
dis__asthma,dino_cov,2024,0.6301921720733427,0.23100095672420456
dis__asthma,tab_cov,2024,0.5937477961918195,0.18726698815208365
dis__asthma,covariates,7,0.5498820962623414,0.16066894769991177
dis__asthma,lejepa_cov,7,0.6168984862986098,0.2036776197189518
dis__asthma,dino_cov,7,0.6149871549466048,0.21887634615185428
dis__asthma,tab_cov,7,0.5969719675599436,0.18820321988980626
dis__asthma,covariates,17,0.538424812361475,0.15583254041435937
dis__asthma,lejepa_cov,17,0.6022803118073746,0.19822418472741604
dis__asthma,dino_cov,17,0.6064864371347974,0.20558566001226766
dis__asthma,tab_cov,17,0.5834317700987306,0.17671614973568997
dis__asthma,covariates,31,0.5388880843239976,0.15467790393869665
dis__asthma,lejepa_cov,31,0.6052812688897844,0.19981856434667594
dis__asthma,dino_cov,31,0.6195405374773322,0.21515066542597608
dis__asthma,tab_cov,31,0.5768537175095708,0.17855159234658308
dis__asthma,covariates,137,0.5540646093592585,0.15934208183431137
dis__asthma,lejepa_cov,137,0.6004372985089663,0.19992794246212778
dis__asthma,dino_cov,137,0.5993196529316945,0.20572248889033676
dis__asthma,tab_cov,137,0.5836338907918598,0.17368405011005797
dis__asthma,covariates,256,0.5455089537578077,0.1633220073782758
dis__asthma,lejepa_cov,256,0.6167417010880515,0.21274479076261105
dis__asthma,dino_cov,256,0.6196308936127342,0.22185705886866341
dis__asthma,tab_cov,256,0.57615101752972,0.17627129013654838
dis__atrial_fibrillation,covariates,42,0.7139869898360753,0.08189028571837327
dis__atrial_fibrillation,lejepa_cov,42,0.727647023786732,0.10995655647150164
dis__atrial_fibrillation,dino_cov,42,0.7128393470242123,0.10214460584205774
dis__atrial_fibrillation,tab_cov,42,0.7279235642233255,0.09226186443688286
dis__atrial_fibrillation,covariates,73,0.7185307619327199,0.0811690035192434
dis__atrial_fibrillation,lejepa_cov,73,0.7241477236467599,0.09337156811995355
dis__atrial_fibrillation,dino_cov,73,0.7145294345386242,0.08834605375752383
dis__atrial_fibrillation,tab_cov,73,0.7207664850008721,0.09613567115215214
dis__atrial_fibrillation,covariates,99,0.7165651975987781,0.0794686697544686
dis__atrial_fibrillation,lejepa_cov,99,0.7261100971295102,0.1040108024694173
dis__atrial_fibrillation,dino_cov,99,0.721749267167843,0.1165236707227294
dis__atrial_fibrillation,tab_cov,99,0.7299699634541177,0.08575748545863554
dis__atrial_fibrillation,covariates,123,0.7011315821941995,0.09220979063640165
dis__atrial_fibrillation,lejepa_cov,123,0.7188530379030577,0.10906104473963715
dis__atrial_fibrillation,dino_cov,123,0.705949235684778,0.09991929710227587
dis__atrial_fibrillation,tab_cov,123,0.7082689845009722,0.10712419838204022
dis__atrial_fibrillation,covariates,2024,0.7460417490969891,0.10641801871417884
dis__atrial_fibrillation,lejepa_cov,2024,0.7519538645462397,0.12940101350212568
dis__atrial_fibrillation,dino_cov,2024,0.7569124472977746,0.133651452051065
dis__atrial_fibrillation,tab_cov,2024,0.7415591349815144,0.11923821753928206
dis__atrial_fibrillation,covariates,7,0.6895147566231434,0.0717319054888795
dis__atrial_fibrillation,lejepa_cov,7,0.7022510391538714,0.09102554554448142
dis__atrial_fibrillation,dino_cov,7,0.7037847749599015,0.08382192892460795
dis__atrial_fibrillation,tab_cov,7,0.7040442975234741,0.07949665794320357
dis__atrial_fibrillation,covariates,17,0.6852156164511778,0.07900531795818296
dis__atrial_fibrillation,lejepa_cov,17,0.7001025326849524,0.0961830395692059
dis__atrial_fibrillation,dino_cov,17,0.6866318225716559,0.09582515037609923
dis__atrial_fibrillation,tab_cov,17,0.6894504077907821,0.08568154957073858
dis__atrial_fibrillation,covariates,31,0.7225735703923045,0.09567519202891037
dis__atrial_fibrillation,lejepa_cov,31,0.7314249915974251,0.11527355169688053
dis__atrial_fibrillation,dino_cov,31,0.7107440214084843,0.12303917294587019
dis__atrial_fibrillation,tab_cov,31,0.7207569124472978,0.10658082947284282
dis__atrial_fibrillation,covariates,137,0.695141290890758,0.08493244486183882
dis__atrial_fibrillation,lejepa_cov,137,0.7184988534208053,0.09168057868224727
dis__atrial_fibrillation,dino_cov,137,0.706507634643284,0.08354258461496289
dis__atrial_fibrillation,tab_cov,137,0.7024509991618698,0.0812286349697221
dis__atrial_fibrillation,covariates,256,0.741845779780214,0.10596385430305962
dis__atrial_fibrillation,lejepa_cov,256,0.7501425246865521,0.11289148580143189
dis__atrial_fibrillation,dino_cov,256,0.7546522610371543,0.11509873402091877
dis__atrial_fibrillation,tab_cov,256,0.7504137470378266,0.10735719635040841
dis__back_pain,covariates,42,0.5472135515040659,0.20388094857068267
dis__back_pain,lejepa_cov,42,0.5927122890033203,0.23451072734196896
dis__back_pain,dino_cov,42,0.6027603535002087,0.2341225286447738
dis__back_pain,tab_cov,42,0.6062864087321311,0.23678969969925573
dis__back_pain,covariates,73,0.534505537109569,0.19880942781106964
dis__back_pain,lejepa_cov,73,0.5677774022307494,0.228698062793624
dis__back_pain,dino_cov,73,0.57083474163469,0.23105578709039062
dis__back_pain,tab_cov,73,0.5852525995586217,0.2381955441179407
dis__back_pain,covariates,99,0.539648612243275,0.20337345615900665
dis__back_pain,lejepa_cov,99,0.6007085412648865,0.24153760738869537
dis__back_pain,dino_cov,99,0.6072375091953794,0.24803054687964599
dis__back_pain,tab_cov,99,0.5990911485774499,0.24838576035785337
dis__back_pain,covariates,123,0.5420473636598604,0.20163919444106793
dis__back_pain,lejepa_cov,123,0.5987437123486491,0.2425352505171651
dis__back_pain,dino_cov,123,0.5912233831043602,0.23874095557642716
dis__back_pain,tab_cov,123,0.597089538143428,0.2403786221246984
dis__back_pain,covariates,2024,0.520256551086546,0.19218977470781057
dis__back_pain,lejepa_cov,2024,0.5875002485237688,0.24072596347068506
dis__back_pain,dino_cov,2024,0.5918521482394576,0.23727482547490228
dis__back_pain,tab_cov,2024,0.5674409010477761,0.22048744063588274
dis__back_pain,covariates,7,0.5406062985863969,0.19892302336841033
dis__back_pain,lejepa_cov,7,0.5759732190786727,0.22725473253458472
dis__back_pain,dino_cov,7,0.5704718969322226,0.2215749917727915
dis__back_pain,tab_cov,7,0.585377358490566,0.2278086324415443
dis__back_pain,covariates,17,0.5413324850388692,0.20379298081132813
dis__back_pain,lejepa_cov,17,0.5947298049585462,0.23853101995283713
dis__back_pain,dino_cov,17,0.5904025090959699,0.24126832962713607
dis__back_pain,tab_cov,17,0.593916883710758,0.23549474322128838
dis__back_pain,covariates,31,0.5477286170149314,0.20703114352218482
dis__back_pain,lejepa_cov,31,0.5838924289719069,0.23783946791584337
dis__back_pain,dino_cov,31,0.5953384396683699,0.24333617705684307
dis__back_pain,tab_cov,31,0.5790715649044675,0.23370979939161546
dis__back_pain,covariates,137,0.5479356373143528,0.21040256762982562
dis__back_pain,lejepa_cov,137,0.5865998469093583,0.23654312257879587
dis__back_pain,dino_cov,137,0.5863177724317554,0.23480926598851345
dis__back_pain,tab_cov,137,0.6045032506908962,0.25190242496126036
dis__back_pain,covariates,256,0.5458832037696085,0.20809359138804578
dis__back_pain,lejepa_cov,256,0.5872020200011929,0.23654050928665146
dis__back_pain,dino_cov,256,0.5930072867169016,0.24833689482683824
dis__back_pain,tab_cov,256,0.5973738493349504,0.2422927715216025
dis__celiac,covariates,42,0.5687744666275201,0.01774062173755767
dis__celiac,lejepa_cov,42,0.6543893129770992,0.02788066614306922
dis__celiac,dino_cov,42,0.6688123899001762,0.03392775029600528
dis__celiac,tab_cov,42,0.5907442748091603,0.02013160327559141
dis__celiac,covariates,73,0.5353151301624584,0.016988094088973563
dis__celiac,lejepa_cov,73,0.6186558034840478,0.023212296093659518
dis__celiac,dino_cov,73,0.6686606968095519,0.0357562255041894
dis__celiac,tab_cov,73,0.5945708553532981,0.020061062028803516
dis__celiac,covariates,99,0.6065154629085927,0.019882159914276047
dis__celiac,lejepa_cov,99,0.6170043061264436,0.02550538922147762
dis__celiac,dino_cov,99,0.6467973184576239,0.026287573224118448
dis__celiac,tab_cov,99,0.616040321002153,0.020456145381682615
dis__celiac,covariates,123,0.5685799569387355,0.019287901303908825
dis__celiac,lejepa_cov,123,0.6072347817576825,0.02135415888221855
dis__celiac,dino_cov,123,0.6524613427285183,0.03138769029678676
dis__celiac,tab_cov,123,0.6042449598747308,0.03158216706882972
dis__celiac,covariates,2024,0.5553031415149736,0.016668509326597067
dis__celiac,lejepa_cov,2024,0.6297489724016442,0.02343951021402272
dis__celiac,dino_cov,2024,0.6187977099236641,0.026037037651305762
dis__celiac,tab_cov,2024,0.6012380113525152,0.023380484376134256
dis__celiac,covariates,7,0.5490959581131337,0.017613756682421523
dis__celiac,lejepa_cov,7,0.6510129183793305,0.025417595299277698
dis__celiac,dino_cov,7,0.6891270307300842,0.028734787102269448
dis__celiac,tab_cov,7,0.6093413583871599,0.024493052551626416
dis__celiac,covariates,17,0.619899931493443,0.022505175443772132
dis__celiac,lejepa_cov,17,0.6300474652573889,0.026156211077886245
dis__celiac,dino_cov,17,0.6718927383049521,0.03210465800356921
dis__celiac,tab_cov,17,0.6388456645136035,0.036817057676085556
dis__celiac,covariates,31,0.5619287042474066,0.017616036655009104
dis__celiac,lejepa_cov,31,0.6443041691133294,0.02530107809459572
dis__celiac,dino_cov,31,0.6777011156782149,0.026672736927029886
dis__celiac,tab_cov,31,0.6350313172832256,0.023418449297814795
dis__celiac,covariates,137,0.5604925132119789,0.017788005882832934
dis__celiac,lejepa_cov,137,0.6291935799569388,0.025670338890379577
dis__celiac,dino_cov,137,0.6587345860246624,0.0335375900126906
dis__celiac,tab_cov,137,0.6065766294773928,0.022463936899741396
dis__celiac,covariates,256,0.5534608044627128,0.023578881941911232
dis__celiac,lejepa_cov,256,0.6144744568408691,0.02571814676143976
dis__celiac,dino_cov,256,0.6361885887649248,0.027116106634034076
dis__celiac,tab_cov,256,0.6103860833822666,0.03739155999175465
dis__copd,covariates,42,0.6398496757712714,0.030753893756712815
dis__copd,lejepa_cov,42,0.7626390253487915,0.12328094650873246
dis__copd,dino_cov,42,0.7801788170563961,0.1303124241761029
dis__copd,tab_cov,42,0.7217744154057771,0.08271540866097354
dis__copd,covariates,73,0.6586922774611907,0.03433742921648721
dis__copd,lejepa_cov,73,0.7448575358616624,0.08613392295000603
dis__copd,dino_cov,73,0.7712831597563372,0.08131366020296217
dis__copd,tab_cov,73,0.7416270387109452,0.0789792394537698
dis__copd,covariates,99,0.6864639418353311,0.041075629171978136
dis__copd,lejepa_cov,99,0.7581351935547258,0.09474492116427174
dis__copd,dino_cov,99,0.7403144036156417,0.10316136136267645
dis__copd,tab_cov,99,0.7279111809785814,0.08430993832236863
dis__copd,covariates,123,0.659934171742975,0.03879946865576074
dis__copd,lejepa_cov,123,0.7889998034977401,0.10033349430866167
dis__copd,dino_cov,123,0.7915818431911967,0.08580086788113067
dis__copd,tab_cov,123,0.7544016506189821,0.06970602315797281
dis__copd,covariates,2024,0.6349037138927098,0.043596411215303874
dis__copd,lejepa_cov,2024,0.7581135783061506,0.1000906871206135
dis__copd,dino_cov,2024,0.7600353704067596,0.13621844366558628
dis__copd,tab_cov,2024,0.7368068382786401,0.08460901596788253
dis__copd,covariates,7,0.6474523482020043,0.03452118801191385
dis__copd,lejepa_cov,7,0.7280703478089998,0.06814222124413549
dis__copd,dino_cov,7,0.7427942621340146,0.08136650357415946
dis__copd,tab_cov,7,0.6928689329927293,0.06047711053408081
dis__copd,covariates,17,0.6451935547258794,0.04902472161388062
dis__copd,lejepa_cov,17,0.7418824916486538,0.10273901833161318
dis__copd,dino_cov,17,0.7291943407349184,0.10730840791867392
dis__copd,tab_cov,17,0.7168146983690313,0.05574312830019311
dis__copd,covariates,31,0.7188710945175869,0.053426303608521644
dis__copd,lejepa_cov,31,0.7988072312831598,0.10706421268454436
dis__copd,dino_cov,31,0.7777952446453134,0.11095720874110641
dis__copd,tab_cov,31,0.7753880919630576,0.07354658576968627
dis__copd,covariates,137,0.6209176655531539,0.03375402172677604
dis__copd,lejepa_cov,137,0.7495048143053645,0.11557252909732894
dis__copd,dino_cov,137,0.7671919827078011,0.10457817402948737
dis__copd,tab_cov,137,0.7074572607584987,0.06966466650554104
dis__copd,covariates,256,0.6668176459029279,0.04140729078418814
dis__copd,lejepa_cov,256,0.7770956966005108,0.11251437549371987
dis__copd,dino_cov,256,0.7866673216741992,0.12974695686298118
dis__copd,tab_cov,256,0.7249184515621929,0.08485373417585038
dis__depression,covariates,42,0.6115692926969523,0.16042568545073327
dis__depression,lejepa_cov,42,0.6325562583860457,0.17003761392240396
dis__depression,dino_cov,42,0.6309649223691777,0.16587512677532212
dis__depression,tab_cov,42,0.6122909718228868,0.162110452900812
dis__depression,covariates,73,0.5964786275637339,0.15555418547304845
dis__depression,lejepa_cov,73,0.618092390262603,0.17243702555751095
dis__depression,dino_cov,73,0.6078378378378378,0.15224452642417596
dis__depression,tab_cov,73,0.6168882499520797,0.16195002165154793
dis__depression,covariates,99,0.6226400230017252,0.176792144675321
dis__depression,lejepa_cov,99,0.6264880199348285,0.181331876576595
dis__depression,dino_cov,99,0.6301100249185355,0.17233016054562267
dis__depression,tab_cov,99,0.6270423615104466,0.17660694880858932
dis__depression,covariates,123,0.5951633122484186,0.15677743949181167
dis__depression,lejepa_cov,123,0.6126666666666667,0.16293422356518938
dis__depression,dino_cov,123,0.6176645581751965,0.15880334526021772
dis__depression,tab_cov,123,0.6123358251868891,0.16451721879707212
dis__depression,covariates,2024,0.6022443933294996,0.15133679603231076
dis__depression,lejepa_cov,2024,0.6108058271036994,0.1595423875501959
dis__depression,dino_cov,2024,0.6151159670308607,0.1581202497717829
dis__depression,tab_cov,2024,0.602260686218133,0.15358559519031503
dis__depression,covariates,7,0.6228642898217366,0.17005490038829796
dis__depression,lejepa_cov,7,0.6299904159478628,0.16908968204225036
dis__depression,dino_cov,7,0.626016484569676,0.17257585153553628
dis__depression,tab_cov,7,0.6326781675292313,0.17170010331540855
dis__depression,covariates,17,0.6176478819244777,0.17948669665829506
dis__depression,lejepa_cov,17,0.6254169062679702,0.17238923457262048
dis__depression,dino_cov,17,0.6286605328732989,0.1652608291490131
dis__depression,tab_cov,17,0.6213080314356909,0.1793181757765282
dis__depression,covariates,31,0.5994069388537473,0.15759446390474316
dis__depression,lejepa_cov,31,0.6138562392179414,0.16910058481716495
dis__depression,dino_cov,31,0.6246536323557601,0.1696584534232266
dis__depression,tab_cov,31,0.6068334291738547,0.16426448128112317
dis__depression,covariates,137,0.6246068621813303,0.16625891191049236
dis__depression,lejepa_cov,137,0.6359367452558942,0.17411769573855698
dis__depression,dino_cov,137,0.629381636956105,0.16901224664367423
dis__depression,tab_cov,137,0.6318938087023194,0.1683291743104568
dis__depression,covariates,256,0.6157048111941729,0.16138502180216646
dis__depression,lejepa_cov,256,0.6147559900325859,0.15702654497754556
dis__depression,dino_cov,256,0.6255399654974122,0.16449093321496666
dis__depression,tab_cov,256,0.620674717270462,0.16611760744957887
dis__diabetes,covariates,42,0.7253683998344986,0.10018049747751528
dis__diabetes,lejepa_cov,42,0.8481126470681845,0.30854982448293883
dis__diabetes,dino_cov,42,0.8375469009148551,0.29546821450442123
dis__diabetes,tab_cov,42,0.8342076972313872,0.2718251436038474
dis__diabetes,covariates,73,0.7274742995363838,0.11875657475311455
dis__diabetes,lejepa_cov,73,0.8519283746556474,0.2839920522381615
dis__diabetes,dino_cov,73,0.8386767664979824,0.2648156952389733
dis__diabetes,tab_cov,73,0.8323661401033322,0.2645452601200685
dis__diabetes,covariates,99,0.7259346587593758,0.1306755059339136
dis__diabetes,lejepa_cov,99,0.83798452490832,0.26955158537019125
dis__diabetes,dino_cov,99,0.8383620308582381,0.25548432988544284
dis__diabetes,tab_cov,99,0.8283585652298454,0.25970792232664547
dis__diabetes,covariates,123,0.7345837002302167,0.11547725959532484
dis__diabetes,lejepa_cov,123,0.8288006096676886,0.26808206112356603
dis__diabetes,dino_cov,123,0.8208464620531373,0.2569945206352362
dis__diabetes,tab_cov,123,0.8252377314986721,0.267179393479421
dis__diabetes,covariates,2024,0.7109758749827603,0.10307118966925696
dis__diabetes,lejepa_cov,2024,0.8327436460532502,0.27803451667931656
dis__diabetes,dino_cov,2024,0.8334040604433882,0.2653628798974446
dis__diabetes,tab_cov,2024,0.828162297499443,0.24314133501027999
dis__diabetes,covariates,7,0.7202283071112573,0.11310433030061198
dis__diabetes,lejepa_cov,7,0.8296466827217206,0.23927493695848875
dis__diabetes,dino_cov,7,0.8233590426378383,0.22758423892226654
dis__diabetes,tab_cov,7,0.8218658165268037,0.20878602978386904
dis__diabetes,covariates,17,0.705810585726562,0.09973322882649788
dis__diabetes,lejepa_cov,17,0.8276115101298903,0.2572024673839231
dis__diabetes,dino_cov,17,0.8349627091312236,0.26206611731410057
dis__diabetes,tab_cov,17,0.8226411624707808,0.27377603010570384
dis__diabetes,covariates,31,0.7328265735897899,0.1360162942469312
dis__diabetes,lejepa_cov,31,0.8454957439961526,0.2840935366245289
dis__diabetes,dino_cov,31,0.8442155833041585,0.2601386611242094
dis__diabetes,tab_cov,31,0.8380048589524608,0.2555941072713039
dis__diabetes,covariates,137,0.7285581924979754,0.12389164002438957
dis__diabetes,lejepa_cov,137,0.8443296307691219,0.24295577386055817
dis__diabetes,dino_cov,137,0.8419072272497409,0.2590455793566494
dis__diabetes,tab_cov,137,0.8468899521531101,0.2555313731894265
dis__diabetes,covariates,256,0.7437981165370593,0.12462888220476998
dis__diabetes,lejepa_cov,256,0.8523766077156204,0.26500179794317286
dis__diabetes,dino_cov,256,0.8415394462774554,0.24746490036666255
dis__diabetes,tab_cov,256,0.822409531185351,0.2622065422584532
dis__endometriosis,covariates,42,0.781440981001228,0.054161015636935594
dis__endometriosis,lejepa_cov,42,0.7956422018348625,0.05829943697135524
dis__endometriosis,dino_cov,42,0.7758813118543668,0.05205060801344829
dis__endometriosis,tab_cov,42,0.7944863830094632,0.058487477017628256
dis__endometriosis,covariates,73,0.7960476414072094,0.05758350361374152
dis__endometriosis,lejepa_cov,73,0.8056779599797732,0.07242541010812248
dis__endometriosis,dino_cov,73,0.788026439355631,0.057363485564472676
dis__endometriosis,tab_cov,73,0.8073575092104314,0.06056525226514631
dis__endometriosis,covariates,99,0.7759336848948928,0.04937164068503176
dis__endometriosis,lejepa_cov,99,0.7918045221411545,0.054861575385073254
dis__endometriosis,dino_cov,99,0.7798923643718848,0.050681486378037086
dis__endometriosis,tab_cov,99,0.8005562378097233,0.06483371818259452
dis__endometriosis,covariates,123,0.7931969226323774,0.05378970376429065
dis__endometriosis,lejepa_cov,123,0.8079462544246189,0.0664794164743975
dis__endometriosis,dino_cov,123,0.7905295094993859,0.06776182618829227
dis__endometriosis,tab_cov,123,0.8053781694719353,0.06472060479014873
dis__endometriosis,covariates,2024,0.7922659466878567,0.05265528825189127
dis__endometriosis,lejepa_cov,2024,0.8069981217944088,0.059122290022505054
dis__endometriosis,dino_cov,2024,0.7768745936574443,0.04779316168874449
dis__endometriosis,tab_cov,2024,0.8060843025355775,0.05672607785985379
dis__endometriosis,covariates,7,0.8037347395795709,0.057442897995376954
dis__endometriosis,lejepa_cov,7,0.7972711839919092,0.056527443532892796
dis__endometriosis,dino_cov,7,0.7780791735895398,0.05772298701506035
dis__endometriosis,tab_cov,7,0.7978581232391821,0.06436305260123187
dis__endometriosis,covariates,17,0.7805894676009535,0.05145712535780654
dis__endometriosis,lejepa_cov,17,0.7944827710756339,0.062097300884420295
dis__endometriosis,dino_cov,17,0.7681337137903633,0.06226883826763193
dis__endometriosis,tab_cov,17,0.8014303257964315,0.0649470808816751
dis__endometriosis,covariates,31,0.7890332659105685,0.05811736913804047
dis__endometriosis,lejepa_cov,31,0.8145615112331144,0.07092409908144935
dis__endometriosis,dino_cov,31,0.7931662211948276,0.06359421942247825
dis__endometriosis,tab_cov,31,0.792174745358665,0.060496596239462096
dis__endometriosis,covariates,137,0.8062495485082714,0.058620760155533115
dis__endometriosis,lejepa_cov,137,0.8095192516073105,0.0589470716092055
dis__endometriosis,dino_cov,137,0.7945044426786102,0.0509606289544402
dis__endometriosis,tab_cov,137,0.8133840208047388,0.06339851979699943
dis__endometriosis,covariates,256,0.7998374629776783,0.05558070425647596
dis__endometriosis,lejepa_cov,256,0.7975944520696381,0.05654533124895293
dis__endometriosis,dino_cov,256,0.798078451202774,0.05643197558406203
dis__endometriosis,tab_cov,256,0.8048165137614678,0.05939731343366891
dis__gallstone,covariates,42,0.6630326848520169,0.09602153598642238
dis__gallstone,lejepa_cov,42,0.674134971112913,0.09894948647268978
dis__gallstone,dino_cov,42,0.67015824548956,0.09368717479216226
dis__gallstone,tab_cov,42,0.6695097113825259,0.09712456212748143
dis__gallstone,covariates,73,0.6453995255169268,0.08996779838601678
dis__gallstone,lejepa_cov,73,0.6678277987532941,0.09530153524267115
dis__gallstone,dino_cov,73,0.6611381575613217,0.09136654968264306
dis__gallstone,tab_cov,73,0.6568842806101765,0.09681917759914034
dis__gallstone,covariates,99,0.6525931861950132,0.0899954838609393
dis__gallstone,lejepa_cov,99,0.6753188032130549,0.10457624044011904
dis__gallstone,dino_cov,99,0.6649478005270627,0.09374742152260684
dis__gallstone,tab_cov,99,0.6630489180012163,0.0923023760618844
dis__gallstone,covariates,123,0.6760180164200285,0.09390755063356127
dis__gallstone,lejepa_cov,123,0.6889498973748226,0.09929511905496752
dis__gallstone,dino_cov,123,0.6839508792823839,0.09419447311291955
dis__gallstone,tab_cov,123,0.6923857819785121,0.10403950936822431
dis__gallstone,covariates,2024,0.6778111855108453,0.09697290995691481
dis__gallstone,lejepa_cov,2024,0.6827044901682546,0.10177471447502609
dis__gallstone,dino_cov,2024,0.6768019587472127,0.10267448172846175
dis__gallstone,tab_cov,2024,0.6877288478106629,0.10991816412776315
dis__gallstone,covariates,7,0.6694174595834179,0.09451584133703786
dis__gallstone,lejepa_cov,7,0.6913840778937766,0.10720216689250515
dis__gallstone,dino_cov,7,0.6866535006588284,0.09612354844216214
dis__gallstone,tab_cov,7,0.680028792063653,0.09921167220694403
dis__gallstone,covariates,17,0.682934129839854,0.10290838855008931
dis__gallstone,lejepa_cov,17,0.6848710216906548,0.11915815872977699
dis__gallstone,dino_cov,17,0.6878943467464017,0.10533364541289869
dis__gallstone,tab_cov,17,0.6914458430468274,0.11291067231735027
dis__gallstone,covariates,31,0.6737711110125684,0.09260784769191932
dis__gallstone,lejepa_cov,31,0.6582462814210419,0.08652057303296778
dis__gallstone,dino_cov,31,0.656401245438881,0.08486344122816922
dis__gallstone,tab_cov,31,0.6760227675856477,0.10855534557912212
dis__gallstone,covariates,137,0.6819577653050882,0.0966054073041783
dis__gallstone,lejepa_cov,137,0.6917182432090005,0.11168845248136938
dis__gallstone,dino_cov,137,0.6921688120818974,0.10974215341652506
dis__gallstone,tab_cov,137,0.696696672917089,0.11264805886217498
dis__gallstone,covariates,256,0.6931796225674032,0.10843314448231633
dis__gallstone,lejepa_cov,256,0.7176398109669573,0.12436964769700226
dis__gallstone,dino_cov,256,0.7044529507905939,0.1182491955393451
dis__gallstone,tab_cov,256,0.709984099432394,0.12064412863555841
dis__gout,covariates,42,0.77740964582127,0.09007030965337089
dis__gout,lejepa_cov,42,0.7986368461686932,0.09667404289191754
dis__gout,dino_cov,42,0.794158946149392,0.09614608064296917
dis__gout,tab_cov,42,0.7907172843080486,0.10040940642899096
dis__gout,covariates,73,0.8006496091488129,0.11721014411435825
dis__gout,lejepa_cov,73,0.8161214051341441,0.11324651343381242
dis__gout,dino_cov,73,0.8135905230650454,0.11014802983322457
dis__gout,tab_cov,73,0.8122128932638486,0.12733690468966752
dis__gout,covariates,99,0.8141424194171009,0.11146599898364279
dis__gout,lejepa_cov,99,0.8297408801389694,0.11931499874835216
dis__gout,dino_cov,99,0.8241121405134144,0.12234462882714665
dis__gout,tab_cov,99,0.8232025670719938,0.11928855064110626
dis__gout,covariates,123,0.8033843611271955,0.12104520132816227
dis__gout,lejepa_cov,123,0.8161539760663965,0.11718837719172495
dis__gout,dino_cov,123,0.8060654313839027,0.10626268736764126
dis__gout,tab_cov,123,0.8157438235861804,0.13134222129130013
dis__gout,covariates,2024,0.809834612044007,0.10210758143356595
dis__gout,lejepa_cov,2024,0.8344395386990928,0.1179169087807115
dis__gout,dino_cov,2024,0.8330233063115228,0.12865572094736305
dis__gout,tab_cov,2024,0.8334889500096506,0.13105827759876765
dis__gout,covariates,7,0.8121230216174484,0.10956647036502627
dis__gout,lejepa_cov,7,0.8380319918934568,0.12363564215310782
dis__gout,dino_cov,7,0.8331161937849836,0.10960376322080922
dis__gout,tab_cov,7,0.8258215112912565,0.11528627292931944
dis__gout,covariates,17,0.7953574358232001,0.09497386690486116
dis__gout,lejepa_cov,17,0.8116652190696777,0.12240824432541794
dis__gout,dino_cov,17,0.8098907064273306,0.11361970388640022
dis__gout,tab_cov,17,0.8054236633854468,0.10433614283886355
dis__gout,covariates,31,0.7624746670526925,0.08462903684139977
dis__gout,lejepa_cov,31,0.7825926462072959,0.08977047311907242
dis__gout,dino_cov,31,0.7897630766261339,0.1014434719139341
dis__gout,tab_cov,31,0.777664784790581,0.09343237519018514
dis__gout,covariates,137,0.7905417631731326,0.10029871940101573
dis__gout,lejepa_cov,137,0.8124131441806601,0.11618672423410059
dis__gout,dino_cov,137,0.8136363636363637,0.10670423980281546
dis__gout,tab_cov,137,0.8101211156147462,0.12060058662188199
dis__gout,covariates,256,0.8000995222929935,0.12222887221696423
dis__gout,lejepa_cov,256,0.8175436691758348,0.14424501606591142
dis__gout,dino_cov,256,0.8119595637907739,0.12014582510895014
dis__gout,tab_cov,256,0.8033572186836518,0.11511883722149786
dis__heart_failure,covariates,42,0.7041374643276818,0.06901917944545996
dis__heart_failure,lejepa_cov,42,0.7173755665603492,0.06104262804149305
dis__heart_failure,dino_cov,42,0.726807747188182,0.06322182615124036
dis__heart_failure,tab_cov,42,0.706511247272117,0.05301106911936258
dis__heart_failure,covariates,73,0.7659633624307538,0.04671164300019265
dis__heart_failure,lejepa_cov,73,0.7811660651334565,0.0451002765907529
dis__heart_failure,dino_cov,73,0.7845969028034245,0.03522414065811729
dis__heart_failure,tab_cov,73,0.7739319288232333,0.04216606546717621
dis__heart_failure,covariates,99,0.76342957864697,0.04247414141387197
dis__heart_failure,lejepa_cov,99,0.7730506127245257,0.039803435941300244
dis__heart_failure,dino_cov,99,0.7836421436964915,0.03345693990947635
dis__heart_failure,tab_cov,99,0.7675581248950815,0.038128371167423826
dis__heart_failure,covariates,123,0.7679437006882659,0.048052696697479406
dis__heart_failure,lejepa_cov,123,0.781627706899446,0.04155826625438909
dis__heart_failure,dino_cov,123,0.7840670639583682,0.06403058114505951
dis__heart_failure,tab_cov,123,0.7777771948967601,0.038591552789415506
dis__heart_failure,covariates,2024,0.8284213949974819,0.04188553526904409
dis__heart_failure,lejepa_cov,2024,0.8309341950646298,0.06067326691112568
dis__heart_failure,dino_cov,2024,0.8476529712942756,0.04854775051323874
dis__heart_failure,tab_cov,2024,0.8340555229142186,0.04426689636568415
dis__heart_failure,covariates,7,0.7637679410777237,0.034618343962705515
dis__heart_failure,lejepa_cov,7,0.7659371327849589,0.030743496263114543
dis__heart_failure,dino_cov,7,0.7855254322645627,0.03808334522902069
dis__heart_failure,tab_cov,7,0.7681771445358402,0.04659018566715981
dis__heart_failure,covariates,17,0.791810055397012,0.0267914915761496
dis__heart_failure,lejepa_cov,17,0.7878651166694646,0.029695830722094682
dis__heart_failure,dino_cov,17,0.7813024592915898,0.02322766528555598
dis__heart_failure,tab_cov,17,0.8101550696659392,0.03488361940695606
dis__heart_failure,covariates,31,0.7504459039785127,0.03260841394257915
dis__heart_failure,lejepa_cov,31,0.760943008225617,0.033817165743041305
dis__heart_failure,dino_cov,31,0.7848644451905321,0.03341895818942014
dis__heart_failure,tab_cov,31,0.7701758435454088,0.03230996192345372
dis__heart_failure,covariates,137,0.8109472049689441,0.02919347966368918
dis__heart_failure,lejepa_cov,137,0.817488878630183,0.02851615621091972
dis__heart_failure,dino_cov,137,0.8194561020647977,0.02644238291910815
dis__heart_failure,tab_cov,137,0.815196407587712,0.042671190438453174
dis__heart_failure,covariates,256,0.8093524425046165,0.02792458681515655
dis__heart_failure,lejepa_cov,256,0.8099242487829444,0.03094245673529661
dis__heart_failure,dino_cov,256,0.7970245089810307,0.028274311324711237
dis__heart_failure,tab_cov,256,0.8327440406244755,0.04809966060701339
dis__hyperlipidemia,covariates,42,0.7058300185792485,0.38421915794835854
dis__hyperlipidemia,lejepa_cov,42,0.7299123824249452,0.4239359048413147
dis__hyperlipidemia,dino_cov,42,0.727051510655012,0.4266536434356898
dis__hyperlipidemia,tab_cov,42,0.7280203748269884,0.4234175086376861
dis__hyperlipidemia,covariates,73,0.7055202605251236,0.38581808581275967
dis__hyperlipidemia,lejepa_cov,73,0.7263039764579722,0.4253937754246001
dis__hyperlipidemia,dino_cov,73,0.725565378588559,0.4225080713628201
dis__hyperlipidemia,tab_cov,73,0.7285251734271025,0.4255121524596609
dis__hyperlipidemia,covariates,99,0.7120417014767801,0.4012331165806382
dis__hyperlipidemia,lejepa_cov,99,0.7379945633876579,0.43598431415042066
dis__hyperlipidemia,dino_cov,99,0.7361166876566455,0.4252765520079078
dis__hyperlipidemia,tab_cov,99,0.7391032914780686,0.4408191066126925
dis__hyperlipidemia,covariates,123,0.7086790445195373,0.40445588802867743
dis__hyperlipidemia,lejepa_cov,123,0.7342764276302938,0.4395468527401103
dis__hyperlipidemia,dino_cov,123,0.7290409865705699,0.4300503236444606
dis__hyperlipidemia,tab_cov,123,0.7297654525730388,0.429928064785902
dis__hyperlipidemia,covariates,2024,0.7217063398048972,0.4120476647704584
dis__hyperlipidemia,lejepa_cov,2024,0.7472341026887955,0.44969805298134047
dis__hyperlipidemia,dino_cov,2024,0.744320444239394,0.4450621144443513
dis__hyperlipidemia,tab_cov,2024,0.7462114127294869,0.4385251015671128
dis__hyperlipidemia,covariates,7,0.7190761499806726,0.3977030505796916
dis__hyperlipidemia,lejepa_cov,7,0.748076611344564,0.4390742415781512
dis__hyperlipidemia,dino_cov,7,0.7449399603476439,0.432701410698343
dis__hyperlipidemia,tab_cov,7,0.746326961523914,0.43817214849320124
dis__hyperlipidemia,covariates,17,0.7100921273031826,0.3953414224539875
dis__hyperlipidemia,lejepa_cov,17,0.7378796380579489,0.4421571721881906
dis__hyperlipidemia,dino_cov,17,0.7322528689768113,0.42412739559448787
dis__hyperlipidemia,tab_cov,17,0.7365560224613557,0.4375668148557443
dis__hyperlipidemia,covariates,31,0.7063462473658615,0.38823329519585703
dis__hyperlipidemia,lejepa_cov,31,0.7316869708343204,0.42382223441490874
dis__hyperlipidemia,dino_cov,31,0.7242469585312834,0.41897995018546763
dis__hyperlipidemia,tab_cov,31,0.7337151015624026,0.43226725916774295
dis__hyperlipidemia,covariates,137,0.7084830687764713,0.3987522199872636
dis__hyperlipidemia,lejepa_cov,137,0.7352617097065144,0.4455971975090129
dis__hyperlipidemia,dino_cov,137,0.7278971366343713,0.42692948258080093
dis__hyperlipidemia,tab_cov,137,0.7323640535182113,0.43793088257130386
dis__hyperlipidemia,covariates,256,0.7009753066407305,0.38058623479460507
dis__hyperlipidemia,lejepa_cov,256,0.732154777194492,0.42067388678573664
dis__hyperlipidemia,dino_cov,256,0.7282398344077708,0.41824309714196145
dis__hyperlipidemia,tab_cov,256,0.7277472972804468,0.41598602805557666
dis__hypertension,covariates,42,0.7151631303129693,0.5054094673156623
dis__hypertension,lejepa_cov,42,0.7411954497634305,0.5411379678021668
dis__hypertension,dino_cov,42,0.7326816887858723,0.5377847702953984
dis__hypertension,tab_cov,42,0.7381377673010818,0.5359820613059278
dis__hypertension,covariates,73,0.7267073232479508,0.5152535005943135
dis__hypertension,lejepa_cov,73,0.7483804409588801,0.5501020546185744
dis__hypertension,dino_cov,73,0.7465298679598761,0.5483167294590998
dis__hypertension,tab_cov,73,0.7485924674681714,0.554073183388503
dis__hypertension,covariates,99,0.721695955392154,0.5158103989025065
dis__hypertension,lejepa_cov,99,0.7401562385723689,0.5435937889252181
dis__hypertension,dino_cov,99,0.7369471839504019,0.5444250039231051
dis__hypertension,tab_cov,99,0.7385685010886136,0.5412437624224541
dis__hypertension,covariates,123,0.7123374287619059,0.4940752828180536
dis__hypertension,lejepa_cov,123,0.7344186887127353,0.5282473361214071
dis__hypertension,dino_cov,123,0.7271076419557916,0.5198880445745505
dis__hypertension,tab_cov,123,0.7331860868415575,0.5373130441998643
dis__hypertension,covariates,2024,0.7175284741405015,0.511091988580996
dis__hypertension,lejepa_cov,2024,0.744596312778131,0.5532834053624192
dis__hypertension,dino_cov,2024,0.7413758305250663,0.5458865011364937
dis__hypertension,tab_cov,2024,0.7404948480722816,0.5495003057038903
dis__hypertension,covariates,7,0.7187556259106942,0.5183834607551826
dis__hypertension,lejepa_cov,7,0.7439488056191597,0.5509718270014962
dis__hypertension,dino_cov,7,0.7455052489746778,0.561745508871242
dis__hypertension,tab_cov,7,0.7441246153283563,0.5591333012363392
dis__hypertension,covariates,17,0.7258785562787976,0.5235803630149345
dis__hypertension,lejepa_cov,17,0.7509906877113233,0.5593538480870656
dis__hypertension,dino_cov,17,0.7424102948539795,0.5494113117893847
dis__hypertension,tab_cov,17,0.7442911071229655,0.5573651763653964
dis__hypertension,covariates,31,0.7081711781782176,0.5108603989401621
dis__hypertension,lejepa_cov,31,0.7381644903768797,0.5514522043270677
dis__hypertension,dino_cov,31,0.7362996767914306,0.5463313842931165
dis__hypertension,tab_cov,31,0.7341231525915759,0.5414716667364219
dis__hypertension,covariates,137,0.7253354800870891,0.5223825666094909
dis__hypertension,lejepa_cov,137,0.7448807728876112,0.5469989956463231
dis__hypertension,dino_cov,137,0.7402583840134123,0.5459198552548776
dis__hypertension,tab_cov,137,0.7477459437183893,0.552417728906478
dis__hypertension,covariates,256,0.722754154031809,0.5208589804461881
dis__hypertension,lejepa_cov,256,0.7418028723087049,0.5516477617170528
dis__hypertension,dino_cov,256,0.7369466565212743,0.5530627255380377
dis__hypertension,tab_cov,256,0.7411620459186831,0.5478792666901089
dis__hyperthyroidism,covariates,42,0.6782660960080316,0.0246784887410821
dis__hyperthyroidism,lejepa_cov,42,0.6956487279067924,0.02740887289875996
dis__hyperthyroidism,dino_cov,42,0.663311405246889,0.024410128977585085
dis__hyperthyroidism,tab_cov,42,0.6730522311167472,0.025352086850837497
dis__hyperthyroidism,covariates,73,0.6535217035217036,0.022827697302222852
dis__hyperthyroidism,lejepa_cov,73,0.6551980132625294,0.02645497233947531
dis__hyperthyroidism,dino_cov,73,0.637903886290983,0.02223005399914118
dis__hyperthyroidism,tab_cov,73,0.6331114105307654,0.022177721632685186
dis__hyperthyroidism,covariates,99,0.6462827930569865,0.029080063135528432
dis__hyperthyroidism,lejepa_cov,99,0.6588359620617685,0.024626459884153216
dis__hyperthyroidism,dino_cov,99,0.6159599482180127,0.021040859590693142
dis__hyperthyroidism,tab_cov,99,0.6650841457293071,0.02835497374671282
dis__hyperthyroidism,covariates,123,0.6651607619349555,0.024201124545653818
dis__hyperthyroidism,lejepa_cov,123,0.6534067792132308,0.02154092470241974
dis__hyperthyroidism,dino_cov,123,0.6561755303690788,0.021636596685415718
dis__hyperthyroidism,tab_cov,123,0.6606060606060606,0.023811723466505078
dis__hyperthyroidism,covariates,2024,0.6419962484478614,0.0288310673324396
dis__hyperthyroidism,lejepa_cov,2024,0.6584925101054133,0.025163778237452396
dis__hyperthyroidism,dino_cov,2024,0.6669308604792477,0.026083469885947716
dis__hyperthyroidism,tab_cov,2024,0.6244669889831179,0.025149009935806665
dis__hyperthyroidism,covariates,7,0.651521756360466,0.026402834149937816
dis__hyperthyroidism,lejepa_cov,7,0.6847745105809621,0.027955911679945173
dis__hyperthyroidism,dino_cov,7,0.6472669150088504,0.025048348137121285
dis__hyperthyroidism,tab_cov,7,0.6885366304721143,0.02792411062654832
dis__hyperthyroidism,covariates,17,0.6176138014847693,0.02365493502535697
dis__hyperthyroidism,lejepa_cov,17,0.641724128820903,0.024222429051218016
dis__hyperthyroidism,dino_cov,17,0.6168053684182717,0.023002253689307375
dis__hyperthyroidism,tab_cov,17,0.6297006684103459,0.026274134051360663
dis__hyperthyroidism,covariates,31,0.6555652426620169,0.024175181617952284
dis__hyperthyroidism,lejepa_cov,31,0.6605717154104251,0.02279600864761614
dis__hyperthyroidism,dino_cov,31,0.6211275791920953,0.019201242487678502
dis__hyperthyroidism,tab_cov,31,0.5938072970331035,0.01747803867828568
dis__hyperthyroidism,covariates,137,0.6402050143985628,0.023712160635558473
dis__hyperthyroidism,lejepa_cov,137,0.6500409500409501,0.02553094942840404
dis__hyperthyroidism,dino_cov,137,0.6186494412300864,0.02110341112105782
dis__hyperthyroidism,tab_cov,137,0.6286306834693931,0.021217146505758955
dis__hyperthyroidism,covariates,256,0.6938654196718713,0.026658658343425963
dis__hyperthyroidism,lejepa_cov,256,0.6951494016010145,0.02977336413045583
dis__hyperthyroidism,dino_cov,256,0.6955113471242503,0.030318283744429686
dis__hyperthyroidism,tab_cov,256,0.7189796834958125,0.0345256308844966
dis__hypothyroidism,covariates,42,0.6908886133270534,0.12539673822331554
dis__hypothyroidism,lejepa_cov,42,0.6905203457851304,0.12532860341581634
dis__hypothyroidism,dino_cov,42,0.6812618360758687,0.11576023789488382
dis__hypothyroidism,tab_cov,42,0.6931445203261605,0.12930034615852437
dis__hypothyroidism,covariates,73,0.6682544179839667,0.12222484114772769
dis__hypothyroidism,lejepa_cov,73,0.6643662977245297,0.12335340564595754
dis__hypothyroidism,dino_cov,73,0.6591547447332529,0.11665444071076095
dis__hypothyroidism,tab_cov,73,0.6710742250743281,0.12575371820452055
dis__hypothyroidism,covariates,99,0.6710389621539941,0.11914831281871638
dis__hypothyroidism,lejepa_cov,99,0.6634120524368825,0.1107007075855734
dis__hypothyroidism,dino_cov,99,0.6619359159282918,0.11274776426881394
dis__hypothyroidism,tab_cov,99,0.6696195529520278,0.11791922031646626
dis__hypothyroidism,covariates,123,0.7037672451012138,0.12648186404376663
dis__hypothyroidism,lejepa_cov,123,0.6965401862372809,0.12121590919007491
dis__hypothyroidism,dino_cov,123,0.6906356402029181,0.12202713210298313
dis__hypothyroidism,tab_cov,123,0.6995286420770657,0.12555549364021124
dis__hypothyroidism,covariates,2024,0.6937789462580829,0.12656981742906895
dis__hypothyroidism,lejepa_cov,2024,0.6933953470116667,0.12534248119769226
dis__hypothyroidism,dino_cov,2024,0.6787590886344235,0.11351329225785553
dis__hypothyroidism,tab_cov,2024,0.6911090832376636,0.12447046177981402
dis__hypothyroidism,covariates,7,0.6869517382473287,0.12036697536539577
dis__hypothyroidism,lejepa_cov,7,0.6781157703138951,0.11186983117375113
dis__hypothyroidism,dino_cov,7,0.6772087466760864,0.11749053845485372
dis__hypothyroidism,tab_cov,7,0.687810926967119,0.12093320798748004
dis__hypothyroidism,covariates,17,0.6806166779508012,0.12614656490638904
dis__hypothyroidism,lejepa_cov,17,0.6707154631891908,0.1126347734833994
dis__hypothyroidism,dino_cov,17,0.6731464582536084,0.11019908468015557
dis__hypothyroidism,tab_cov,17,0.6797403177219785,0.12621618434844467
dis__hypothyroidism,covariates,31,0.6879896946415079,0.11543016327629886
dis__hypothyroidism,lejepa_cov,31,0.6828894498248507,0.11320618906906316
dis__hypothyroidism,dino_cov,31,0.6684255198061092,0.10941993878317466
dis__hypothyroidism,tab_cov,31,0.690430808630891,0.11636933190990924
dis__hypothyroidism,covariates,137,0.6708424097023932,0.11398715118597165
dis__hypothyroidism,lejepa_cov,137,0.6690087378450247,0.10954505447953619
dis__hypothyroidism,dino_cov,137,0.6651052858810946,0.10454301704159089
dis__hypothyroidism,tab_cov,137,0.6731808012716728,0.11762728407080053
dis__hypothyroidism,covariates,256,0.6964460495716935,0.12460350762517546
dis__hypothyroidism,lejepa_cov,256,0.6861998714589894,0.11977188125277825
dis__hypothyroidism,dino_cov,256,0.6850665518628634,0.11797121833714241
dis__hypothyroidism,tab_cov,256,0.6958195961261076,0.12181988601861399
dis__ibs,covariates,42,0.5999232452946615,0.1033570139548075
dis__ibs,lejepa_cov,42,0.6003496303584008,0.10412556135229886
dis__ibs,dino_cov,42,0.5830957335603072,0.0924573985111725
dis__ibs,tab_cov,42,0.6006198630173931,0.10615248424982836
dis__ibs,covariates,73,0.6015408655428008,0.1029987177821233
dis__ibs,lejepa_cov,73,0.605279083992194,0.0980758638729492
dis__ibs,dino_cov,73,0.5900991284592209,0.10248427686805218
dis__ibs,tab_cov,73,0.610809953623545,0.10254741080090395
dis__ibs,covariates,99,0.5834738435282785,0.09271209281277623
dis__ibs,lejepa_cov,99,0.6043481028157056,0.09831009087716587
dis__ibs,dino_cov,99,0.581189541510649,0.09046913824325475
dis__ibs,tab_cov,99,0.5926191423969691,0.0959725131748926
dis__ibs,covariates,123,0.5864118820383202,0.09602350658202777
dis__ibs,lejepa_cov,123,0.5935512023465472,0.09902101193862212
dis__ibs,dino_cov,123,0.5760810115439509,0.09509859697732856
dis__ibs,tab_cov,123,0.5810126227239236,0.0921271211331603
dis__ibs,covariates,2024,0.5955334478990355,0.09763083315013008
dis__ibs,lejepa_cov,2024,0.6003377638544131,0.10638285808744213
dis__ibs,dino_cov,2024,0.5893019151458663,0.09921249687326783
dis__ibs,tab_cov,2024,0.6123633868728418,0.10661325177316062
dis__ibs,covariates,7,0.590298162094287,0.09894988172629099
dis__ibs,lejepa_cov,7,0.5833832265887361,0.09364423766378656
dis__ibs,dino_cov,7,0.5721521199509374,0.09558671414835859
dis__ibs,tab_cov,7,0.5942022419062353,0.10152652263930792
dis__ibs,covariates,17,0.5741424563015991,0.09695575906268059
dis__ibs,lejepa_cov,17,0.5844080610240362,0.0963805582448118
dis__ibs,dino_cov,17,0.5742805392570921,0.08913102504001263
dis__ibs,tab_cov,17,0.5830288496287402,0.09564534847414188
dis__ibs,covariates,31,0.5928305819225679,0.10290259491590235
dis__ibs,lejepa_cov,31,0.5999704416173398,0.1025355776855468
dis__ibs,dino_cov,31,0.5870467400016612,0.09332771133990773
dis__ibs,tab_cov,31,0.5981721268766607,0.10692261076497589
dis__ibs,covariates,137,0.6135996608337406,0.10764123216538905
dis__ibs,lejepa_cov,137,0.6201866493199953,0.11054735221182176
dis__ibs,dino_cov,137,0.6140651514219847,0.1098904577878546
dis__ibs,tab_cov,137,0.6294899884463403,0.11292260080852173
dis__ibs,covariates,256,0.5826342883711497,0.09427895536707179
dis__ibs,lejepa_cov,256,0.5939659905995713,0.10349264223632848
dis__ibs,dino_cov,256,0.5862355026381396,0.09872145707079295
dis__ibs,tab_cov,256,0.592921738248655,0.10066790820258292
dis__ischemic_heart_disease,covariates,42,0.7232349217634255,0.13107602379957708
dis__ischemic_heart_disease,lejepa_cov,42,0.7333950744323248,0.14022008624842006
dis__ischemic_heart_disease,dino_cov,42,0.7234753378610139,0.14969977386928254
dis__ischemic_heart_disease,tab_cov,42,0.7326691487835756,0.1351774198178705
dis__ischemic_heart_disease,covariates,73,0.7237304096740195,0.13404963054676675
dis__ischemic_heart_disease,lejepa_cov,73,0.7304265125010134,0.14423920363119044
dis__ischemic_heart_disease,dino_cov,73,0.7176548360742641,0.1423957716618201
dis__ischemic_heart_disease,tab_cov,73,0.729805983273775,0.14156621584242782
dis__ischemic_heart_disease,covariates,99,0.7193520926490673,0.13975325304591138
dis__ischemic_heart_disease,lejepa_cov,99,0.7279306753478393,0.14892936901897347
dis__ischemic_heart_disease,dino_cov,99,0.7264975334742775,0.15287531863710627
dis__ischemic_heart_disease,tab_cov,99,0.7294399022120776,0.1471405758523283
dis__ischemic_heart_disease,covariates,123,0.7459391195345095,0.15869234730185658
dis__ischemic_heart_disease,lejepa_cov,123,0.7584975085283789,0.1714255057411355
dis__ischemic_heart_disease,dino_cov,123,0.7389767192401479,0.16807624849779387
dis__ischemic_heart_disease,tab_cov,123,0.7537478094382808,0.1715190993445632
dis__ischemic_heart_disease,covariates,2024,0.7400559411775712,0.15215646599789853
dis__ischemic_heart_disease,lejepa_cov,2024,0.7480015216998135,0.16193759794270984
dis__ischemic_heart_disease,dino_cov,2024,0.7437894067241669,0.16771632509676046
dis__ischemic_heart_disease,tab_cov,2024,0.7518026529963142,0.16762426019478438
dis__ischemic_heart_disease,covariates,7,0.742944988057151,0.13831995257679508
dis__ischemic_heart_disease,lejepa_cov,7,0.7496423381790742,0.1474692046643556
dis__ischemic_heart_disease,dino_cov,7,0.7427597647601765,0.15623262800044269
dis__ischemic_heart_disease,tab_cov,7,0.7492930955989199,0.15015168928974337
dis__ischemic_heart_disease,covariates,17,0.7198475805596612,0.132254152310894
dis__ischemic_heart_disease,lejepa_cov,17,0.7317829457364341,0.14923860237741965
dis__ischemic_heart_disease,dino_cov,17,0.7167156229926348,0.14768024769460528
dis__ischemic_heart_disease,tab_cov,17,0.7295951904307533,0.14225479876038669
dis__ischemic_heart_disease,covariates,31,0.7435991942474758,0.1419268146710043
dis__ischemic_heart_disease,lejepa_cov,31,0.7542373726979614,0.15446539082165642
dis__ischemic_heart_disease,dino_cov,31,0.7547712149276257,0.1639942396967186
dis__ischemic_heart_disease,tab_cov,31,0.7518151259456056,0.1508609170630112
dis__ischemic_heart_disease,covariates,137,0.7311814377568648,0.14374200208406632
dis__ischemic_heart_disease,lejepa_cov,137,0.7356183776434857,0.14827704635470218
dis__ischemic_heart_disease,dino_cov,137,0.7288904687957991,0.14853519049165564
dis__ischemic_heart_disease,tab_cov,137,0.7313226939075879,0.1516449499738995
dis__ischemic_heart_disease,covariates,256,0.7444457956806176,0.16119262209451182
dis__ischemic_heart_disease,lejepa_cov,256,0.7518294698372905,0.17193423695120894
dis__ischemic_heart_disease,dino_cov,256,0.7478449861862088,0.17670861199531085
dis__ischemic_heart_disease,tab_cov,256,0.7543614785434088,0.1743246877332581
dis__kidney_stones,covariates,42,0.6744171825161278,0.04079907116984036
dis__kidney_stones,lejepa_cov,42,0.6790247672969922,0.04627713968301336
dis__kidney_stones,dino_cov,42,0.6877458302621537,0.05099687974512941
dis__kidney_stones,tab_cov,42,0.6999647765594526,0.051655351347991894
dis__kidney_stones,covariates,73,0.6189484172281761,0.03556188305309087
dis__kidney_stones,lejepa_cov,73,0.6582771823856706,0.04658961211431436
dis__kidney_stones,dino_cov,73,0.6382797263008213,0.056357669962587176
dis__kidney_stones,tab_cov,73,0.6479009438577494,0.04001072796209572
dis__kidney_stones,covariates,99,0.6583481184812174,0.04163028464880234
dis__kidney_stones,lejepa_cov,99,0.6692698311231711,0.04535294584223664
dis__kidney_stones,dino_cov,99,0.6336925254554587,0.04289221483316979
dis__kidney_stones,tab_cov,99,0.6824003470161181,0.04778578202374797
dis__kidney_stones,covariates,123,0.6417841324923194,0.03666518919618746
dis__kidney_stones,lejepa_cov,123,0.657266139184773,0.04053065841856525
dis__kidney_stones,dino_cov,123,0.6195558585061348,0.03853736858732182
dis__kidney_stones,tab_cov,123,0.6525598961560789,0.042364881613389915
dis__kidney_stones,covariates,2024,0.6090206252812982,0.03293034998974734
dis__kidney_stones,lejepa_cov,2024,0.6271207446496246,0.03929712758874172
dis__kidney_stones,dino_cov,2024,0.5932964574350813,0.038320953385635355
dis__kidney_stones,tab_cov,2024,0.6176854285844743,0.0348189521234702
dis__kidney_stones,covariates,7,0.635116139510916,0.039112140504693645
dis__kidney_stones,lejepa_cov,7,0.6586636618027879,0.04393309464752165
dis__kidney_stones,dino_cov,7,0.6396707260594754,0.06734402595250424
dis__kidney_stones,tab_cov,7,0.6558572015628772,0.0452909496651761
dis__kidney_stones,covariates,17,0.6196463631797635,0.035217040436859075
dis__kidney_stones,lejepa_cov,17,0.6523071353558546,0.040276343751114475
dis__kidney_stones,dino_cov,17,0.6325412407783075,0.03673078088761442
dis__kidney_stones,tab_cov,17,0.6495707958540706,0.04106035359984243
dis__kidney_stones,covariates,31,0.5936821214947785,0.03198375707846998
dis__kidney_stones,lejepa_cov,31,0.6440948554208223,0.03957082405246491
dis__kidney_stones,dino_cov,31,0.611443052176352,0.03820102252133717
dis__kidney_stones,tab_cov,31,0.6257737741916547,0.038322010790485195
dis__kidney_stones,covariates,137,0.6004593723704723,0.03279273406232346
dis__kidney_stones,lejepa_cov,137,0.642588074908517,0.039456342407754766
dis__kidney_stones,dino_cov,137,0.6157514007840477,0.03918436023472485
dis__kidney_stones,tab_cov,137,0.6246045516512617,0.03796432195091028
dis__kidney_stones,covariates,256,0.6496547776683387,0.03933792025868813
dis__kidney_stones,lejepa_cov,256,0.6607542382278696,0.04451732575120021
dis__kidney_stones,dino_cov,256,0.6546586261553614,0.04911499638628332
dis__kidney_stones,tab_cov,256,0.6765868486109571,0.044998170281081405
dis__liver_disease,covariates,42,0.6977043715432987,0.030014314956793645
dis__liver_disease,lejepa_cov,42,0.7328818616794979,0.046406008832108624
dis__liver_disease,dino_cov,42,0.7078799675966129,0.034757216325137064
dis__liver_disease,tab_cov,42,0.7127200778613765,0.034086999754246075
dis__liver_disease,covariates,73,0.6530171283372284,0.025448165483723632
dis__liver_disease,lejepa_cov,73,0.6745324529247554,0.02499420203812843
dis__liver_disease,dino_cov,73,0.6488574309242542,0.019428323613323306
dis__liver_disease,tab_cov,73,0.667932302563714,0.024812024502833485
dis__liver_disease,covariates,99,0.6296645433511863,0.02297425113866562
dis__liver_disease,lejepa_cov,99,0.6291531409722182,0.01958131742546359
dis__liver_disease,dino_cov,99,0.6440843420538852,0.021642491612162806
dis__liver_disease,tab_cov,99,0.6447225022874693,0.023059045270350447
dis__liver_disease,covariates,123,0.6859872834189069,0.024574186244479043
dis__liver_disease,lejepa_cov,123,0.7138827533554406,0.024982199239216123
dis__liver_disease,dino_cov,123,0.6896705461369451,0.025030507493695363
dis__liver_disease,tab_cov,123,0.6908215657363319,0.022871124859437052
dis__liver_disease,covariates,2024,0.71042969455728,0.0376133460308166
dis__liver_disease,lejepa_cov,2024,0.7041005437474867,0.05139888274730285
dis__liver_disease,dino_cov,2024,0.6896384924265824,0.043498986916872845
dis__liver_disease,tab_cov,2024,0.6907924259996386,0.03823352356352486
dis__liver_disease,covariates,7,0.7552028999865957,0.03730701283732531
dis__liver_disease,lejepa_cov,7,0.7281175147301369,0.035700272352204306
dis__liver_disease,dino_cov,7,0.7213716656856288,0.03326695994798438
dis__liver_disease,tab_cov,7,0.7133815498843152,0.03790372070679649
dis__liver_disease,covariates,17,0.7135636732386486,0.028604492405688246
dis__liver_disease,lejepa_cov,17,0.7458199047713405,0.051481150637770846
dis__liver_disease,dino_cov,17,0.7080926876744742,0.037352927120430195
dis__liver_disease,tab_cov,17,0.7271384195772408,0.0284741205832595
dis__liver_disease,covariates,31,0.6342059713148432,0.02470579967631107
dis__liver_disease,lejepa_cov,31,0.6468438751187444,0.024612434275035015
dis__liver_disease,dino_cov,31,0.6281886156876687,0.023229727264784596
dis__liver_disease,tab_cov,31,0.6521851888546336,0.02627026977033967
dis__liver_disease,covariates,137,0.6738534970598006,0.029191927214743202
dis__liver_disease,lejepa_cov,137,0.6691998811098744,0.04493527731902165
dis__liver_disease,dino_cov,137,0.641552098935234,0.038330775727104305
dis__liver_disease,tab_cov,137,0.6758116873655929,0.027737120377550994
dis__liver_disease,covariates,256,0.6800136373967725,0.02726701013972911
dis__liver_disease,lejepa_cov,256,0.6816075809938982,0.029557925468131567
dis__liver_disease,dino_cov,256,0.7140488498545927,0.028636151535805524
dis__liver_disease,tab_cov,256,0.6871674427549873,0.027173307048694133
dis__osteoarthritis,covariates,42,0.6525121550287709,0.2640160471356291
dis__osteoarthritis,lejepa_cov,42,0.6902608583231964,0.3565976216211061
dis__osteoarthritis,dino_cov,42,0.7047365747099542,0.3977353502546462
dis__osteoarthritis,tab_cov,42,0.6797726217626435,0.31366235907894163
dis__osteoarthritis,covariates,73,0.6494470203150986,0.26519306867409503
dis__osteoarthritis,lejepa_cov,73,0.6904008261306006,0.3465223387038172
dis__osteoarthritis,dino_cov,73,0.6954490161919247,0.3835599110530743
dis__osteoarthritis,tab_cov,73,0.6787987236218113,0.31202157344118236
dis__osteoarthritis,covariates,99,0.654389833849665,0.26637227481171166
dis__osteoarthritis,lejepa_cov,99,0.7083233833317574,0.37543327999346493
dis__osteoarthritis,dino_cov,99,0.7123661557841697,0.4122245445248265
dis__osteoarthritis,tab_cov,99,0.6910531188513664,0.3303951008497364
dis__osteoarthritis,covariates,123,0.6523401335250145,0.2570292438598335
dis__osteoarthritis,lejepa_cov,123,0.6925243835139292,0.3478602226578161
dis__osteoarthritis,dino_cov,123,0.6955598685584758,0.3839944236419638
dis__osteoarthritis,tab_cov,123,0.6718270446652232,0.3060792846015875
dis__osteoarthritis,covariates,2024,0.6428076313440274,0.2610288872587753
dis__osteoarthritis,lejepa_cov,2024,0.7002813780311443,0.3551193213038016
dis__osteoarthritis,dino_cov,2024,0.6895118702851016,0.38531056819670534
dis__osteoarthritis,tab_cov,2024,0.6720100178485666,0.3097401672178158
dis__osteoarthritis,covariates,7,0.6254310554374021,0.24754531907503496
dis__osteoarthritis,lejepa_cov,7,0.6705275343922805,0.3391350459974558
dis__osteoarthritis,dino_cov,7,0.673232599250264,0.37780594600991524
dis__osteoarthritis,tab_cov,7,0.6496843512251724,0.2980083483732333
dis__osteoarthritis,covariates,17,0.6385736051700476,0.2631924662844921
dis__osteoarthritis,lejepa_cov,17,0.6883274862048905,0.3694875582922131
dis__osteoarthritis,dino_cov,17,0.6879289519135791,0.401004016170195
dis__osteoarthritis,tab_cov,17,0.6606253462466991,0.31932272772895665
dis__osteoarthritis,covariates,31,0.6358199255392634,0.25470206580692956
dis__osteoarthritis,lejepa_cov,31,0.6659681632003266,0.3392935500227617
dis__osteoarthritis,dino_cov,31,0.6885900594008416,0.386647833678673
dis__osteoarthritis,tab_cov,31,0.6636792621666483,0.3052606356769134
dis__osteoarthritis,covariates,137,0.6631367533558884,0.2744346136946852
dis__osteoarthritis,lejepa_cov,137,0.715999976493956,0.39608485193903403
dis__osteoarthritis,dino_cov,137,0.7059572863126977,0.42649363967949366
dis__osteoarthritis,tab_cov,137,0.684603915145318,0.3462472260999733
dis__osteoarthritis,covariates,256,0.660629219401675,0.27617124770727947
dis__osteoarthritis,lejepa_cov,256,0.7062281400468733,0.39903090724147117
dis__osteoarthritis,dino_cov,256,0.7107597313686554,0.42404645697821763
dis__osteoarthritis,tab_cov,256,0.6943957851526211,0.3538539290604777
dis__osteoporosis,covariates,42,0.7729421867911076,0.12557950115362063
dis__osteoporosis,lejepa_cov,42,0.8247099617603214,0.16453123384534982
dis__osteoporosis,dino_cov,42,0.8193445243804955,0.13887018023119485
dis__osteoporosis,tab_cov,42,0.8286808391124939,0.16276743246557693
dis__osteoporosis,covariates,73,0.7801110462980967,0.11501444640378246
dis__osteoporosis,lejepa_cov,73,0.8288029036230475,0.1839396930677864
dis__osteoporosis,dino_cov,73,0.8279949013761964,0.15419102139988297
dis__osteoporosis,tab_cov,73,0.8461900749670535,0.16222983419766052
dis__osteoporosis,covariates,99,0.7897698057770002,0.12747307901581703
dis__osteoporosis,lejepa_cov,99,0.8445805517747964,0.17563462100909388
dis__osteoporosis,dino_cov,99,0.8400036727374857,0.16510880965370933
dis__osteoporosis,tab_cov,99,0.852590360144317,0.17482092123551304
dis__osteoporosis,covariates,123,0.788696610279344,0.12538381823903338
dis__osteoporosis,lejepa_cov,123,0.844054486140817,0.21515872972160716
dis__osteoporosis,dino_cov,123,0.832001425886318,0.1967619516351192
dis__osteoporosis,tab_cov,123,0.8463488668524638,0.18611578190271305
dis__osteoporosis,covariates,2024,0.8092833841035281,0.13811444816316767
dis__osteoporosis,lejepa_cov,2024,0.8461263421695076,0.18517492577822484
dis__osteoporosis,dino_cov,2024,0.8426826106682221,0.18202853948993897
dis__osteoporosis,tab_cov,2024,0.8508587724415063,0.19905160838966807
dis__osteoporosis,covariates,7,0.7776395100136108,0.13382636360710007
dis__osteoporosis,lejepa_cov,7,0.8353933069760409,0.18078512807385905
dis__osteoporosis,dino_cov,7,0.8225862553200682,0.15847161699459805
dis__osteoporosis,tab_cov,7,0.8526173655670058,0.1868813248752072
dis__osteoporosis,covariates,17,0.7579628189340419,0.1125443437780374
dis__osteoporosis,lejepa_cov,17,0.8135264761164043,0.17230768787140946
dis__osteoporosis,dino_cov,17,0.7892594032881802,0.13905549562416109
dis__osteoporosis,tab_cov,17,0.8248244647525224,0.16403700080967432
dis__osteoporosis,covariates,31,0.7952027567135481,0.12543210372812058
dis__osteoporosis,lejepa_cov,31,0.835276643550025,0.1914426384274603
dis__osteoporosis,dino_cov,31,0.8357249335666601,0.16298809846336354
dis__osteoporosis,tab_cov,31,0.8503705143992916,0.1975869819636073
dis__osteoporosis,covariates,137,0.7966912956121589,0.1380214964956598
dis__osteoporosis,lejepa_cov,137,0.853563635578024,0.19377357368462994
dis__osteoporosis,dino_cov,137,0.8475176615464386,0.18807650450977437
dis__osteoporosis,tab_cov,137,0.86054615766846,0.1911898467958932
dis__osteoporosis,covariates,256,0.787391168146564,0.12082818793790441
dis__osteoporosis,lejepa_cov,256,0.8395759068420939,0.19075221979435683
dis__osteoporosis,dino_cov,256,0.8391351783438115,0.16070526748947606
dis__osteoporosis,tab_cov,256,0.8480275239268045,0.1744865080254882
dis__pcos,covariates,42,0.817649911565014,0.03874585922691077
dis__pcos,lejepa_cov,42,0.8199292520111827,0.055218975155177555
dis__pcos,dino_cov,42,0.7976265190848405,0.032871576631714194
dis__pcos,tab_cov,42,0.8136361042962288,0.05743194377088048
dis__pcos,covariates,73,0.7863153990985337,0.039308897418530955
dis__pcos,lejepa_cov,73,0.7887373766189307,0.050151445551575635
dis__pcos,dino_cov,73,0.7851372168654076,0.026940393652502146
dis__pcos,tab_cov,73,0.7999201232384322,0.05565864176452955
dis__pcos,covariates,99,0.8609716437496433,0.07070421615581628
dis__pcos,lejepa_cov,99,0.85892052262224,0.04857890494202822
dis__pcos,dino_cov,99,0.8256176185314086,0.025863806967899333
dis__pcos,tab_cov,99,0.8599874479374678,0.05246835770247147
dis__pcos,covariates,123,0.8132196040394819,0.027929294795551434
dis__pcos,lejepa_cov,123,0.825629029497347,0.021210349698834254
dis__pcos,dino_cov,123,0.8101785816169338,0.022432206886473023
dis__pcos,tab_cov,123,0.8164374964340732,0.0356815145430361
dis__pcos,covariates,2024,0.8626576139670222,0.11216185266768745
dis__pcos,lejepa_cov,2024,0.8593256119130486,0.06146912192788212
dis__pcos,dino_cov,2024,0.8463056997774862,0.031501111070554005
dis__pcos,tab_cov,2024,0.8514748673475209,0.07957460037814475
dis__pcos,covariates,7,0.8259085981628345,0.044659749500450895
dis__pcos,lejepa_cov,7,0.8284475380840989,0.028603597171197936
dis__pcos,dino_cov,7,0.849209790608775,0.029882265061095887
dis__pcos,tab_cov,7,0.82725509214355,0.045543117919293136
dis__pcos,covariates,17,0.8381582700975637,0.0591247055831803
dis__pcos,lejepa_cov,17,0.8461117133565357,0.03714972067103116
dis__pcos,dino_cov,17,0.8210817595709478,0.026204906895706294
dis__pcos,tab_cov,17,0.8377018314600331,0.05389017283074476
dis__pcos,covariates,31,0.80977634506761,0.056924535655082494
dis__pcos,lejepa_cov,31,0.8356592685570834,0.042156066789218356
dis__pcos,dino_cov,31,0.8329605751126833,0.06819116467738434
dis__pcos,tab_cov,31,0.8168368802419125,0.06856088321819531
dis__pcos,covariates,137,0.8221629485935985,0.07174540879610826
dis__pcos,lejepa_cov,137,0.8167570034803446,0.057314484618203744
dis__pcos,dino_cov,137,0.8202715809893307,0.029289686836732016
dis__pcos,tab_cov,137,0.82738631825184,0.057558210597789754
dis__pcos,covariates,256,0.8166001026986933,0.055203723149246806
dis__pcos,lejepa_cov,256,0.8292577166657158,0.028053852775639144
dis__pcos,dino_cov,256,0.8195583956181891,0.027717851822369775
dis__pcos,tab_cov,256,0.8199634849089975,0.030770907827197595
dis__psoriasis,covariates,42,0.5466311194024831,0.03948029245559456
dis__psoriasis,lejepa_cov,42,0.5300260774610464,0.039220593364292775
dis__psoriasis,dino_cov,42,0.5710336136903307,0.04414019153001934
dis__psoriasis,tab_cov,42,0.5354131024106517,0.03852412461011159
dis__psoriasis,covariates,73,0.5619395756302428,0.04082495778631033
dis__psoriasis,lejepa_cov,73,0.5674123669500133,0.05482092777729358
dis__psoriasis,dino_cov,73,0.5406454115552526,0.03945397669647579
dis__psoriasis,tab_cov,73,0.5691994466107149,0.04279335849768873
dis__psoriasis,covariates,99,0.5084858255657778,0.036713460258926855
dis__psoriasis,lejepa_cov,99,0.5145432856704015,0.04184679618422783
dis__psoriasis,dino_cov,99,0.5141576172869126,0.03541884549928414
dis__psoriasis,tab_cov,99,0.5187845167597578,0.03692777971707506
dis__psoriasis,covariates,123,0.5636386466627352,0.04462128169314332
dis__psoriasis,lejepa_cov,123,0.5778568049168235,0.05152285036473171
dis__psoriasis,dino_cov,123,0.5484686498691642,0.04177273060385635
dis__psoriasis,tab_cov,123,0.5832640101888205,0.043997643512482795
dis__psoriasis,covariates,2024,0.529881451817238,0.03602571950948934
dis__psoriasis,lejepa_cov,2024,0.5703396348258551,0.04124702554744769
dis__psoriasis,dino_cov,2024,0.555584455770339,0.03994229549040197
dis__psoriasis,tab_cov,2024,0.5493162234096224,0.040500497205151954
dis__psoriasis,covariates,7,0.5387215541538951,0.042029471436525336
dis__psoriasis,lejepa_cov,7,0.5686635469383088,0.04355794688082992
dis__psoriasis,dino_cov,7,0.5513006217781554,0.040567050241807096
dis__psoriasis,tab_cov,7,0.5445446982929689,0.0389289692945254
dis__psoriasis,covariates,17,0.5711726336890302,0.045647862747806627
dis__psoriasis,lejepa_cov,17,0.500433876931425,0.03539170675013714
dis__psoriasis,dino_cov,17,0.5164929290392597,0.03508497810209662
dis__psoriasis,tab_cov,17,0.5292368026297202,0.03866018962230872
dis__psoriasis,covariates,31,0.5435906174954426,0.04061364446407724
dis__psoriasis,lejepa_cov,31,0.5701041977312833,0.04378062603543439
dis__psoriasis,dino_cov,31,0.5456086497346289,0.053317414640577813
dis__psoriasis,tab_cov,31,0.5391800959237991,0.039189907000634565
dis__psoriasis,covariates,137,0.5553843342399529,0.047306298802644975
dis__psoriasis,lejepa_cov,137,0.5699023945073647,0.04474355461779227
dis__psoriasis,dino_cov,137,0.5739664872112813,0.043052805030248414
dis__psoriasis,tab_cov,137,0.5719888156168789,0.04402336074339132
dis__psoriasis,covariates,256,0.5378117579527286,0.03774694029095087
dis__psoriasis,lejepa_cov,256,0.5302077003625731,0.04496924824729064
dis__psoriasis,dino_cov,256,0.5317044076066362,0.04158250799075635
dis__psoriasis,tab_cov,256,0.5621026999029102,0.04053098041382848
dis__renal_failure,covariates,42,0.6901253430665195,0.056823686932315626
dis__renal_failure,lejepa_cov,42,0.685652038593215,0.05543791604729058
dis__renal_failure,dino_cov,42,0.6865447188976601,0.051767878155833995
dis__renal_failure,tab_cov,42,0.6987394957983193,0.058714169590080134
dis__renal_failure,covariates,73,0.7110955493308434,0.06588701850544491
dis__renal_failure,lejepa_cov,73,0.7052330022918258,0.0746669778424465
dis__renal_failure,dino_cov,73,0.6935998641880995,0.06465100822042993
dis__renal_failure,tab_cov,73,0.6955903573550632,0.06079073617789118
dis__renal_failure,covariates,99,0.6894250629544747,0.06518145079271426
dis__renal_failure,lejepa_cov,99,0.6904478963302493,0.06024511100455108
dis__renal_failure,dino_cov,99,0.6646507087683559,0.06095204985993541
dis__renal_failure,tab_cov,99,0.6991030755736638,0.05610035104501927
dis__renal_failure,covariates,123,0.6888747418159183,0.060842132851310016
dis__renal_failure,lejepa_cov,123,0.7129261805732394,0.07378818003998255
dis__renal_failure,dino_cov,123,0.7148148148148147,0.0707670161574754
dis__renal_failure,tab_cov,123,0.7038593215063803,0.06675839838029175
dis__renal_failure,covariates,2024,0.6621056503409444,0.05327505486231454
dis__renal_failure,lejepa_cov,2024,0.6916673740203152,0.061022076595493295
dis__renal_failure,dino_cov,2024,0.6714695979401861,0.054463255580737405
dis__renal_failure,tab_cov,2024,0.6735463882522705,0.06233633285551112
dis__renal_failure,covariates,7,0.692894632600515,0.059750973652672276
dis__renal_failure,lejepa_cov,7,0.7000693206575559,0.07230997749601553
dis__renal_failure,dino_cov,7,0.6923025775966953,0.067828107149355
dis__renal_failure,tab_cov,7,0.7005333446509917,0.06434072808156552
dis__renal_failure,covariates,17,0.684101519395637,0.06297071171425549
dis__renal_failure,lejepa_cov,17,0.6952593158475512,0.06819832219533434
dis__renal_failure,dino_cov,17,0.6885762385762385,0.07529814791651629
dis__renal_failure,tab_cov,17,0.7024347112582406,0.0648683097624747
dis__renal_failure,covariates,31,0.693046713634949,0.0643466243910346
dis__renal_failure,lejepa_cov,31,0.7128313951843365,0.07329336052229636
dis__renal_failure,dino_cov,31,0.7096652802535155,0.05843646360042455
dis__renal_failure,tab_cov,31,0.7091206179441474,0.07154725133125445
dis__renal_failure,covariates,137,0.6955486234898,0.0584030332020624
dis__renal_failure,lejepa_cov,137,0.7117321676145206,0.06485333137285045
dis__renal_failure,dino_cov,137,0.6950372068019127,0.06538988950260476
dis__renal_failure,tab_cov,137,0.7109795433324845,0.06233004443418101
dis__renal_failure,covariates,256,0.664022578728461,0.06810460559309302
dis__renal_failure,lejepa_cov,256,0.6869012251365192,0.08042436395298702
dis__renal_failure,dino_cov,256,0.675553857906799,0.062465974026310156
dis__renal_failure,tab_cov,256,0.6843179696120872,0.07241480028467215
dis__rheumatoid_arthritis,covariates,42,0.6198696627184203,0.02380335494795202
dis__rheumatoid_arthritis,lejepa_cov,42,0.6091813032724791,0.02766216057508755
dis__rheumatoid_arthritis,dino_cov,42,0.5933456747387484,0.026211775816264635
dis__rheumatoid_arthritis,tab_cov,42,0.6119505942436876,0.026354412849592994
dis__rheumatoid_arthritis,covariates,73,0.5951266499104495,0.02166754380281997
dis__rheumatoid_arthritis,lejepa_cov,73,0.6113761670404206,0.024513310586514497
dis__rheumatoid_arthritis,dino_cov,73,0.5821531237301145,0.024502346184659126
dis__rheumatoid_arthritis,tab_cov,73,0.6113510828830727,0.025094658901685635
dis__rheumatoid_arthritis,covariates,99,0.6028613498286752,0.025674367743697718
dis__rheumatoid_arthritis,lejepa_cov,99,0.619668989459637,0.03647480725991534
dis__rheumatoid_arthritis,dino_cov,99,0.5882510823813896,0.026582690452284934
dis__rheumatoid_arthritis,tab_cov,99,0.630372399399987,0.025306953869935353
dis__rheumatoid_arthritis,covariates,123,0.5500290976225235,0.019277237609019643
dis__rheumatoid_arthritis,lejepa_cov,123,0.6008207536284235,0.021048762878354277
dis__rheumatoid_arthritis,dino_cov,123,0.5924326114112848,0.02037928926295961
dis__rheumatoid_arthritis,tab_cov,123,0.5620306127056274,0.020196109153558864
dis__rheumatoid_arthritis,covariates,2024,0.5912323344821877,0.02080258013196439
dis__rheumatoid_arthritis,lejepa_cov,2024,0.5852184077580282,0.028228400246633943
dis__rheumatoid_arthritis,dino_cov,2024,0.5893021085742667,0.03318685690255045
dis__rheumatoid_arthritis,tab_cov,2024,0.5655699873074164,0.021909196132780945
dis__rheumatoid_arthritis,covariates,7,0.6229098625889861,0.025532804686404096
dis__rheumatoid_arthritis,lejepa_cov,7,0.6469555358226851,0.02747298003082322
dis__rheumatoid_arthritis,dino_cov,7,0.578907233769296,0.021799818100610678
dis__rheumatoid_arthritis,tab_cov,7,0.6460775903155085,0.03096002497269604
dis__rheumatoid_arthritis,covariates,17,0.562781883218197,0.019050502530166682
dis__rheumatoid_arthritis,lejepa_cov,17,0.590134902598217,0.019785134629653096
dis__rheumatoid_arthritis,dino_cov,17,0.569638637629246,0.019793258052690103
dis__rheumatoid_arthritis,tab_cov,17,0.5705567177881794,0.019158567718843843
dis__rheumatoid_arthritis,covariates,31,0.6472904093232796,0.02898593741382014
dis__rheumatoid_arthritis,lejepa_cov,31,0.6303523320741086,0.025945902189009072
dis__rheumatoid_arthritis,dino_cov,31,0.5802492361874088,0.024024173308384272
dis__rheumatoid_arthritis,tab_cov,31,0.6378524951211314,0.0286864142004924
dis__rheumatoid_arthritis,covariates,137,0.5562825780493557,0.020016771301554586
dis__rheumatoid_arthritis,lejepa_cov,137,0.5808637980424324,0.023446808086426813
dis__rheumatoid_arthritis,dino_cov,137,0.5900195154744168,0.025095602845627736
dis__rheumatoid_arthritis,tab_cov,137,0.5596451093418419,0.01893094048551198
dis__rheumatoid_arthritis,covariates,256,0.5869366725363595,0.0198936189588366
dis__rheumatoid_arthritis,lejepa_cov,256,0.5671678481304777,0.02022394645923906
dis__rheumatoid_arthritis,dino_cov,256,0.5398712681044906,0.01655395776724841
dis__rheumatoid_arthritis,tab_cov,256,0.5732407226244048,0.01991869693401336
dis__sleep_disorders,covariates,42,0.6375294848869257,0.060318918992094364
dis__sleep_disorders,lejepa_cov,42,0.6554866088941192,0.06723254130454931
dis__sleep_disorders,dino_cov,42,0.6360151207160943,0.07229649862555104
dis__sleep_disorders,tab_cov,42,0.648487928390571,0.06868259490408146
dis__sleep_disorders,covariates,73,0.5871128755342943,0.06931211940265805
dis__sleep_disorders,lejepa_cov,73,0.6144090031433564,0.07011940044181166
dis__sleep_disorders,dino_cov,73,0.5951744129769164,0.06606722829000342
dis__sleep_disorders,tab_cov,73,0.6254693382648877,0.08180826901903239
dis__sleep_disorders,covariates,99,0.6179605628492972,0.08725933334203344
dis__sleep_disorders,lejepa_cov,99,0.6591228660074279,0.0748669995559314
dis__sleep_disorders,dino_cov,99,0.6334168844599999,0.09203372729720245
dis__sleep_disorders,tab_cov,99,0.6292355071910011,0.09825468588437677
dis__sleep_disorders,covariates,123,0.6530271999673947,0.0736717430958585
dis__sleep_disorders,lejepa_cov,123,0.6843958081788402,0.09414278210300127
dis__sleep_disorders,dino_cov,123,0.655598689673794,0.08287188662646604
dis__sleep_disorders,tab_cov,123,0.6666959605068089,0.08697235909619756
dis__sleep_disorders,covariates,2024,0.60191135938702,0.07395468503568144
dis__sleep_disorders,lejepa_cov,2024,0.6303257475023818,0.07881436637806101
dis__sleep_disorders,dino_cov,2024,0.6236200054002556,0.08175390474170222
dis__sleep_disorders,tab_cov,2024,0.6101244606112477,0.07924973966037212
dis__sleep_disorders,covariates,7,0.6307817124924218,0.07012515687275238
dis__sleep_disorders,lejepa_cov,7,0.6536551070626175,0.08209062604133441
dis__sleep_disorders,dino_cov,7,0.61572467865931,0.07651434448066399
dis__sleep_disorders,tab_cov,7,0.6408702563083648,0.08109810415650945
dis__sleep_disorders,covariates,17,0.6661113573491877,0.07682519419103928
dis__sleep_disorders,lejepa_cov,17,0.6632800440171789,0.0885571088692407
dis__sleep_disorders,dino_cov,17,0.6506836927560156,0.08923485585106453
dis__sleep_disorders,tab_cov,17,0.6331787128031912,0.09809670624496424
dis__sleep_disorders,covariates,31,0.6000410113761991,0.06465155199879033
dis__sleep_disorders,lejepa_cov,31,0.6249738902729167,0.06586941607223742
dis__sleep_disorders,dino_cov,31,0.6326055724525821,0.06671921207275348
dis__sleep_disorders,tab_cov,31,0.6081261112554576,0.07308199696586475
dis__sleep_disorders,covariates,137,0.5915661760585265,0.053855577824851945
dis__sleep_disorders,lejepa_cov,137,0.6309893166638646,0.061675803351874475
dis__sleep_disorders,dino_cov,137,0.6261914951066551,0.06333136846512515
dis__sleep_disorders,tab_cov,137,0.5988781732870745,0.062314103493308994
dis__sleep_disorders,covariates,256,0.6082120823080489,0.07515192869070629
dis__sleep_disorders,lejepa_cov,256,0.6200397886767844,0.1075663692211181
dis__sleep_disorders,dino_cov,256,0.6199200660257683,0.10435044322905558
dis__sleep_disorders,tab_cov,256,0.6311128602505515,0.1251694402917435
dis__stroke,covariates,42,0.6617831278136621,0.030448378134671838
dis__stroke,lejepa_cov,42,0.6703831473869643,0.034491433330272846
dis__stroke,dino_cov,42,0.6536357408494813,0.03707975174486311
dis__stroke,tab_cov,42,0.666820806420043,0.031251747291658
dis__stroke,covariates,73,0.7476242904678019,0.049104911782648406
dis__stroke,lejepa_cov,73,0.753525641025641,0.04423361137714234
dis__stroke,dino_cov,73,0.7131483656292817,0.04608434250214391
dis__stroke,tab_cov,73,0.7562805832844001,0.04659930664100078
dis__stroke,covariates,99,0.685964719123116,0.03228637358609984
dis__stroke,lejepa_cov,99,0.6927994715208456,0.03347530619233384
dis__stroke,dino_cov,99,0.7073644548835388,0.03633490342315169
dis__stroke,tab_cov,99,0.6815154629085927,0.030472512348867033
dis__stroke,covariates,123,0.6839572323350949,0.03357397723213316
dis__stroke,lejepa_cov,123,0.6702314542963397,0.03287998560001553
dis__stroke,dino_cov,123,0.6854692699158348,0.050037798616344525
dis__stroke,tab_cov,123,0.6906586416128401,0.0346098826344332
dis__stroke,covariates,2024,0.6682667841064788,0.030132222771187926
dis__stroke,lejepa_cov,2024,0.6604545899393228,0.03234108368812234
dis__stroke,dino_cov,2024,0.6556468976316304,0.03550088375258216
dis__stroke,tab_cov,2024,0.6708235466823254,0.03597379645584395
dis__stroke,covariates,7,0.696065766294774,0.05029372329006306
dis__stroke,lejepa_cov,7,0.6939347230377764,0.03610197325482932
dis__stroke,dino_cov,7,0.7012355646897632,0.036994882344502454
dis__stroke,tab_cov,7,0.6989944216089254,0.05764605307075877
dis__stroke,covariates,17,0.6959801330984536,0.04233828175780237
dis__stroke,lejepa_cov,17,0.6919064396163632,0.03243097123535959
dis__stroke,dino_cov,17,0.6752324329614408,0.04922886425417897
dis__stroke,tab_cov,17,0.6914807202975142,0.035735812581581525
dis__stroke,covariates,31,0.671462125660599,0.03796830806104926
dis__stroke,lejepa_cov,31,0.6678826580544138,0.03044644266552702
dis__stroke,dino_cov,31,0.6523169896261498,0.035701366876669915
dis__stroke,tab_cov,31,0.6734708357799961,0.03930347320604467
dis__stroke,covariates,137,0.7001088764924642,0.03301132642872448
dis__stroke,lejepa_cov,137,0.7029629085926796,0.03091528228360514
dis__stroke,dino_cov,137,0.6778038755137992,0.031248229889614176
dis__stroke,tab_cov,137,0.7032736347621844,0.03559271809944519
dis__stroke,covariates,256,0.6772827363476218,0.04620307372198418
dis__stroke,lejepa_cov,256,0.6792302798982188,0.04042255234948105
dis__stroke,dino_cov,256,0.6546241926012918,0.0333786600860045
dis__stroke,tab_cov,256,0.6843022117831278,0.038699838771845435
