Phenotype,Mean_Q1,Mean_Q4,Median_Q1,Median_Q4,Median_Diff,Mean_Diff,Cohens_d,N_Q1,N_Q4,P_Value,Adjusted_P_Value
body_total_bmc,-0.8941177568660658,-6.621797829741603,0.0,-5.0,-5.0,-5.727680072875538,-0.2556067497900762,305,268,5.078935838193616e-06,0.0009599188734185935
body_trunk_bmc,-1.2168255025620218,-3.9463807698679725,0.0,-3.537001588999999,-3.537001588999999,-2.7295552673059507,-0.16592964272575703,305,268,0.0001166421335775406,0.011022681623077587
body_trunk_left_bmc,-0.32065727859956283,-2.4717957796594527,0.0,-2.1200489070833344,-2.1200489070833344,-2.15113850105989,-0.21348420411612734,305,268,0.00035202532366005785,0.018852061388773305
femur_left_upper_neck_bmc,-0.004001492802741227,-0.017621733328258147,-0.004746948000000029,-0.012945234666666684,-0.008198286666666655,-0.01362024052551692,-0.22385451597032044,304,266,0.0004977823643662392,0.018852061388773305
femur_left_upper_neck_bmd,-0.0032871351065789484,-0.006130701163408522,-0.0015287632083333439,-0.004599419166666674,-0.00307065595833333,-0.0028435660568295732,-0.20785569207901664,304,266,0.0004987317827717805,0.018852061388773305
body_trunk_bmd,-0.00019021973306010854,-0.0020647669490049757,0.0,-0.0017914163749999934,-0.0017914163749999934,-0.0018745472159448673,-0.1433763929767309,305,268,0.0020736550234216646,0.06413298976213518
body_total_area,0.5222484788022405,-4.071010439814615,0.0,-1.7252857615499806,-1.7252857615499806,-4.593258918616856,-0.21837728349553098,305,268,0.0024040910178078677,0.06413298976213518
body_pelvis_bmc,-0.2684091256280877,-2.1668069428531096,0.0,-1.209472966416667,-1.209472966416667,-1.898397817225022,-0.31224324015188565,305,268,0.0033697643383748233,0.06413298976213518
body_trunk_left_bmd,-0.0006879383577595642,-0.003162079102611942,0.0,-0.0025364648749999913,-0.0025364648749999913,-0.002474140744852378,-0.17334712648236442,305,268,0.0036855981096145696,0.06413298976213518
body_pelvis_bmd,-0.000861637401912567,-0.004006275391977613,0.0,-0.002563986000000004,-0.002563986000000004,-0.003144637990065046,-0.23916524707596282,305,268,0.003958784807034878,0.06413298976213518
body_legs_bmc,-0.5685510026123498,-2.2517178962631847,0.0,-1.1558537732499967,-1.1558537732499967,-1.683166893650835,-0.24950315892855207,305,268,0.004170712827790286,0.06413298976213518
body_trunk_left_area,-0.09414087948224076,-1.4868590359282958,0.0,-0.9558573051499962,-0.9558573051499962,-1.3927181564460551,-0.17905507258320014,305,268,0.004578201871925112,0.06413298976213518
body_trunk_area,-1.1936041263191264,-2.7829850114235706,0.0,-2.2735170576500083,-2.2735170576500083,-1.5893808851044442,-0.14755696232028606,305,268,0.004657920672906294,0.06413298976213518
spine_l3_average_height,-0.005600336300548247,-0.017319017618539326,0.0,0.0,0.0,-0.01171868131799108,-0.1617395228772841,304,267,0.004750591834232235,0.06413298976213518
femur_upper_neck_mean_bmc,-0.006908352589713974,-0.016451214136716793,-0.0073111120000000085,-0.012147915333333259,-0.0048368033333332505,-0.009542861547002818,-0.24154195482123422,303,266,0.0067390425096587395,0.08223884979110255
femur_left_shaft_bmc,-0.023411532016885988,-0.0641625454518797,-0.0011326409999998788,-0.031932627583333,-0.03079998658333312,-0.04075101343499371,-0.2606014645119132,304,266,0.006962019029934607,0.08223884979110255
femur_upper_neck_mean_bmd,-0.003982199715786578,-0.0063952057480576455,-0.0026590666666666727,-0.005171123083333331,-0.0025120564166666586,-0.0024130060322710674,-0.21745333746948536,303,266,0.0076879013197753785,0.08455222658413596
spine_l3_area,-0.00842470828432017,-0.07128090112752809,0.0,-0.00482039700000018,-0.00482039700000018,-0.06285619284320793,-0.18691633169896485,304,267,0.008052593008012948,0.08455222658413596
body_ribs_bmc,-0.8499654027274316,-1.0025979467871267,0.0,-1.6507890741666658,-1.6507890741666658,-0.15263254405969506,-0.011658089359907487,305,268,0.010419992389101095,0.103651503238953
femur_left_neck_bmd,-0.0027981382169407895,-0.005277772752819549,-0.0019824581666666634,-0.0035073035416666593,-0.0015248453749999958,-0.0024796345358787594,-0.21044879634116156,304,266,0.011381213673652312,0.10755246921601436
body_leg_left_bmd,0.00046813670617486215,-0.0016164703172885572,0.0,-0.0015388497916666763,-0.0015388497916666763,-0.002084607023463419,-0.18412009581860916,305,268,0.01449912749240219,0.1256381426438475
body_leg_left_bmc,-0.24315159761825142,-1.0839536387715798,-0.040481257833334894,-0.479557499000002,-0.4390762411666671,-0.8408020411533284,-0.211110183974473,305,268,0.015124408018248148,0.1256381426438475
body_leg_right_bmc,-0.34518082576775977,-1.1774657500284202,0.0,-0.5861997844166684,-0.5861997844166684,-0.8322849242606605,-0.22052399209881265,305,268,0.0161183678567598,0.1256381426438475
femur_upper_neck_mean_area,0.002904744470242021,-0.0025608201597117778,0.0,-0.001187803250000008,-0.001187803250000008,-0.005465564629953798,-0.13697191314183552,303,266,0.016418953676926234,0.1256381426438475
femur_left_neck_bmc,-0.017070732295065782,-0.03355324437506265,-0.01243146974999998,-0.02157527937499998,-0.009143809624999999,-0.016482512079996868,-0.2052256069751481,304,266,0.016618801937016866,0.1256381426438475
femur_left_shaft_area,0.012743290953179826,-0.013276285850626573,0.0,0.0,0.0,-0.0260195768038064,-0.19643952502531878,304,266,0.020257012469686975,0.14547351313729398
body_comp_arm_left_lean_mass,0.0100320129089212,0.0016427302448271104,0.0028573283209999967,0.0,-0.0028573283209999967,-0.00838928266409409,-0.088456452784983,305,268,0.021352129708144492,0.14547351313729398
femur_shaft_mean_area,0.0163824133728823,-0.0020464338823934607,0.008145317000000318,0.0,-0.008145317000000318,-0.01842884725527576,-0.1588522454224551,303,266,0.02244028394627535,0.14547351313729398
spine_l1_bmd,-0.0022670321660635978,-0.0059064192578027475,0.0,-0.003875209799999979,-0.003875209799999979,-0.0036393870917391497,-0.20500494376255782,304,267,0.02338631005076569,0.14547351313729398
femur_shaft_mean_bmc,-0.0302584751879538,-0.06484909106541353,-0.015020117749999784,-0.047726849333333224,-0.03270673158333344,-0.034590615877459735,-0.2485003438714704,303,266,0.024024188653687443,0.14547351313729398
body_ribs_bmd,-0.0007138806564480873,-0.0013283515017412945,0.0,-0.002319250750000003,-0.002319250750000003,-0.0006144708452932073,-0.0256463237664366,305,268,0.02445849956989423,0.14547351313729398
body_trunk_right_bmd,0.0003660112715300536,-0.000970705445584575,0.0,-0.0006033881499999967,-0.0006033881499999967,-0.0013367167171146285,-0.09013766774929571,305,268,0.024630436086737605,0.14547351313729398
spine_l2_l3_average_height,-0.00527382200197368,-0.02278127993345817,0.0,0.0,0.0,-0.01750745793148449,-0.17268141835281098,304,267,0.03178005855323396,0.1808052252750939
body_arm_left_area,0.9876405223971587,-0.10640035250621874,0.6685967105000022,0.0,-0.6685967105000022,-1.0940408749033774,-0.10721054561710082,305,268,0.03252580772144546,0.1808052252750939
femur_wards_mean_area,-0.002356205778767877,-0.008512359430952377,0.0,-0.003461011649999968,-0.003461011649999968,-0.0061561536521845,-0.12735616682141576,303,266,0.03629964890723648,0.196018104099077
body_arms_bmc,1.331727264201967,0.12528794934738824,0.0,0.0,0.0,-1.206439314854579,-0.14705269947456945,305,268,0.04160676311459906,0.21843550635164508
spine_l1_bmc,-0.0204611491051535,-0.06213679198177281,0.0,-0.017174558749999846,-0.017174558749999846,-0.04167564287661932,-0.1421665743526327,304,267,0.04591314378075768,0.2260414755503104
body_arms_area,2.1900819393695072,-0.3407563133134954,0.766130230249999,0.0,-0.766130230249999,-2.5308382526830027,-0.13965835779951086,305,268,0.047314116208274394,0.2260414755503104
spine_l2_l3_area,0.013137198308278496,-0.08041850221935076,0.0,0.0,0.0,-0.09355570052762927,-0.20498673249731533,304,267,0.04751582718783212,0.2260414755503104
femur_right_shaft_bmc,-0.03681259944385966,-0.06576771291523097,-0.01592474874999983,-0.046257620800000156,-0.030332872050000327,-0.028955113471371308,-0.19200607430108052,304,267,0.04783946572493342,0.2260414755503104
femur_neck_mean_bmd,-0.00350871077018702,-0.005496402246177945,-0.0027576872500000016,-0.004075587749999998,-0.0013179004999999966,-0.0019876914759909253,-0.21098587946378689,303,266,0.04939646160882363,0.2277056400992114
body_spine_bmc,-0.0933690070037159,-0.7734311041034828,0.0,-0.5208499033000009,-0.5208499033000009,-0.680062097099767,-0.1241250743709528,305,268,0.05812217992195706,0.2580501037360633
femur_left_upper_neck_area,0.0054879213199013135,-0.005087186954448622,0.0,-0.0020013981500000442,-0.0020013981500000442,-0.010575108274349935,-0.15343979277176836,304,266,0.058709811961114924,0.2580501037360633
body_total_right_bmc,0.8088924196737163,-2.46851027751312,0.0,-0.34314757016665476,-0.34314757016665476,-3.277402697186836,-0.14975555590146342,305,268,0.060311367210128315,0.2590647364253239
body_arm_right_bmc,0.7921742964250273,0.029719257629166967,0.006967872800004216,0.0,-0.006967872800004216,-0.7624550387958604,-0.20106115735246616,305,268,0.06348570866950444,0.26663997641191867
body_arm_left_bmc,0.5237606180423497,0.09967316932294772,0.009622918250002499,0.0,-0.009622918250002499,-0.424087448719402,-0.07401797270667955,305,268,0.06724117739605082,0.2701339926953001
hand_grip_right,0.12095631844359027,-0.3444444827091546,-0.16666666666666666,-0.5625004768371582,-0.3958338101704916,-0.4654008011527449,-0.14142123854098504,305,270,0.06742567944939093,0.2701339926953001
spine_l2_l4_bmc,-1.5541162893183866,-1.8652145006354837,-0.29899818140000034,-1.0394973606333342,-0.7404991792333339,-0.31109821131709703,-0.13337414850570287,281,248,0.06956594962145453,0.2701339926953001
femur_neck_mean_bmc,-0.01751138772975798,-0.03086354003038845,-0.014907745499999958,-0.019436967999999943,-0.004529222499999985,-0.013352152300630471,-0.21261274829835716,303,266,0.07003473884692965,0.2701339926953001
spine_l1_l2_bmc,-0.033109889694353065,-0.12665266448913856,0.0,-0.03479470959999986,-0.03479470959999986,-0.0935427747947855,-0.16953338562252113,304,267,0.07800557923726743,0.2840263814241245
spine_l1_l3_average_height,-0.005895635209594298,-0.024201468423220945,0.0,0.0,0.0,-0.018305833213626645,-0.16374576720797734,304,267,0.07813522396554619,0.2840263814241245
femur_neck_mean_area,-0.001503973474532446,-0.0058113359937343395,0.0,-0.0022179596500000896,-0.0022179596500000896,-0.004307362519201894,-0.0913532752930706,303,266,0.07814482451880674,0.2840263814241245
spine_l4_average_width,0.007581855348190786,-0.006138839466416979,0.00016925230000000013,0.0,-0.00016925230000000013,-0.013720694814607765,-0.1647198298957862,304,267,0.080160351602608,0.28585483873382855
body_total_right_area,0.6613759009385239,-1.7324719994475752,0.0,-0.6547733619583294,-0.6547733619583294,-2.393847900386099,-0.17405059374125703,305,268,0.08267267007078073,0.28935434524773257
spine_l3_bmc,-0.033836531152521894,-0.11043256516317103,-0.004325632000000024,-0.04053859849999997,-0.03621296649999994,-0.07659603401064913,-0.16227315098112063,304,267,0.0873427402740643,0.2895269204061491
femur_left_lower_neck_bmd,-0.0016777998909539497,-0.004468967512092732,-0.0009664644999999953,-0.0029142965833333367,-0.0019478320833333416,-0.002791167621138782,-0.19414883592151672,304,266,0.08922264332431357,0.2895269204061491
body_total_left_area,-0.146067312857323,-2.3252299826468903,0.0,-0.6071121247500031,-0.6071121247500031,-2.179162669789567,-0.152169081160809,305,268,0.08943277176571897,0.2895269204061491
femur_right_total_bmc,-0.1622064849857457,-0.19070172222290885,-0.11461935416666691,-0.18265005750000007,-0.06803070333333316,-0.028495237237163157,-0.0770795164530454,304,267,0.0897211505141978,0.2895269204061491
femur_left_wards_bmc,-0.01771012236047149,-0.029275299113471178,-0.010695881749999997,-0.013581604125000007,-0.0028857223750000105,-0.011565176752999687,-0.17061618119009575,304,266,0.09038141959768675,0.2895269204061491
body_pelvis_area,-0.04519905768382504,-1.0054720520082707,0.0,-0.34406054616666637,-0.34406054616666637,-0.9602729943244457,-0.18048595404526455,305,268,0.09403969289369762,0.29248899286679186
body_total_left_bmc,-1.705687772161967,-4.152105960194777,0.0,-3.1362079489166774,-3.1362079489166774,-2.4464181880328097,-0.10648042557668845,305,268,0.09440120933795927,0.29248899286679186
spine_l2_l4_average_width,0.006345863547587719,-0.0009560030624843973,0.0,0.0,0.0,-0.007301866610072117,-0.1613719890035274,304,267,0.09993209607307094,0.30463171222274854
body_comp_arm_right_lean_mass,0.01503747219527388,0.00583686858167674,0.0024999999999999467,0.0,-0.0024999999999999467,-0.00920060361359714,-0.12091820583911375,305,268,0.10285414800532117,0.3085624440159635
spine_l1_l3_area,-1.1992902645215302,-1.3545486530583333,-0.0551955305000007,-0.25637479930000007,-0.20117926879999937,-0.15525838853680307,-0.09350776684332267,281,248,0.1061206300916533,0.31338748573941366
femur_wards_mean_bmc,-0.017167672200110007,-0.026195971572932335,-0.01149623900000002,-0.01663774262499995,-0.005141503624999932,-0.009028299372822329,-0.1647951758421463,303,266,0.10962065051289337,0.3187431222605669
body_arm_right_area,1.2053922366324044,-0.2172539707606343,0.3619426157499994,0.0,-0.3619426157499994,-1.4226462073930386,-0.15809013811295436,305,268,0.11541887526271309,0.3237561876133451
spine_l3_l4_average_width,0.006312108049451751,-0.00338025536498127,0.0003510148749999997,0.0,-0.0003510148749999997,-0.009692363414433022,-0.16322416126637151,304,267,0.11635588664434118,0.3237561876133451
spine_l1_l2_bmd,-0.0025926058281798264,-0.005436328069538077,-0.0009685048749999795,-0.002455381166666659,-0.0014868762916666798,-0.002843722241358251,-0.1660701753204912,304,267,0.11844857541998281,0.3237561876133451
femur_right_total_area,-0.043727269850932005,-0.04852799443982521,0.0,-0.03891623950000067,-0.03891623950000067,-0.004800724588893204,-0.01983101959739025,304,267,0.11936687956497848,0.3237561876133451
femur_shaft_mean_bmd,-0.003682130282563259,-0.004463164763721805,-0.0017348752499999898,-0.003499047416666623,-0.0017641721666666332,-0.0007810344811585461,-0.07192303665921133,303,266,0.12070673590619002,0.3237561876133451
body_legs_bmd,-0.00017811816846994625,-0.0014283712047263683,0.0,-0.0004321585250000204,-0.0004321585250000204,-0.0012502530362564221,-0.12401881981496338,305,268,0.12228235981665905,0.3237561876133451
body_comp_leg_right_lean_mass,0.005772410261480228,-0.021035123534134004,0.0,0.0,0.0,-0.026807533795614232,-0.20440857694451206,305,268,0.12427373900039787,0.3237561876133451
femur_left_wards_bmd,-0.005911164724561404,-0.008046232654511277,-0.003930418500000005,-0.005263354333333326,-0.0013329358333333211,-0.0021350679299498732,-0.15557448579715105,304,266,0.12853827533750023,0.3237561876133451
femur_lower_neck_mean_bmd,-0.002761637054840484,-0.00457836097506266,-0.002171526499999993,-0.002793026749999983,-0.00062150024999999,-0.001816723920222176,-0.1725580331046719,303,266,0.12887261437251268,0.3237561876133451
spine_l2_l3_bmc,-0.038048560196710476,-0.17549496686154809,-0.004999999999999597,-0.04815599166666651,-0.043155991666666914,-0.1374464066648376,-0.1849088419909312,304,267,0.12899544502751706,0.3237561876133451
femur_left_wards_area,-0.00452798979703947,-0.013106322879197994,0.0,-0.003419267166666684,-0.003419267166666684,-0.008578333082158524,-0.12707044465994938,304,266,0.13190708460053066,0.3237561876133451
body_comp_leg_left_lean_mass,-0.002587899509002404,-0.020322385255314122,0.0,-0.007750000000000146,-0.007750000000000146,-0.01773448574631172,-0.12746505506735598,305,268,0.1330519240854502,0.3237561876133451
femur_wards_diff_bmd,0.0013350333936743674,0.00014408648878446104,0.0,0.0,0.0,-0.0011909469048899063,-0.11451593563840917,303,266,0.1341071906741611,0.3237561876133451
body_leg_right_area,-0.06426430430180338,-0.6800289850717662,0.0,-0.3055906497499947,-0.3055906497499947,-0.6157646807699628,-0.17128384126249024,305,268,0.13532666043097494,0.3237561876133451
spine_l2_l4_area,-1.3167210992753857,-1.522960477545363,-0.14193433450000015,-0.441750293083332,-0.2998159585833319,-0.20623937826997718,-0.11295036930865039,281,248,0.14341241540172897,0.3388118313865847
femur_wards_mean_bmd,-0.0065566908451595175,-0.008066176564285715,-0.004386852999999968,-0.005435396999999995,-0.0010485440000000262,-0.0015094857191261975,-0.12359607687418425,303,266,0.14819927710399436,0.34579831324265353
femur_right_neck_bmd,-0.004196035245120615,-0.0057200940423220974,-0.0032236029999999916,-0.004274302500000021,-0.0010506995000000297,-0.0015240587972014828,-0.14591916984059933,304,267,0.15589308580338457,0.35931455142487423
body_trunk_right_bmc,-0.9012501911626233,-1.472408373289552,0.0,-1.2936114084999986,-1.2936114084999986,-0.5711581821269288,-0.059818088009804184,305,268,0.16015652335509045,0.3644552047195933
femur_left_lower_neck_bmc,-0.013079712803947369,-0.015948587733709278,-0.007294688750000056,-0.009132722833333329,-0.0018380340833332731,-0.0028688749297619085,-0.04338173330334396,304,266,0.16198009098648591,0.3644552047195933
femur_right_upper_neck_bmd,-0.004643116114802631,-0.006646315657990014,-0.0034247177500000003,-0.004777273999999998,-0.0013525562499999977,-0.002003199543187383,-0.16132038260845785,304,267,0.1684220084732172,0.374491289428683
spine_l1_l4_bmc,-1.6242152797438905,-1.8931409046680108,-0.3560727932499983,-1.08804051645,-0.7319677232000017,-0.2689256249241203,-0.11186349888166555,281,248,0.17225650065420306,0.3785637049260974
femur_right_shaft_area,0.019872090084046033,0.008473617513358277,0.01362736199999981,0.002769948399999933,-0.010857413599999876,-0.011398472570687756,-0.08522907044803515,304,267,0.1823585959207501,0.3832954123717568
femur_left_total_bmd,-0.002827110479605266,-0.003665967341666667,-0.001725958374999989,-0.002866671799999998,-0.001140713425000009,-0.0008388568620614012,-0.0877129623668028,304,266,0.1828254972600445,0.3832954123717568
femur_left_troch_area,-0.03292796815115133,0.03939823829241855,0.0,0.0,0.0,0.07232620644356988,0.24602913243317576,304,266,0.18316104263358468,0.3832954123717568
spine_l2_bmc,-0.00360276481847587,-0.06513855650218481,0.0,-0.008471696333333037,-0.008471696333333037,-0.061535791683708936,-0.15521758615530934,304,267,0.18438682708384568,0.3832954123717568
body_legs_area,-0.37746821154901583,-1.1302424154366917,0.0,-0.5,-0.5,-0.7527742038876759,-0.11785571690868044,305,268,0.18454964299380883,0.3832954123717568
femur_right_upper_neck_bmc,-0.009827328489089912,-0.015359543763358302,-0.007167845999999978,-0.013012145599999992,-0.005844299600000014,-0.005532215274268389,-0.15809360263263192,304,267,0.19257646533988626,0.3881047929844245
femur_upper_neck_diff_bmc,0.006577863667106711,-0.0021556086044486208,0.0,0.0,0.0,-0.008733472271555331,-0.15239936930083886,303,266,0.19531629111257642,0.3881047929844245
spine_l1_l4_area,-1.3409241918406287,-1.4989416390069892,-0.14193433450000015,-0.5666403015833327,-0.4247059670833325,-0.15801744716636046,-0.08570041906577573,281,248,0.19636475160835576,0.3881047929844245
femur_total_mean_bmc,-0.13522131435764578,-0.1440867306592732,-0.0655032904999997,-0.12000794887499966,-0.05450465837499996,-0.008865416301627405,-0.025836520906155465,303,266,0.19673178524006096,0.3881047929844245
femur_right_total_bmd,-0.00401406958618421,-0.004738395792696632,-0.0023587663750000015,-0.0037567288333333337,-0.0013979624583333322,-0.0007243262065124217,-0.08144435007544948,304,267,0.1971325932619299,0.3881047929844245
spine_l1_l2_average_height,-0.0014815185109100923,-0.007885927082958806,0.0,0.0,0.0,-0.006404408572048713,-0.08683172850855067,304,267,0.20689858984105425,0.39904009011055747
spine_l1_l4_average_width,0.004858403756359646,-4.382287084893505e-05,0.0008553603500000229,0.00030801049999995556,-0.0005473498500000673,-0.004902226627208581,-0.14888401859421774,304,267,0.20948223771312158,0.39904009011055747
femur_total_mean_bmd,-0.0034226381967546724,-0.0042159442209899756,-0.0022401045000000064,-0.0026089728749999945,-0.00036886837499998815,-0.0007933060242353031,-0.0936860501383951,303,266,0.21018256720625184,0.39904009011055747
femur_right_neck_bmc,-0.01784451207582236,-0.028196904942009975,-0.015621624583333419,-0.019138533833333343,-0.003516909249999924,-0.010352392866187617,-0.15230181470846504,304,267,0.21747205035494144,0.39904009011055747
femur_left_neck_area,-0.004046651546326757,-0.010191010614035085,0.0,-0.0029982601666666735,-0.0029982601666666735,-0.006144359067708328,-0.10338463228141782,304,266,0.21753480178364448,0.39904009011055747
body_leg_left_area,-0.315498989214973,-0.46339750996660445,0.0,-0.19190024337500233,-0.19190024337500233,-0.14789852075163146,-0.038587895106239625,305,268,0.21969549972457159,0.39904009011055747
femur_right_wards_area,-0.00022210021759868772,-0.003919950067852683,0.0,-0.0001956059999999038,-0.0001956059999999038,-0.0036978498502539953,-0.06582628500584436,304,267,0.22014085170060116,0.39904009011055747
femur_right_wards_bmc,-0.01637905315476974,-0.02300634447141074,-0.010308952000000093,-0.016472789749999994,-0.006163837749999901,-0.006627291316640999,-0.10658575448450434,304,267,0.2228330685550005,0.39904009011055747
femur_right_shaft_bmd,-0.004531390113377194,-0.00541842206891386,-0.002713896800000004,-0.004421090833333308,-0.0017071940333333036,-0.0008870319555366662,-0.07545282155746387,304,267,0.22302626755759136,0.39904009011055747
femur_right_wards_bmd,-0.007165495325712718,-0.008066384709051187,-0.004794513000000014,-0.006177251499999981,-0.0013827384999999665,-0.0009008893833384688,-0.06580677961538633,304,267,0.22380026217840787,0.39904009011055747
femur_right_lower_neck_bmd,-0.0038062529302631577,-0.004713330883333335,-0.0025740269999999926,-0.003194841833333332,-0.0006208148333333393,-0.0009070779530701775,-0.0767832790265441,304,267,0.2320433498520723,0.40987096375739873
spine_l1_l4_average_height,-0.008939622787828947,-0.030933411466042466,0.0,0.0,0.0,-0.02199378867821352,-0.1647265221839633,304,267,0.2350709413231774,0.4113741473155605
spine_l3_l4_area,-0.0035661912395832996,-0.1223084534616729,0.0,-0.004824706249999977,-0.004824706249999977,-0.11874226222208961,-0.1887179908007404,304,267,0.23823500545115162,0.4130863855987858
spine_l2_l4_average_height,-0.009032244478453941,-0.02941168942771537,0.0,0.0,0.0,-0.02037944494926143,-0.15707185619851768,304,267,0.24151741567205132,0.4149708323819791
spine_l3_bmd,-0.001486514938706144,-0.002570777876279651,0.0,-0.0018453126000000264,-0.0018453126000000264,-0.001084262937573507,-0.053719488726920395,304,267,0.2517775323613942,0.4287022848315631
spine_l2_average_height,0.0005755659511513178,-0.005393598143133587,0.0,0.0,0.0,-0.005969164094284904,-0.1019024080943201,304,267,0.26016378655552796,0.437004151857319
body_spine_area,-0.30571962028060107,-0.6376841128703357,-0.007287995333333204,-0.3713282254166652,-0.36404023008333203,-0.3319644925897346,-0.0783825285088979,305,268,0.2612776146025241,0.437004151857319
body_spine_bmd,0.0012902029814207635,-0.0005327516961442832,0.0,0.0,0.0,-0.0018229546775650467,-0.09471949879605242,305,268,0.264778785410847,0.4389753547600884
femur_neck_diff_bmc,0.005597908410946094,-0.0015210009011278182,0.0,0.0,0.0,-0.007118909312073912,-0.10640759167860259,303,266,0.2750920897822655,0.45041360198835684
femur_lower_neck_mean_bmc,-0.010510773047469753,-0.014371284854448618,-0.006241680500000069,-0.008199024916666686,-0.0019573444166666176,-0.0038605118069788644,-0.08820379366540733,303,266,0.2764443271462931,0.45041360198835684
spine_l1_l3_bmc,-1.4148694949766905,-1.6110655276472445,-0.3262406677499996,-0.8619945600666674,-0.5357538923166678,-0.19619603267055408,-0.09684189374232481,281,248,0.28668708271706766,0.46310990285064774
body_head_bmc,-0.41445758692344276,-0.5618602472692171,0.0,0.0,0.0,-0.14740266034577437,-0.019245773999986462,305,268,0.2941953442164792,0.471197222209965
spine_l2_area,0.022010712633278525,-0.009144467509488146,0.0023530845000000245,0.0,-0.0023530845000000245,-0.03115518014276667,-0.13395959001832505,304,267,0.29773263888246204,0.471197222209965
femur_shaft_diff_area,-0.003835015419856984,-0.0022262606947368413,0.0,0.0,0.0,0.0016087547251201427,0.016507638297832024,303,266,0.29917283949839046,0.471197222209965
spine_l3_l4_bmc,-0.00493278062587716,-0.16334772787640456,0.0,-0.012581291999998356,-0.012581291999998356,-0.1584149472505274,-0.18208964607589734,304,267,0.30190109463659076,0.47156451972161695
femur_shaft_diff_bmc,-0.001755478666721671,0.007487485642669175,0.0,0.0,0.0,0.009242964309390846,0.08575586810282665,303,266,0.3156568934702677,0.48116745371158814
hand_grip_left,0.04065846557825633,-0.33559872780317135,-0.4166666666666667,-0.6366666793823242,-0.22000001271565756,-0.37625719338142766,-0.08749645769974279,305,270,0.3161331939643047,0.48116745371158814
spine_l1_l2_area,0.026188232438541695,-0.007529707469912667,0.006915734900000281,0.0,-0.006915734900000281,-0.03371793990845436,-0.1135474231247582,304,267,0.3167165923831131,0.48116745371158814
body_leg_right_bmd,-0.0008408724977595631,-0.0012044377300373164,0.0,-0.00019118362500000763,-0.00019118362500000763,-0.0003635652322777534,-0.03196970245115804,305,268,0.31823244293094455,0.48116745371158814
body_ribs_area,-0.8591881805913117,-1.1495303390927856,-0.5,-0.9123273221250017,-0.41232732212500167,-0.2903421585014738,-0.03262315412663395,305,268,0.3221429271237761,0.4832143906856642
femur_upper_neck_diff_bmd,0.0005091513199119914,-0.0009597311223057647,0.0,0.0,0.0,-0.0014688824422177563,-0.12714174404195458,303,266,0.32562689298203584,0.4845943525480691
spine_l2_l3_bmd,-0.0020266045298793873,-0.0037085605930711647,-8.192600000000994e-05,-0.0020000000000000018,-0.0019180739999999918,-0.0016819560631917774,-0.09221952404635837,304,267,0.3308702262473808,0.4885505684433983
femur_troch_diff_area,-0.02301090610979098,-0.008414530235401006,0.0,0.0,0.0,0.014596375874389974,0.06179269174848364,303,266,0.34070231172573273,0.49549399134392563
spine_l3_l4_bmd,0.0001790335273026299,-0.0014940118526841483,0.0,0.0,0.0,-0.0016730453799867781,-0.09929944012253324,304,267,0.3408159728820652,0.49549399134392563
femur_shaft_diff_bmd,0.00022182508701870204,-0.0008645474165413533,0.0,0.0,0.0,-0.0010863725035600554,-0.12912046432025664,303,266,0.3453892058908483,0.49740765932749176
femur_right_neck_area,0.0012004631956140488,-0.0012415303549937534,0.0,-1.6001999999737393e-05,-1.6001999999737393e-05,-0.0024419935506078023,-0.042193051016285156,304,267,0.3473958255620577,0.49740765932749176
femur_lower_neck_diff_bmc,0.00792625897161716,-0.001206262382518798,0.0,0.0,0.0,-0.009132521354135958,-0.15545084584547975,303,266,0.3642747394102267,0.517653577056638
femur_wards_diff_bmc,0.0030196612436743688,-0.0035493297529448626,0.0,0.0,0.0,-0.006568990996619232,-0.10438886035109869,303,266,0.36752928093369197,0.5183808514661775
body_total_left_bmd,-0.0017413359059016387,-0.0017638545694651732,-0.0001812657999999967,-0.001491067666666642,-0.0013098018666666453,-2.2518663563534432e-05,-0.0013833306913199766,305,268,0.37153528310819084,0.5201493963514672
femur_right_troch_bmc,-0.10750715854435305,-0.09673835278907614,-0.06901611399999985,-0.10523943133333329,-0.036223317333333435,0.010768805755276917,0.0347615788278757,304,267,0.3757733216745134,0.5222143955623753
body_total_bmd,-0.0007717046097267769,-0.0010304163635572133,0.0,-0.0004239659166666715,-0.0004239659166666715,-0.00025871175383043645,-0.023064731458223974,305,268,0.3788898780634088,0.5227020945546297
femur_left_shaft_bmd,-0.002822132751589914,-0.003475632695927316,-0.0015006790499999942,-0.002627157833333338,-0.0011264787833333437,-0.0006534999443374018,-0.05338996060364378,304,266,0.388896395758343,0.5326189767994698
height,-0.13877603916522585,-0.15633333559389467,-0.10000101725260417,-0.15833409627278644,-0.05833307902018227,-0.017557296428668823,-0.04405300924331506,305,270,0.397044939996815,0.5346192031472835
femur_left_total_bmc,-0.10742383244194074,-0.09614641933289474,-0.04409287658333394,-0.07019309908333238,-0.026100222499998438,0.011277413109046008,0.029442511037724335,304,266,0.3985181511305166,0.5346192031472835
femur_lower_neck_mean_area,-0.004306160924972502,-0.0033193897600250636,0.0,-0.001257775833333271,-0.001257775833333271,0.0009867711649474385,0.02558960205171062,303,266,0.4004896327403047,0.5346192031472835
spine_l1_area,0.006947038385910069,0.0015622268171036002,0.0,0.0,0.0,-0.005384811568806469,-0.02754588059038709,304,267,0.40167157061859393,0.5346192031472835
spine_l2_bmd,-0.0025618140262609643,-0.004949204697440697,-0.0012752762999999972,-0.00280719024999998,-0.001531913949999983,-0.0023873906711797325,-0.10813056522909872,304,267,0.40604218930137925,0.5366571592864383
femur_total_mean_area,-0.03407274032486244,-0.016770696725563937,0.0,-0.02317765024999948,-0.02317765024999948,0.017302043599298503,0.07888624142535706,303,266,0.4247035534375807,0.5574234138868247
femur_total_diff_bmd,0.00016032254460946098,-0.00043009950281954883,0.0,0.0,0.0,-0.0005904220474290098,-0.09478578094570059,303,266,0.42976654942138637,0.5601784678664967
femur_right_troch_area,-0.06475651173974781,-0.05553224141248438,-0.022375249375000017,-0.06253923649999926,-0.040163987124999245,0.009224270327263424,0.03109000927203682,304,267,0.4445116995981725,0.5754295289318808
femur_right_troch_bmd,-0.004708625112664473,-0.004442075279213484,-0.002408025874999997,-0.003741433999999999,-0.001333408125000002,0.00026654983345098925,0.022428268023153942,304,267,0.44785312761764506,0.5758111640798294
spine_l1_average_height,-0.0021466172290570238,-0.002423295577153557,0.0,0.0,0.0,-0.0002766783480965332,-0.005451292604166875,304,267,0.46772214832849945,0.5962865057627365
spine_l2_l3_average_width,0.005785157070504383,0.0014665637247191026,0.0006455682916667316,0.0,-0.0006455682916667316,-0.00431859334578528,-0.1367471955406175,304,267,0.4700883034849086,0.5962865057627365
spine_l2_l4_bmd,-0.0018349308285290624,-0.0035067967280913983,0.0,0.0,0.0,-0.0016718658995623359,-0.11811269140019222,281,248,0.4917806382298322,0.6196436041695886
body_arm_left_bmd,-0.001648750512021858,0.000404485276492536,-0.001025456833333327,-0.0003538688749999963,0.0006715879583333306,0.002053235788514394,0.06572328148110732,305,268,0.5068901866961626,0.6325381409467997
spine_l1_l4_bmd,-0.0028191727559311987,-0.004783493454435485,0.0,0.0,0.0,-0.001964320698504286,-0.1529681440845824,281,248,0.5087079228778495,0.6325381409467997
body_head_area,-0.08107806257967222,0.20959021578725118,0.0,0.0,0.0,0.2906682783669234,0.04445126381047585,305,268,0.5121219026427302,0.6326211738527843
spine_l1_l3_average_width,0.004844784721765354,0.0020628949226591726,0.0002209971250000109,0.001388079333333329,0.001167082208333318,-0.002781889799106181,-0.11812539235637286,304,267,0.5205146277652841,0.6388134068028487
femur_right_lower_neck_bmc,-0.007948341347642548,-0.012840321635393262,-0.008237932083333307,-0.010915332249999965,-0.002677400166666658,-0.0048919802877507145,-0.12054005800780859,304,267,0.5412564611803128,0.6599836849230911
femur_right_lower_neck_area,0.0007111371527412216,-0.0013566967476279718,0.0,-0.0005155622500000456,-0.0005155622500000456,-0.0020678339003691935,-0.06416807475020665,304,267,0.5480155560558271,0.6613655331906537
spine_l4_area,0.004933958929605246,-0.05100445620124843,0.0,0.0,0.0,-0.05593841513085368,-0.1173768312255334,304,267,0.5493883000578447,0.6613655331906537
spine_l3_l4_average_height,-0.009724532820339915,-0.02413357193220975,0.0,0.0,0.0,-0.014409039111869835,-0.12872305929402286,304,267,0.5573836051499772,0.6667436795781373
spine_l1_l2_average_width,0.005390570786896927,0.0033282903652309664,0.0015401540833332263,0.0002263747499999802,-0.0013137793333332461,-0.0020622804216659605,-0.09387249187709255,304,267,0.5624582882700864,0.668582493604065
femur_right_upper_neck_area,0.0004159443016447279,4.4327356054933154e-05,0.0,0.0,0.0,-0.00037161694558979474,-0.012916316661209458,304,267,0.567849705168337,0.6705161726360148
spine_l2_average_width,0.006640213029111841,0.0037152231397003734,0.0,0.0,0.0,-0.002924989889411468,-0.09680973775669736,304,267,0.5711804433566052,0.6705161726360148
spine_l1_l3_bmd,-0.0024106942976275213,-0.003454185651142473,0.0,0.0,0.0,-0.0010434913535149518,-0.07785901522417031,281,248,0.5750949736066268,0.6709441358743979
femur_lower_neck_diff_bmd,0.0007064008153465348,-0.00017967326754385953,0.0,0.0,0.0,-0.0008860740828903944,-0.07290935034995538,303,266,0.5786913853464215,0.6709979866900225
femur_left_troch_bmc,-0.06685768655542765,0.0016852852766917072,-0.015371654333333318,-0.02908329949999988,-0.013711645166666564,0.06854297183211935,0.22654644267080568,304,266,0.5827827639526826,0.6714100772196789
spine_l4_bmc,0.02932124038804824,-0.05304000664943815,0.0,0.0,0.0,-0.08236124703748639,-0.13239450081230045,304,267,0.5861516547155927,0.6714100772196789
spine_l1_average_width,0.0051409577189693014,0.0033984429245942633,7.884727500000466e-05,0.0,-7.884727500000466e-05,-0.001742514794375038,-0.06644867620877981,304,267,0.6054125875709315,0.6892950545235305
femur_neck_diff_bmd,0.0005501505254675469,-0.0003309107310150374,0.0,0.0,0.0,-0.0008810612564825843,-0.0930272843096451,303,266,0.6468798685598675,0.7320975757952991
femur_lower_neck_diff_area,0.008153539159295928,-0.0006370137845238091,0.0,6.855550000000005e-05,6.855550000000005e-05,-0.008790552943819738,-0.13629201640299898,303,266,0.66908255932691,0.7502083661359729
body_arms_bmd,-0.0016660593355191254,0.00031371928152984805,-0.0010166386000000083,-0.0005572063333333284,0.0004594322666666799,0.0019797786170489733,0.06861757029577599,305,268,0.6710726514067245,0.7502083661359729
spine_l4_bmd,0.0016829236303728048,-0.0005308628473158565,0.0,0.0,0.0,-0.0022137864776886613,-0.10697101517532098,304,267,0.6748435968858992,0.7502083661359729
femur_upper_neck_diff_area,0.005872253205060508,-0.0013117723199874687,0.0,0.0,0.0,-0.007184025525047977,-0.10712213680459662,303,266,0.6799200195860826,0.7502083661359729
body_total_right_bmd,0.00016010625404371418,-0.0002687043555348234,0.0,0.0,0.0,-0.00042881060957853756,-0.028058566084417126,305,268,0.6827293067480811,0.7502083661359729
femur_total_diff_area,-0.014580549199119906,-0.010765124686466168,0.0,0.0,0.0,0.0038154245126537385,0.01909527590738546,303,266,0.7350646159796841,0.8014064146122496
femur_troch_diff_bmd,0.00031245217799779967,7.324505827067622e-06,0.0,0.0,0.0,-0.00030512767217073203,-0.03534099375390149,303,266,0.7404674353891819,0.8014064146122496
spine_l4_average_height,-0.003987903407346498,-0.006718424475218491,0.0,0.0,0.0,-0.0027305210678719933,-0.030390569694964596,304,267,0.7420429764928237,0.8014064146122496
femur_left_troch_bmd,-0.003667257824945175,-0.00230126857105263,-0.001570375624999995,-0.002168742833333334,-0.0005983672083333391,0.0013659892538925448,0.11071946552787003,304,266,0.8027530460934758,0.8620473051799257
femur_left_total_area,-0.024097556805756513,0.01614710724736839,0.0,-0.0014140861250009351,-0.0014140861250009351,0.04024466405312491,0.1551384010142383,304,266,0.8165957390777069,0.8719581620660259
femur_troch_mean_area,-0.04892862798184818,-0.008873453150626565,-0.01038163699999961,-0.036025768333333374,-0.025644131333333764,0.04005517483122162,0.15713735033976764,303,266,0.8308778330835477,0.882224216026913
femur_neck_diff_area,0.001165983774202421,-0.002731456218671677,0.0,0.0,0.0,-0.003897439992874098,-0.06528469144988895,303,266,0.8392654750693449,0.8861518144586937
femur_wards_diff_area,0.0016508374849834992,-0.0035106865192355906,0.0,1.1915166666666652e-05,1.1915166666666652e-05,-0.005161524004219089,-0.07423342764494047,303,266,0.8520815130159245,0.8943524299498498
femur_troch_diff_bmc,-0.017439207112761278,-0.010597426808082707,0.0,0.0,0.0,0.006841780304678571,0.029220475516000023,303,266,0.856496242438745,0.8943524299498498
spine_l3_average_width,0.004978359073848686,-0.0006148048341448227,0.0,0.0,0.0,-0.0055931639079935085,-0.1302882689750657,304,267,0.8702071868464885,0.9036766940328919
body_arm_right_bmd,-0.0016423228691803283,0.00029876205149253506,0.0,-0.0004950378750000067,-0.0004950378750000067,0.0019410849206728633,0.06365824662060952,305,268,0.9057736034046306,0.9310910629774076
femur_troch_mean_bmd,-0.004200497920572058,-0.0033934615423558898,-0.0027707140000000074,-0.0030858974999999804,-0.000315183499999973,0.0008070363782161681,0.07363036730206174,303,266,0.9093790089235423,0.9310910629774076
body_trunk_right_area,-1.1009386566716939,-1.2800190103144897,-0.4020046709999974,-1.000882519374997,-0.5988778483749997,-0.17908035364279584,-0.024324700712124062,305,268,0.9113854320149228,0.9310910629774076
femur_total_diff_bmc,-0.005784220253520352,-0.013809034024624056,0.0,0.0,0.0,-0.008024813771103704,-0.029976581570884654,303,266,0.9361903538464386,0.9483435148141911
body_head_bmd,-0.002764996685683054,-0.005158886372761201,-0.0011371852499999502,-0.00030134579166662956,0.0008358394583333206,-0.0023938896870781467,-0.06759866053465491,305,268,0.9383081337050462,0.9483435148141911
femur_left_lower_neck_area,-0.009409712312061402,-0.005072095194110278,-0.000486616625000047,-0.0008245259583333404,-0.00033790933333329343,0.004337617117951124,0.0662692170320033,304,266,0.9753713049040963,0.9805594501429479
femur_troch_mean_bmc,-0.08754056036254125,-0.04846056574561403,-0.0443701514999999,-0.06034045149999996,-0.015970300000000062,0.03907999461692722,0.14312975847989673,303,266,0.9985714233767033,0.9985714233767033
